image_id,fold,final_label,source_dataset,source_group,source_relative_path,source_filename,prepared_relative_path,split_relative_path,sha256,md5,size_bytes,extension,sample_type,attack_family,attack_name
img_00012915,fold_1,non_weapon,03_google_scraped,google,,,images/img_00012915.jpg,datasets/splits/clean/fold_1/non_weapon/img_00012915.jpg,0376e7b85a55f27a1e7144b26607a7d888936b806ca01e642a7829a0f8118acf,6b4f0d44c45f5a2152f81b31b6e22556,466138,.jpg,clean,none,clean
img_00012922,fold_1,non_weapon,03_google_scraped,google,,,images/img_00012922.jpg,datasets/splits/clean/fold_1/non_weapon/img_00012922.jpg,29495f52ef4c878c4974db2e904c89e3e1b2bf066c1d686f703973ab1362883f,3773d350fb78b5d94c5e0e1ab0afd2ca,45990,.jpg,clean,none,clean
img_00013086,fold_1,non_weapon,03_google_scraped,google,,,images/img_00013086.jpg,datasets/splits/clean/fold_1/non_weapon/img_00013086.jpg,3eedc6d4b9f9be3ce53a9a7ed5df444d963d62e771c677d30f0791252bf44fb8,b03b77542816ad43eb9525329fb53db4,207893,.jpg,clean,none,clean
img_00013088,fold_1,non_weapon,03_google_scraped,google,,,images/img_00013088.jpg,datasets/splits/clean/fold_1/non_weapon/img_00013088.jpg,ba628fd0953040e5c131844c8d0d95bde1cfe5ac0f91ffd3ecf5427b7e9dfbfd,885b247b651a46bb7286d31cf25f8d92,44220,.jpg,clean,none,clean
img_00013098,fold_1,non_weapon,03_google_scraped,google,,,images/img_00013098.jpg,datasets/splits/clean/fold_1/non_weapon/img_00013098.jpg,3254c1867c966a96067e7049b3d7cdf4fc2e7d7a02126024a2940e2ac4cc29c3,eb60302686a8e4ca3731a2d8e02d9825,19084,.jpg,clean,none,clean
img_00013102,fold_1,non_weapon,03_google_scraped,google,,,images/img_00013102.jpg,datasets/splits/clean/fold_1/non_weapon/img_00013102.jpg,a0b37e6407779e65acd8227da0e537a1fdea4d5a3cd72a095236e180adb29082,4eb7f3020961fdb0d6f156bc60908595,68537,.jpg,clean,none,clean
img_00013494,fold_1,non_weapon,04_telegram_youtube,telegram_youtube,,,images/img_00013494.jpg,datasets/splits/clean/fold_1/non_weapon/img_00013494.jpg,65f9d5746f02cdca89e91ba2b5fe3eadeca3575e0375f25aad04cfc888ac31d0,abece1181f0038d18a3a13692fe16a70,98328,.jpg,clean,none,clean
img_00013495,fold_1,non_weapon,04_telegram_youtube,telegram_youtube,,,images/img_00013495.jpg,datasets/splits/clean/fold_1/non_weapon/img_00013495.jpg,cb15ee1589d42247c35911ae203808925e6d9ce2947f45ddb4c643f6d40b6c0a,de1eeab3c54e695692edbc0a38fd171d,70203,.jpg,clean,none,clean
img_00013559,fold_1,non_weapon,04_telegram_youtube,telegram_youtube,,,images/img_00013559.jpg,datasets/splits/clean/fold_1/non_weapon/img_00013559.jpg,df290a5954444c3f70070f7a7ad59454913198bbe81153b779f6d9ccec9c1a51,2a36c06c2cc383870f8185dd7ea3d019,102002,.jpg,clean,none,clean
img_00013614,fold_1,non_weapon,04_telegram_youtube,telegram_youtube,,,images/img_00013614.jpg,datasets/splits/clean/fold_1/non_weapon/img_00013614.jpg,37ada87f72c7005e37edd8ccb95d4dcbc2a55753f970ce68c96288cf360f8141,ee317dd0beae7c4adb610d2bdcc430bd,80127,.jpg,clean,none,clean
img_00013615,fold_1,non_weapon,04_telegram_youtube,telegram_youtube,,,images/img_00013615.jpg,datasets/splits/clean/fold_1/non_weapon/img_00013615.jpg,67238c60be16c2a2b9c90564c27d9f4007de9abb030f2a7d1f601a45ba9b337c,2c9850e81ec33029c4ea279a61247105,80067,.jpg,clean,none,clean
img_00013698,fold_1,non_weapon,04_telegram_youtube,telegram_youtube,,,images/img_00013698.jpg,datasets/splits/clean/fold_1/non_weapon/img_00013698.jpg,c2245322454f66acdf488ece6c213cbdd4178420baeccd25cc4d1e28791aa6cc,2485001f91b446c245901ee2d6ed2029,266528,.jpg,clean,none,clean
img_00013803,fold_1,non_weapon,04_telegram_youtube,telegram_youtube,,,images/img_00013803.jpg,datasets/splits/clean/fold_1/non_weapon/img_00013803.jpg,150b4f40042904e82705494002aeca677b49b3d62a9342f9db1af27695f27da5,2981fbea279e8bb3406cd33407cc6e54,122082,.jpg,clean,none,clean
img_00013869,fold_1,non_weapon,04_telegram_youtube,telegram_youtube,,,images/img_00013869.jpg,datasets/splits/clean/fold_1/non_weapon/img_00013869.jpg,1b3a7902f6f6f96e866ba4f81ef7f8cafb5191a187005bd17b0a6ec7aefc72fd,cadd5399d0c4154e235215e3b64a0e82,39212,.jpg,clean,none,clean
img_00013870,fold_1,non_weapon,04_telegram_youtube,telegram_youtube,,,images/img_00013870.jpg,datasets/splits/clean/fold_1/non_weapon/img_00013870.jpg,c06cf9da5062ca7be1f40fe0d79bea3ef6e127ee4aa36286e00c85b5f9491f49,cf18ec89cf0d0baf77d1334b88f653c6,161694,.jpg,clean,none,clean
img_00014149,fold_1,non_weapon,04_telegram_youtube,telegram_youtube,,,images/img_00014149.jpg,datasets/splits/clean/fold_1/non_weapon/img_00014149.jpg,c24a892b1c3a48deb44167057b85bb1b0bedf0d01216126450120bc67ce18e25,d2c6c17baeebf74c443eac68448568b9,152453,.jpg,clean,none,clean
img_00014184,fold_1,non_weapon,04_telegram_youtube,telegram_youtube,,,images/img_00014184.jpg,datasets/splits/clean/fold_1/non_weapon/img_00014184.jpg,ea74e773166363235e341652c925d0aa8f310c4c757910047898f930d3cd3633,8715afaec3080de3d2ccff5d0e2e1a0e,67712,.jpg,clean,none,clean
img_00014190,fold_1,non_weapon,04_telegram_youtube,telegram_youtube,,,images/img_00014190.jpg,datasets/splits/clean/fold_1/non_weapon/img_00014190.jpg,c9e752f5f7ea54bfdc4f21a9b154f6b945fbd562db96199642a1154d6fffe4f3,86c90ee4fecdac1ee3ad02ee38dca0d6,18518,.jpg,clean,none,clean
img_00014436,fold_1,non_weapon,05_deepweb,deepweb,,,images/img_00014436.jpeg,datasets/splits/clean/fold_1/non_weapon/img_00014436.jpeg,ed426c88b71ee65913602eb323d23dd9f32a1f10a4167b52db6b940c327e6de7,debfb38f48e856ea1de313bde0c0f6f5,103302,.jpeg,clean,none,clean
img_00014450,fold_1,non_weapon,05_deepweb,deepweb,,,images/img_00014450.png,datasets/splits/clean/fold_1/non_weapon/img_00014450.png,4344f4767ba1d3294bb4ea3e919189a76dbce937469e5da6cc1196eead512beb,00aae0222fe7f27050cbdaaaad79f533,36823,.png,clean,none,clean
img_00014463,fold_1,non_weapon,05_deepweb,deepweb,,,images/img_00014463.jpeg,datasets/splits/clean/fold_1/non_weapon/img_00014463.jpeg,10b63e7ce3d64bffb5065b3b64031a83cfeb88fbdb8b7873e2cdea30b8349a12,0a2e8360bfbd38360378017d131de233,119437,.jpeg,clean,none,clean
img_00014465,fold_1,non_weapon,05_deepweb,deepweb,,,images/img_00014465.jpeg,datasets/splits/clean/fold_1/non_weapon/img_00014465.jpeg,b8608f9b61709cebe5de0fc020c26b05dd3cc63abbca706f407bec110b42a452,0a974353fb81eb1fe96f63ed5065ae53,45110,.jpeg,clean,none,clean
img_00014478,fold_1,non_weapon,05_deepweb,deepweb,,,images/img_00014478.jpeg,datasets/splits/clean/fold_1/non_weapon/img_00014478.jpeg,fda02ad4e361c74930274b7cce6984571522ea0fdc52dd786ded825b87b44f6c,129ce34154212850119344f7df405611,15474,.jpeg,clean,none,clean
img_00014494,fold_1,non_weapon,05_deepweb,deepweb,,,images/img_00014494.jpeg,datasets/splits/clean/fold_1/non_weapon/img_00014494.jpeg,8cf2a3b4d380f2a491a5c1129769e6f4aaf105decdfaedaa4bb12118d41f6cd4,1b4d80a56123ea5025f8758c70390c82,53236,.jpeg,clean,none,clean
img_00014507,fold_1,non_weapon,05_deepweb,deepweb,,,images/img_00014507.webp,datasets/splits/clean/fold_1/non_weapon/img_00014507.webp,f922bf86352285de11465dac2b5d31d2059d57f17472eac0c132070b2afc7adc,21cc77de71c84337d62e3497cf628e0e,9286,.webp,clean,none,clean
img_00014543,fold_1,non_weapon,05_deepweb,deepweb,,,images/img_00014543.webp,datasets/splits/clean/fold_1/non_weapon/img_00014543.webp,04b715b4c503752b0d961beb5d74cb8d06683b1672e4279770774ee41e248522,35dce455de1e39afafcf17ba3adcea6c,16302,.webp,clean,none,clean
img_00014545,fold_1,non_weapon,05_deepweb,deepweb,,,images/img_00014545.webp,datasets/splits/clean/fold_1/non_weapon/img_00014545.webp,df227edbfdcdee95896d00908f40f53b3248b352eb729bb83074bd713adca0c1,37feb0a42551d9622f0cd8e567222016,4098,.webp,clean,none,clean
img_00014592,fold_1,non_weapon,05_deepweb,deepweb,,,images/img_00014592.jpeg,datasets/splits/clean/fold_1/non_weapon/img_00014592.jpeg,15516d8f98095ed62eeb717f83a53138aad4968ef785826211f57eb880f68394,501730edf6b5778f013e0277a3ff2873,1044175,.jpeg,clean,none,clean
img_00014593,fold_1,non_weapon,05_deepweb,deepweb,,,images/img_00014593.jpeg,datasets/splits/clean/fold_1/non_weapon/img_00014593.jpeg,b1ddcecfa3a1cfd23868d7ac03e611ec1a82f9e9b9d8242d2db7546f70915f6a,50a1483331ac1d4bdd7fc89a7907b296,12184,.jpeg,clean,none,clean
img_00014599,fold_1,non_weapon,05_deepweb,deepweb,,,images/img_00014599.jpeg,datasets/splits/clean/fold_1/non_weapon/img_00014599.jpeg,c7a1c9b582f1cb0fd6906d680ad1cde3c104211530f9bfd06ec3922d95f4f4d3,53a4795a6823c129081bda0779683f5a,6326,.jpeg,clean,none,clean
img_00014608,fold_1,non_weapon,05_deepweb,deepweb,,,images/img_00014608.jpeg,datasets/splits/clean/fold_1/non_weapon/img_00014608.jpeg,e1f4de3c9a20716b5bd980f6131171284bc149494994a6ef11ca3d6dc4bfbb8d,58971f93302fe984f6d88d34f8ce38ab,19714,.jpeg,clean,none,clean
img_00014610,fold_1,non_weapon,05_deepweb,deepweb,,,images/img_00014610.webp,datasets/splits/clean/fold_1/non_weapon/img_00014610.webp,a8a8e42ea5f3777da9c0f5a86ebbaf16bc0906297bdf6aa0a86293ed7f94976c,59f32964c0201ca494e65a77b07d115f,8358,.webp,clean,none,clean
img_00014616,fold_1,non_weapon,05_deepweb,deepweb,,,images/img_00014616.png,datasets/splits/clean/fold_1/non_weapon/img_00014616.png,82ca0bd139e00a4ecd228839230369f6827cbeafd949a8d8f1289b157df680bc,5c2360a6b8f96eed3afa2759459b8e1c,24266,.png,clean,none,clean
img_00014629,fold_1,non_weapon,05_deepweb,deepweb,,,images/img_00014629.png,datasets/splits/clean/fold_1/non_weapon/img_00014629.png,2678b465f3595dfdbd0663f8a03fe7ffdb2198312bfae7ac9c20777a4eeed22b,64618c24790e5732ec8d61b30d805089,64020,.png,clean,none,clean
img_00014632,fold_1,non_weapon,05_deepweb,deepweb,,,images/img_00014632.png,datasets/splits/clean/fold_1/non_weapon/img_00014632.png,e70010128c82bdfe54663b06f9885ff8c13287a4249858b989c9a4d1c3c599a0,6551960cf334598319b78ac4ec86f9b1,128038,.png,clean,none,clean
img_00014644,fold_1,non_weapon,05_deepweb,deepweb,,,images/img_00014644.png,datasets/splits/clean/fold_1/non_weapon/img_00014644.png,e8a52ced3a08c542ddf6dcba19dc5b0f15e1f795dfa49fc28d35a724ad95b119,698748c43245cce1b0b7e2f862497783,208695,.png,clean,none,clean
img_00014653,fold_1,non_weapon,05_deepweb,deepweb,,,images/img_00014653.jpeg,datasets/splits/clean/fold_1/non_weapon/img_00014653.jpeg,a7c0e11bd2bdd953bce483ff6c4b14739d9a4bb4ce7a96b562bd7b270a37d44f,70a6d9d0bd6b26680754e977f9c00ad3,116524,.jpeg,clean,none,clean
img_00014657,fold_1,non_weapon,05_deepweb,deepweb,,,images/img_00014657.jpeg,datasets/splits/clean/fold_1/non_weapon/img_00014657.jpeg,4d182dca19276c8f7c289cdd0d340a6e5c5477f978b38b9d656245db1c0344bc,717587b90dbec319c8bb307aa9bca1fa,9400,.jpeg,clean,none,clean
img_00014661,fold_1,non_weapon,05_deepweb,deepweb,,,images/img_00014661.jpeg,datasets/splits/clean/fold_1/non_weapon/img_00014661.jpeg,80255e5ba44096ea7a3da3b79490018d168b76ebe84edc92399bab03b398f2bb,73f69e6ebfabe74e4345db18a2838350,23933,.jpeg,clean,none,clean
img_00014670,fold_1,non_weapon,05_deepweb,deepweb,,,images/img_00014670.png,datasets/splits/clean/fold_1/non_weapon/img_00014670.png,7fba0229cd62cbed6e4de8a1bb740e8d1317cfb1d4b57b5a81440c2f037f2869,77e980feaa768f6d0bbb289a98e85b1b,830132,.png,clean,none,clean
img_00014672,fold_1,non_weapon,05_deepweb,deepweb,,,images/img_00014672.jpeg,datasets/splits/clean/fold_1/non_weapon/img_00014672.jpeg,81c49b1f9fc00c9c80d619628096305d0d918f123e4b46080230d2884b1e6d70,7973b86e071e1ea4425d49e03e6eb26b,19045,.jpeg,clean,none,clean
img_00014681,fold_1,non_weapon,05_deepweb,deepweb,,,images/img_00014681.png,datasets/splits/clean/fold_1/non_weapon/img_00014681.png,61ebccfaff1b6d26be94004e78958255dbf4ec1a836fad9856a793ba27356ddd,7e29c78cd5541aca2c6615ea553458a3,90518,.png,clean,none,clean
img_00014692,fold_1,non_weapon,05_deepweb,deepweb,,,images/img_00014692.png,datasets/splits/clean/fold_1/non_weapon/img_00014692.png,013d93a0d788d1b2da99208d5d26a0bd27de0254f6724cb00ff35db076312c15,84646493ca4ece0440de9d3f32be1822,5733,.png,clean,none,clean
img_00014695,fold_1,non_weapon,05_deepweb,deepweb,,,images/img_00014695.png,datasets/splits/clean/fold_1/non_weapon/img_00014695.png,a5bf9ebd1323124e0270bb34af90dc12945fe9a216e763b8565bff3169904b7f,84eba3a839ef39077a4f7abade6e7e6d,35200,.png,clean,none,clean
img_00014712,fold_1,non_weapon,05_deepweb,deepweb,,,images/img_00014712.jpeg,datasets/splits/clean/fold_1/non_weapon/img_00014712.jpeg,9ae14c3f0deb4b3a748f21c6410d993fe4367be9cb5eb55419ab3fbd24564fa3,8fe348ccfc60c248ea7ba4b7c973cd81,156861,.jpeg,clean,none,clean
img_00014736,fold_1,non_weapon,05_deepweb,deepweb,,,images/img_00014736.jpeg,datasets/splits/clean/fold_1/non_weapon/img_00014736.jpeg,ada2f08864e62564ee402d812f22f609602cf20199fc8068ee08dc705e51a8ee,9ca73e23d2c86333fee06fb53ac8450a,30996,.jpeg,clean,none,clean
img_00014747,fold_1,non_weapon,05_deepweb,deepweb,,,images/img_00014747.jpeg,datasets/splits/clean/fold_1/non_weapon/img_00014747.jpeg,2420eb8c7d2579cc4fa36cdcb9de1def0e440580777b8846a60a0fcd7f82d8f6,a0efb96f676341bf52df86401e03f2db,16381,.jpeg,clean,none,clean
img_00014760,fold_1,non_weapon,05_deepweb,deepweb,,,images/img_00014760.png,datasets/splits/clean/fold_1/non_weapon/img_00014760.png,d492667088446399c6a98654023206d3d1ac4a5045cd895af85e2ce066ade11b,a8bcdcd855c01fac1603f946d84b83dc,65407,.png,clean,none,clean
img_00014790,fold_1,non_weapon,05_deepweb,deepweb,,,images/img_00014790.png,datasets/splits/clean/fold_1/non_weapon/img_00014790.png,91a3e15ab32dc3186fb0cd5ebd84b5efa027054e550760e4037748c0e47f93a1,b6316bfa6d11059be240457d249fac5a,10440,.png,clean,none,clean
img_00014791,fold_1,non_weapon,05_deepweb,deepweb,,,images/img_00014791.png,datasets/splits/clean/fold_1/non_weapon/img_00014791.png,2a29fbd47376fd562fbdb830735a64b19f7f012b971d2ac6988180f704b0e84b,b6ab3c4c16272fd37dd05585142cc8c6,300113,.png,clean,none,clean
img_00014792,fold_1,non_weapon,05_deepweb,deepweb,,,images/img_00014792.jpeg,datasets/splits/clean/fold_1/non_weapon/img_00014792.jpeg,f7ec288c3671acb7eda75297f02572297220237da8ec82fa525f58e8719a3558,b6b0bb3d2b03f45c694777bad8e0a107,14748,.jpeg,clean,none,clean
img_00014795,fold_1,non_weapon,05_deepweb,deepweb,,,images/img_00014795.jpeg,datasets/splits/clean/fold_1/non_weapon/img_00014795.jpeg,0d22501f273ec4de3746cf34aebcbcc4a5c7caab1b40bbb3f404b8542d939b60,b8763a491c05a966e389d7a430ecfb50,22711,.jpeg,clean,none,clean
img_00014803,fold_1,non_weapon,05_deepweb,deepweb,,,images/img_00014803.jpeg,datasets/splits/clean/fold_1/non_weapon/img_00014803.jpeg,abffa53b8f426814dc3e0ba7d73fc446a60525309e7970370a548186a375bc6d,bc4b4ebb2ba3b08993cbad6bc8157727,22401,.jpeg,clean,none,clean
img_00014827,fold_1,non_weapon,05_deepweb,deepweb,,,images/img_00014827.jpeg,datasets/splits/clean/fold_1/non_weapon/img_00014827.jpeg,c6f4342491eb94eaf7af6ecee5e395347705ecf9b3ee13cf384b0e9c7bf9f519,c3df96088e3121a6528b4cf48b9a6b9b,49158,.jpeg,clean,none,clean
img_00014838,fold_1,non_weapon,05_deepweb,deepweb,,,images/img_00014838.png,datasets/splits/clean/fold_1/non_weapon/img_00014838.png,da8d6d364f5c9701fb04b9684a2b66496438eb3c2d7e5d92b43ae4a06f4ea889,c9bb844b58a5ad4958fd16207df7144f,122998,.png,clean,none,clean
img_00014857,fold_1,non_weapon,05_deepweb,deepweb,,,images/img_00014857.jpeg,datasets/splits/clean/fold_1/non_weapon/img_00014857.jpeg,e42b4c2e996bd038193af42f21c976701732f90f20b7207f54daa81e35b03a8c,d303e6b0fbef8b8ec305da6078d1c6d5,27675,.jpeg,clean,none,clean
img_00014875,fold_1,non_weapon,05_deepweb,deepweb,,,images/img_00014875.png,datasets/splits/clean/fold_1/non_weapon/img_00014875.png,99c8901f2546486effb50ff2b661949e00591531591478fb48a144b05ac6f290,df687d7728ddc763a2d037c250131cbf,52545,.png,clean,none,clean
img_00014879,fold_1,non_weapon,05_deepweb,deepweb,,,images/img_00014879.jpeg,datasets/splits/clean/fold_1/non_weapon/img_00014879.jpeg,0a5027f4ff9e1167e3920e48e1eafa2279fcd9de05b6457b2f47eaa8bc5c02f7,e11ff34378323c3ba8a164508573bd06,27514,.jpeg,clean,none,clean
img_00014880,fold_1,non_weapon,05_deepweb,deepweb,,,images/img_00014880.jpeg,datasets/splits/clean/fold_1/non_weapon/img_00014880.jpeg,66a2eaad7b001b283f4eb3e711c03342e730dae86b8b6fe38b0da5c98b50b905,e15dba6dbda259be80b35a31a9bb55e8,11660,.jpeg,clean,none,clean
img_00014886,fold_1,non_weapon,05_deepweb,deepweb,,,images/img_00014886.png,datasets/splits/clean/fold_1/non_weapon/img_00014886.png,f7a342401065e970a7c92734cee1b642cdfcd3231f88cc4beef9cf8cdaabb3ab,e3dd67933d70e216e78ecacd5087b34c,135077,.png,clean,none,clean
img_00014887,fold_1,non_weapon,05_deepweb,deepweb,,,images/img_00014887.jpeg,datasets/splits/clean/fold_1/non_weapon/img_00014887.jpeg,339998c1e73783b9b9203206ae30a92dd51afd3ae587f06895688f0db0764163,e4d91ad94f0ff1984c93d8155a9f5176,35547,.jpeg,clean,none,clean
img_00014889,fold_1,non_weapon,05_deepweb,deepweb,,,images/img_00014889.png,datasets/splits/clean/fold_1/non_weapon/img_00014889.png,6e78ac70f8db7dd777ea6a1ddc265a8c10f99ee04b088cebb5c3a1d997adcd2a,e5431cf6d10e7a898cbbfe01c429a407,3960,.png,clean,none,clean
img_00014892,fold_1,non_weapon,05_deepweb,deepweb,,,images/img_00014892.jpeg,datasets/splits/clean/fold_1/non_weapon/img_00014892.jpeg,d15d47b511a5b0b7d9aec6e1d40d199b3ec2457df0bcd4879e1c610ac1930b53,e6c0dba06aa9833df970771d7c301cbf,26710,.jpeg,clean,none,clean
img_00014904,fold_1,non_weapon,05_deepweb,deepweb,,,images/img_00014904.jpeg,datasets/splits/clean/fold_1/non_weapon/img_00014904.jpeg,0bd1c45251dbe28f3492f7600f37ed7d1c4b1762d4c5bf986ee1468bf9febda5,ee330e1cdec8d3b2595dfd220a04de84,131808,.jpeg,clean,none,clean
img_00014913,fold_1,non_weapon,05_deepweb,deepweb,,,images/img_00014913.jpeg,datasets/splits/clean/fold_1/non_weapon/img_00014913.jpeg,b5399aa959900ec3b4c841e491ae22d4f1b5c02486109281c89a35d1ea4c9ab4,f4e0b01e3a3adb46df7904a65b210b1a,26177,.jpeg,clean,none,clean
img_00014918,fold_1,non_weapon,05_deepweb,deepweb,,,images/img_00014918.jpeg,datasets/splits/clean/fold_1/non_weapon/img_00014918.jpeg,a470894613329190fd1d7a8259bd8d0faa7316f5cf912ecca29ac1a56b8e8603,f754275115142de553578c3c503eac4e,15408,.jpeg,clean,none,clean
img_00014920,fold_1,non_weapon,05_deepweb,deepweb,,,images/img_00014920.jpeg,datasets/splits/clean/fold_1/non_weapon/img_00014920.jpeg,3c7317371b5d44c9876fcac6994b91288c9f0b630b6b0622fe0f662d58a2c5f0,f8700e7c244981755d9c54cacf2fde7e,30516,.jpeg,clean,none,clean
img_00014934,fold_1,non_weapon,05_deepweb,deepweb,,,images/img_00014934.jpeg,datasets/splits/clean/fold_1/non_weapon/img_00014934.jpeg,d6c365f107784011255222d6cd749eb5feaa6c7ecdb3e0ec89362988702ab504,00265c30965ae2219c85ec420e6b6c44,36582,.jpeg,clean,none,clean
img_00014936,fold_1,non_weapon,05_deepweb,deepweb,,,images/img_00014936.webp,datasets/splits/clean/fold_1/non_weapon/img_00014936.webp,3fe9ea3a70b69618e5710fe17453f13687e1fb4cd2c4d96fbb566a515b4c3f56,029ae1df1728cf18ced5bc94d62b7d9b,3700,.webp,clean,none,clean
img_00014948,fold_1,non_weapon,05_deepweb,deepweb,,,images/img_00014948.jpeg,datasets/splits/clean/fold_1/non_weapon/img_00014948.jpeg,6d90f2c4c7f51033cbfe129ac1b3d5cc822ea9583876c54676bf6316629fa834,0a091ddfc4473914483cb7d421bbe827,31044,.jpeg,clean,none,clean
img_00014959,fold_1,non_weapon,05_deepweb,deepweb,,,images/img_00014959.png,datasets/splits/clean/fold_1/non_weapon/img_00014959.png,2a797bf37e00faaade47aa8b804482a76e18df5b516cf583752685e4c9ddf55b,11dfaad1deed78e866acb791069e851a,107416,.png,clean,none,clean
img_00014962,fold_1,non_weapon,05_deepweb,deepweb,,,images/img_00014962.jpeg,datasets/splits/clean/fold_1/non_weapon/img_00014962.jpeg,3e4617f0d31ab17a41d6e4a98bbe3361d22263fd8b0acd83d1079640228069b2,14446eaf1300d3aadbc3bab8e75db65b,26819,.jpeg,clean,none,clean
img_00014978,fold_1,non_weapon,05_deepweb,deepweb,,,images/img_00014978.jpeg,datasets/splits/clean/fold_1/non_weapon/img_00014978.jpeg,09b1fac729806dafc50f37a0c8246c29772d326df9af0d33433cf500e9cb12fd,1cdf1d0008411d4c609e5aa2b0c79424,70400,.jpeg,clean,none,clean
img_00015010,fold_1,non_weapon,05_deepweb,deepweb,,,images/img_00015010.jpeg,datasets/splits/clean/fold_1/non_weapon/img_00015010.jpeg,eb50cbab4f63d5558ae40df1615954c9b9bead1161363e5adba267d30299ecee,37530fa006f23a78b2ac61299ae99b6c,15719,.jpeg,clean,none,clean
img_00015016,fold_1,non_weapon,05_deepweb,deepweb,,,images/img_00015016.jpeg,datasets/splits/clean/fold_1/non_weapon/img_00015016.jpeg,88a336b285345c4bf54c73d96d1137ea4996e3f1cc9c35f52211448012b0a87e,3ad14d2834ae7f04cc3de5421e035742,64399,.jpeg,clean,none,clean
img_00015024,fold_1,non_weapon,05_deepweb,deepweb,,,images/img_00015024.png,datasets/splits/clean/fold_1/non_weapon/img_00015024.png,8fe53c48c721495d8608333da993d677ab555046eb0fec9dedbf22568753fd48,3e017e89c7628621ea429b9a23745d1b,295638,.png,clean,none,clean
img_00015042,fold_1,non_weapon,05_deepweb,deepweb,,,images/img_00015042.jpeg,datasets/splits/clean/fold_1/non_weapon/img_00015042.jpeg,21dd31cfccb6cedd8af39a9a451cda62a34efa3997119ba0808d8412df0479a8,4901c47dfd8e6a1655395870ee92c604,36573,.jpeg,clean,none,clean
img_00015068,fold_1,non_weapon,05_deepweb,deepweb,,,images/img_00015068.png,datasets/splits/clean/fold_1/non_weapon/img_00015068.png,9649a24d7730dcfe831d0985cb064cfd84a67773038e02a1b3527115f62aeb08,5bd9c762259e3e7abdccf77da27c8e49,125635,.png,clean,none,clean
img_00015084,fold_1,non_weapon,05_deepweb,deepweb,,,images/img_00015084.png,datasets/splits/clean/fold_1/non_weapon/img_00015084.png,2f074a405767ff009cc35e6c99f588905b24b80e67479db36e6ebde0e3df0dce,645f4f82badbba9be63351db8400041b,125909,.png,clean,none,clean
img_00015108,fold_1,non_weapon,05_deepweb,deepweb,,,images/img_00015108.webp,datasets/splits/clean/fold_1/non_weapon/img_00015108.webp,0674e365b5bcb3fd5f9be0ca2829be0d4ec3b374c37dd5d5ae4d89cf64741609,719998a1b455590cda05b0472ff50395,5614,.webp,clean,none,clean
img_00015120,fold_1,non_weapon,05_deepweb,deepweb,,,images/img_00015120.png,datasets/splits/clean/fold_1/non_weapon/img_00015120.png,b4cc6a44473580411cc08365a136ed49c9e2a7310f280a005ffd44e765e5eb10,7ab93e1f9d034bd71d4952c35bc37d57,107484,.png,clean,none,clean
img_00015137,fold_1,non_weapon,05_deepweb,deepweb,,,images/img_00015137.jpeg,datasets/splits/clean/fold_1/non_weapon/img_00015137.jpeg,83ca925e98a4708228500b8e8e5fa5f477b4141557f38b5e35d4cf3b936f13f6,84046f62881902e1978d357901a7b3ce,23602,.jpeg,clean,none,clean
img_00015151,fold_1,non_weapon,05_deepweb,deepweb,,,images/img_00015151.png,datasets/splits/clean/fold_1/non_weapon/img_00015151.png,9cc6762ea46288e24bb5594bf6347186044fd8940b65bbd01af6c41e08e00e90,89a985b62b87d5e69df861c42c250a15,123615,.png,clean,none,clean
img_00015157,fold_1,non_weapon,05_deepweb,deepweb,,,images/img_00015157.jpeg,datasets/splits/clean/fold_1/non_weapon/img_00015157.jpeg,0d45c855dcb6aaf4324263c6f170585385b1278e7f5166ebbbd6076789dff209,8f45e8413905477c7d738d428768d2d4,21014,.jpeg,clean,none,clean
img_00015159,fold_1,non_weapon,05_deepweb,deepweb,,,images/img_00015159.png,datasets/splits/clean/fold_1/non_weapon/img_00015159.png,a7dca23562667e4cadae9a02ba3d77733b56a74ea5c88ba1e9b16bb3f1d5af78,91ba28d28b67f68ab05e49372b531bdc,359207,.png,clean,none,clean
img_00015169,fold_1,non_weapon,05_deepweb,deepweb,,,images/img_00015169.jpeg,datasets/splits/clean/fold_1/non_weapon/img_00015169.jpeg,67dc57e42e0636006bda822cd1c2f9ad70582fb4b9cb97753ba37b0cb9190957,975ddc14548c7b0d812d6c0ece7cc9c7,31468,.jpeg,clean,none,clean
img_00015176,fold_1,non_weapon,05_deepweb,deepweb,,,images/img_00015176.jpeg,datasets/splits/clean/fold_1/non_weapon/img_00015176.jpeg,e0a694a49abd14b05a616bc8dff7bb0877afa42731c01d181739793fab636bde,9cf4ce6651c04fa084b10ac52243b1b8,546551,.jpeg,clean,none,clean
img_00015184,fold_1,non_weapon,05_deepweb,deepweb,,,images/img_00015184.png,datasets/splits/clean/fold_1/non_weapon/img_00015184.png,5b8f6b100eecd63e320ef2fea61cd240e36b1854662906c62df44eda9d4ce2a9,9fdc031c1b9ecd70f3f620958594047f,125858,.png,clean,none,clean
img_00015187,fold_1,non_weapon,05_deepweb,deepweb,,,images/img_00015187.png,datasets/splits/clean/fold_1/non_weapon/img_00015187.png,ad7cd8b4b8a00fd582f18d9da74baa4fdf6487419a7bc13a03e81f187f286aa6,a235057e85113470b7f047ffa07504ef,106316,.png,clean,none,clean
img_00015190,fold_1,non_weapon,05_deepweb,deepweb,,,images/img_00015190.webp,datasets/splits/clean/fold_1/non_weapon/img_00015190.webp,61dd3ca0de6953a1f85ce6558409ab300b7c2d3e059ed5a906b4df3cea824d35,a3ca623fc9f00d32e179c43445beae36,12020,.webp,clean,none,clean
img_00015192,fold_1,non_weapon,05_deepweb,deepweb,,,images/img_00015192.jpeg,datasets/splits/clean/fold_1/non_weapon/img_00015192.jpeg,e6714a00e83b6b2c3f58fcbec60fe8e6ef1d5d7126f7ca805a9d36efc60af4c1,a4df1fe6c4ca3ecb39292185061e5f75,21122,.jpeg,clean,none,clean
img_00015199,fold_1,non_weapon,05_deepweb,deepweb,,,images/img_00015199.jpeg,datasets/splits/clean/fold_1/non_weapon/img_00015199.jpeg,def7d2b1e1028a6ad607d56118dd1de6bdad49a894289cc54be259ecf2036386,a81f5ae609d94a109467890049ceb4ac,13573,.jpeg,clean,none,clean
img_00015218,fold_1,non_weapon,05_deepweb,deepweb,,,images/img_00015218.jpeg,datasets/splits/clean/fold_1/non_weapon/img_00015218.jpeg,d3deb6ed4e502cc0eb1d144187f80f6de99cef29ed815935d59d1e8b4f8ed6b5,b74383a77cbef94d861a3f205e539331,410264,.jpeg,clean,none,clean
img_00015220,fold_1,non_weapon,05_deepweb,deepweb,,,images/img_00015220.jpeg,datasets/splits/clean/fold_1/non_weapon/img_00015220.jpeg,2f8667987454b12233a80f0baabd48f223cc5269203809ab81c60f9c03fbd5ce,b8ee8448785d123667f8abce6b223daf,421384,.jpeg,clean,none,clean
img_00015221,fold_1,non_weapon,05_deepweb,deepweb,,,images/img_00015221.jpeg,datasets/splits/clean/fold_1/non_weapon/img_00015221.jpeg,f41209914169ce9438641c544cbee1d838821020e34a367326fa627ced62c2a5,b911b9177fb66900f43d225855e03aa6,17859,.jpeg,clean,none,clean
img_00015264,fold_1,non_weapon,05_deepweb,deepweb,,,images/img_00015264.jpeg,datasets/splits/clean/fold_1/non_weapon/img_00015264.jpeg,e9dd107dd36c2e048c4284692d380018db4357a822ccf36a3c9e222d92cd39e6,d2c88d468eb8b2598b0e74d72b9021fc,19394,.jpeg,clean,none,clean
img_00015270,fold_1,non_weapon,05_deepweb,deepweb,,,images/img_00015270.png,datasets/splits/clean/fold_1/non_weapon/img_00015270.png,13c1928a8e948193462c9826c38908ad3932874c9adc82e477af74731505a0c4,d88c75facd545027c0d45893b7dc77cd,124297,.png,clean,none,clean
img_00015273,fold_1,non_weapon,05_deepweb,deepweb,,,images/img_00015273.png,datasets/splits/clean/fold_1/non_weapon/img_00015273.png,3bfa76f4f5f7bf007be107fc46f4005c7f2c29d81ec79eace9923be8e49e127a,daa284d44a663db05f8770cdeb662654,109421,.png,clean,none,clean
img_00015286,fold_1,non_weapon,05_deepweb,deepweb,,,images/img_00015286.jpeg,datasets/splits/clean/fold_1/non_weapon/img_00015286.jpeg,ffd03d372ab43c022b757e06652935315d013fd9f8edf167dc138a8aac1f035f,e6169bbeecd750aeeea41387bbaf31d7,9252,.jpeg,clean,none,clean
img_00015288,fold_1,non_weapon,05_deepweb,deepweb,,,images/img_00015288.jpeg,datasets/splits/clean/fold_1/non_weapon/img_00015288.jpeg,c407544ffc3321f3141cc65bbcef4b3f54a65a39a9d36274c881efb3b7c65986,e70c2a71353fc19c5884e4d96c33424d,24032,.jpeg,clean,none,clean
img_00000004,fold_1,weapon,01_kaggle_weapon,kaggle,,,images/img_00000004.jpg,datasets/splits/clean/fold_1/weapon/img_00000004.jpg,768d8265386d41b3bcce73ae5becccd59c425358143101e6a429dc5a7c36aaae,d3c70459207d5802bfc3518689f8b6eb,162959,.jpg,clean,none,clean
img_00000014,fold_1,weapon,01_kaggle_weapon,kaggle,,,images/img_00000014.png,datasets/splits/clean/fold_1/weapon/img_00000014.png,9e72cf191b6539dc28f205176aa14bef73d2ff9ad7f9c79765c8147be68cb147,1df5c2074836eb274b2a9728a35e90ec,201181,.png,clean,none,clean
img_00000041,fold_1,weapon,01_kaggle_weapon,kaggle,,,images/img_00000041.jpeg,datasets/splits/clean/fold_1/weapon/img_00000041.jpeg,83dbd88e9717ef1c800b2c67aa506fbf07a587f2e76d07f71c3cc81168714190,f4a185e136b2d97f9170e3d95828deeb,60342,.jpeg,clean,none,clean
img_00000128,fold_1,weapon,01_kaggle_weapon,kaggle,,,images/img_00000128.png,datasets/splits/clean/fold_1/weapon/img_00000128.png,f021bcb3e39fdedbd2212ba38b68d7b36f38a88e5f7555e86ec2a2a49ad20084,0ed77548949f1ec3e971a4d4de319bc4,128059,.png,clean,none,clean
img_00000136,fold_1,weapon,01_kaggle_weapon,kaggle,,,images/img_00000136.jpeg,datasets/splits/clean/fold_1/weapon/img_00000136.jpeg,6935212f247479338ab542412da10d41196b6e5e1f3d2636338f3b1071e8cedf,4997df25ed7b58978a17a6ab9976c759,22543,.jpeg,clean,none,clean
img_00000141,fold_1,weapon,01_kaggle_weapon,kaggle,,,images/img_00000141.png,datasets/splits/clean/fold_1/weapon/img_00000141.png,85ef98c9a91829adf033e7627ecc3b896abd218cfd4d37a01bf53819d8ffae04,d753ef25b3979a8a89066a5ead0d6b93,1280948,.png,clean,none,clean
img_00000144,fold_1,weapon,01_kaggle_weapon,kaggle,,,images/img_00000144.jpeg,datasets/splits/clean/fold_1/weapon/img_00000144.jpeg,3791ef269518187993b2487000d4edbfe1a1746568d3ba1f813a955b4c95fb18,4d15f4cc99e727aa7838200204b7ba71,27333,.jpeg,clean,none,clean
img_00000148,fold_1,weapon,01_kaggle_weapon,kaggle,,,images/img_00000148.jpeg,datasets/splits/clean/fold_1/weapon/img_00000148.jpeg,f1486d51407b5248f3fbcfcf7ec09721bb0125d5f7269ddddcf5787e9acb2734,7baf75d78cd9cd51e4b64c4965c93123,31522,.jpeg,clean,none,clean
img_00000159,fold_1,weapon,01_kaggle_weapon,kaggle,,,images/img_00000159.jpeg,datasets/splits/clean/fold_1/weapon/img_00000159.jpeg,0e1f75723decd3a587ae34be218a2396b5d7ff48d52a94c1a084edac890361df,f25db70e3b62e03c9ccc61b26b7390f8,222718,.jpeg,clean,none,clean
img_00000219,fold_1,weapon,01_kaggle_weapon,kaggle,,,images/img_00000219.jpeg,datasets/splits/clean/fold_1/weapon/img_00000219.jpeg,dbec6e62b1978891632993a467937cdc9a59e08567fd037c1ade97d30d98aa4e,1412508290d739f194302b5b7714be39,33885,.jpeg,clean,none,clean
img_00000220,fold_1,weapon,01_kaggle_weapon,kaggle,,,images/img_00000220.jpeg,datasets/splits/clean/fold_1/weapon/img_00000220.jpeg,6350710988c99f6128f8b05a90112d24e46172a2a897c2e925745906dc8dc050,30cd4c719ad87bb449b1a56e9c332b95,35326,.jpeg,clean,none,clean
img_00000225,fold_1,weapon,01_kaggle_weapon,kaggle,,,images/img_00000225.jpeg,datasets/splits/clean/fold_1/weapon/img_00000225.jpeg,6f71ab535b8ebf9fc9f67aca862bad05944c7102d2fc982b32d8d549618e4c61,ca71cc6e526a5d238e8053783ba42af7,117461,.jpeg,clean,none,clean
img_00000226,fold_1,weapon,01_kaggle_weapon,kaggle,,,images/img_00000226.jpeg,datasets/splits/clean/fold_1/weapon/img_00000226.jpeg,11a1e29931a3851efdce39815edb024f3870681cfad77410a882141aa0fb66af,5abbe1dbf0183a5e73acd45b1591564e,362357,.jpeg,clean,none,clean
img_00000232,fold_1,weapon,01_kaggle_weapon,kaggle,,,images/img_00000232.jpeg,datasets/splits/clean/fold_1/weapon/img_00000232.jpeg,a8f65a11db3bea7acbc1f70954de12716bdce3d50b86541f0011b50c641941cb,74f182375b1648566520aa64c7f3f282,488249,.jpeg,clean,none,clean
img_00000236,fold_1,weapon,01_kaggle_weapon,kaggle,,,images/img_00000236.png,datasets/splits/clean/fold_1/weapon/img_00000236.png,98249d5b5069c4f713a355a43aee2750f5665da11c606d66f10c052d28d42452,4cdbd78c81c8a59069f31e50f2667a8b,8651,.png,clean,none,clean
img_00000240,fold_1,weapon,01_kaggle_weapon,kaggle,,,images/img_00000240.jpeg,datasets/splits/clean/fold_1/weapon/img_00000240.jpeg,751894f8a94e64bbab15e3bcc23b185c10bdc4ee965323d701d7aa188b1fc388,6ad7f280d80e7f14f9c7af83abdd0e94,132246,.jpeg,clean,none,clean
img_00000272,fold_1,weapon,01_kaggle_weapon,kaggle,,,images/img_00000272.jpeg,datasets/splits/clean/fold_1/weapon/img_00000272.jpeg,96c403b8e43152f11ae630f4bab16512519e6b0c84103945815855362c2407b6,a7b6f185dddd11c8104d74d5080da1df,78482,.jpeg,clean,none,clean
img_00000288,fold_1,weapon,01_kaggle_weapon,kaggle,,,images/img_00000288.png,datasets/splits/clean/fold_1/weapon/img_00000288.png,8cf01cfa71fdb00a678d6d7004690e3701dde86fef2711fd00bb091ede59d694,804e2f75a2726f1242ae3aab10304235,138810,.png,clean,none,clean
img_00000325,fold_1,weapon,01_kaggle_weapon,kaggle,,,images/img_00000325.jpeg,datasets/splits/clean/fold_1/weapon/img_00000325.jpeg,15f7f374bd5d6fe1c7af06acabf4e45e3fc195d4600fd7a3db5bff6dd0784982,c9a764c0bd9c8aff9d0e53b267f795ad,58537,.jpeg,clean,none,clean
img_00000353,fold_1,weapon,01_kaggle_weapon,kaggle,,,images/img_00000353.png,datasets/splits/clean/fold_1/weapon/img_00000353.png,046328b966140a1d0caae07152dcfadd0fead71e18e83248d191c44de62ed8c0,01c9c3d960f3228af81e60f1aaa10179,1217891,.png,clean,none,clean
img_00000478,fold_1,weapon,02_deepfirearm,deepfirearm,,,images/img_00000478.jpg,datasets/splits/clean/fold_1/weapon/img_00000478.jpg,3486ca40a9fb736697adad42f7ca7efebd1003f7ae2debb58ea7b5596367f8c7,3810cd3b605cd6ff0ac7f298d8a5ebd4,34767,.jpg,clean,none,clean
img_00000487,fold_1,weapon,02_deepfirearm,deepfirearm,,,images/img_00000487.jpg,datasets/splits/clean/fold_1/weapon/img_00000487.jpg,ec95fa034155ca5f84dcd24db90ab30e4ca8b14804b4e16fd7f460ff41c163a2,739446fdf32ce657ea07d2d375291e70,46964,.jpg,clean,none,clean
img_00000530,fold_1,weapon,02_deepfirearm,deepfirearm,,,images/img_00000530.jpg,datasets/splits/clean/fold_1/weapon/img_00000530.jpg,7bd5e2bb243e4e9741d836857437065c1dd4a0213adf3e154e94de2b13e1958e,ff5a9c45fe2828950eb54ee60bd0a987,15486,.jpg,clean,none,clean
img_00000532,fold_1,weapon,02_deepfirearm,deepfirearm,,,images/img_00000532.jpg,datasets/splits/clean/fold_1/weapon/img_00000532.jpg,5e9b3e9807d44007e144c2733fbcd7c8fc64abdbaf4fc144405a8535a0b7c211,1fa8b8797eda053093a59e6974a7820e,203969,.jpg,clean,none,clean
img_00000535,fold_1,weapon,02_deepfirearm,deepfirearm,,,images/img_00000535.jpg,datasets/splits/clean/fold_1/weapon/img_00000535.jpg,c95681d75557072d864bdf84c90c449d83e3e28dc655db550a660ce18e0180b1,1768ee577347353b17e486f1e4ddc96c,14517,.jpg,clean,none,clean
img_00000569,fold_1,weapon,02_deepfirearm,deepfirearm,,,images/img_00000569.jpg,datasets/splits/clean/fold_1/weapon/img_00000569.jpg,792e19f357f96531fa6e331a27a6f2b2fc0c403debd54bcadf041c1f80aaa3ad,65cbc49231dfbc618ab2d378d00b56fc,2599424,.jpg,clean,none,clean
img_00000604,fold_1,weapon,02_deepfirearm,deepfirearm,,,images/img_00000604.jpg,datasets/splits/clean/fold_1/weapon/img_00000604.jpg,c9f07f3b670cb546adc577f7311f9012350b03196bcf079ac690bb1fe48d0f87,f3656d7aabc6663c989ae05f4f65f053,125856,.jpg,clean,none,clean
img_00000648,fold_1,weapon,02_deepfirearm,deepfirearm,,,images/img_00000648.jpg,datasets/splits/clean/fold_1/weapon/img_00000648.jpg,0e4e546acd21c1cceebfbf242fea839fc2a5309cb86c98c4e1ed8fa501355eeb,de0eeb6d8cadf7fa988b6bdb5e4fc263,114218,.jpg,clean,none,clean
img_00000727,fold_1,weapon,02_deepfirearm,deepfirearm,,,images/img_00000727.jpg,datasets/splits/clean/fold_1/weapon/img_00000727.jpg,9bce1f510afdcd3a612fa47f821020cd9668ae4ad7894f672b27d8b1e9b28907,51313928d389a01c199746f5be7c6c1b,42749,.jpg,clean,none,clean
img_00000729,fold_1,weapon,02_deepfirearm,deepfirearm,,,images/img_00000729.jpg,datasets/splits/clean/fold_1/weapon/img_00000729.jpg,cc31a9a0143cf7680659433eb3f2f1b123deb2ab8729959477eeebde4a81b6b1,86a222d62f10f6cdab3b5730756cc168,59275,.jpg,clean,none,clean
img_00000730,fold_1,weapon,02_deepfirearm,deepfirearm,,,images/img_00000730.jpg,datasets/splits/clean/fold_1/weapon/img_00000730.jpg,301b9a103dc3fd6e19208216c4a7721f53f099542ffa7f9a0ae42f198e6947c0,8ab28f19e39e86294aea0918c3f85fad,68810,.jpg,clean,none,clean
img_00000731,fold_1,weapon,02_deepfirearm,deepfirearm,,,images/img_00000731.jpg,datasets/splits/clean/fold_1/weapon/img_00000731.jpg,7dedbc30eb59cc2bf2930d19940d4f0a5be45e39ee600cae966f06d110fff9a6,8fcd34c51ceebd1e963fdaab7d601e95,65901,.jpg,clean,none,clean
img_00000792,fold_1,weapon,02_deepfirearm,deepfirearm,,,images/img_00000792.jpg,datasets/splits/clean/fold_1/weapon/img_00000792.jpg,cb5a86dae5fe0f9e067286c5863c5374f592c81526014eb171ccc32ba946e5a3,148d1715633c09777462bdb2f9b97ac7,116464,.jpg,clean,none,clean
img_00001143,fold_1,weapon,02_deepfirearm,deepfirearm,,,images/img_00001143.jpg,datasets/splits/clean/fold_1/weapon/img_00001143.jpg,e523e9a71f745ad3b918a133ad0b82727481816f686e9a53c9a89fede83fa76f,04a7ec50d0de9fc72575b8994023d133,54829,.jpg,clean,none,clean
img_00001144,fold_1,weapon,02_deepfirearm,deepfirearm,,,images/img_00001144.jpg,datasets/splits/clean/fold_1/weapon/img_00001144.jpg,30a1951817405d218e720a248e567c4d465ee06c495b8aba3244f559643c8824,c69c6d3b590164439542e43e3115372b,38772,.jpg,clean,none,clean
img_00003526,fold_1,weapon,02_deepfirearm,deepfirearm,,,images/img_00003526.jpg,datasets/splits/clean/fold_1/weapon/img_00003526.jpg,26ec1f3287cf0fa2b5bd25b42ee954d6df0d40d62bff2c0fc32a41403eb878b5,9bf0a0df08050d2881cfd7ecdbd7e512,33882,.jpg,clean,none,clean
img_00010546,fold_1,weapon,02_deepfirearm,deepfirearm,,,images/img_00010546.jpg,datasets/splits/clean/fold_1/weapon/img_00010546.jpg,783b1e9c0bc36d6ebed6d8dfd6c3f0d350c76d128c2a601f225e4fff4042329c,51e54a0cdd7f4dc6358d37c9877534ab,164463,.jpg,clean,none,clean
img_00010548,fold_1,weapon,02_deepfirearm,deepfirearm,,,images/img_00010548.jpg,datasets/splits/clean/fold_1/weapon/img_00010548.jpg,2e09b752cfd7bb85772be78f3e8df64ed2225d6abc180360f8741934df81bc3d,7ed6b59ede5f6875cd820d1be49414b3,36460,.jpg,clean,none,clean
img_00010551,fold_1,weapon,02_deepfirearm,deepfirearm,,,images/img_00010551.jpg,datasets/splits/clean/fold_1/weapon/img_00010551.jpg,fc4c92dc3a9a81b896c88b5038a01632210edccf34bffdd565f9fa783df86be4,04b48ac2d87182a84e70260fd86cacee,284954,.jpg,clean,none,clean
img_00011557,fold_1,weapon,02_deepfirearm,deepfirearm,,,images/img_00011557.jpg,datasets/splits/clean/fold_1/weapon/img_00011557.jpg,38d00ba41327b9cbad7eadbedd8e0be775f02b2817079276657957ba9b9e0802,03394785a829a0fcc023d15dd3db1111,114928,.jpg,clean,none,clean
img_00012665,fold_1,weapon,03_google_scraped,google,,,images/img_00012665.jpg,datasets/splits/clean/fold_1/weapon/img_00012665.jpg,3789ad430bdd66a05fed20da84bea6cb2743b0fdbcdc21db68bd42c9fc6b75d4,1972b5c4117c45ad91363c26eae73e64,1576848,.jpg,clean,none,clean
img_00012675,fold_1,weapon,03_google_scraped,google,,,images/img_00012675.jpg,datasets/splits/clean/fold_1/weapon/img_00012675.jpg,30a0ad85dbc7dfa0b0c699ecbfc2e9f743554b82447d99583bff3cf1d4c82bce,60ee62c3b30e35c49f65210229a242cf,53062,.jpg,clean,none,clean
img_00012700,fold_1,weapon,03_google_scraped,google,,,images/img_00012700.jpg,datasets/splits/clean/fold_1/weapon/img_00012700.jpg,ac3b369fd937b03034be09cc7694c50967836448e3efeca59f4d39bf9d20c1f6,a3b1a72fdc88ca73eccd83de676e936a,46830,.jpg,clean,none,clean
img_00012721,fold_1,weapon,03_google_scraped,google,,,images/img_00012721.jpg,datasets/splits/clean/fold_1/weapon/img_00012721.jpg,0eeaba943122848cef664c681c80b9e8e6725b815dfb3d1cc68d6e985f24496a,c5d40615e550e16c239a92da76fbd775,9298,.jpg,clean,none,clean
img_00012733,fold_1,weapon,03_google_scraped,google,,,images/img_00012733.jpg,datasets/splits/clean/fold_1/weapon/img_00012733.jpg,6c7885f1e335a2a2a55bd09b169f0c5704ab933d58896087caa8ad289270b6fb,7d1219be3700be880d02867835a877ba,98006,.jpg,clean,none,clean
img_00012734,fold_1,weapon,03_google_scraped,google,,,images/img_00012734.jpg,datasets/splits/clean/fold_1/weapon/img_00012734.jpg,3ae487c2f207073f604d9e8505767a7601416d39268b56db48a00021c5941714,3e0a9047e51057f89cad8c1028134d47,170301,.jpg,clean,none,clean
img_00012745,fold_1,weapon,03_google_scraped,google,,,images/img_00012745.jpg,datasets/splits/clean/fold_1/weapon/img_00012745.jpg,1bc0b6721ce995356eb22b00b44f8c0d058e828987f5f703037cc1570913b296,4b61f18d9b93a3494f3430840e0a7dea,1866334,.jpg,clean,none,clean
img_00012787,fold_1,weapon,03_google_scraped,google,,,images/img_00012787.png,datasets/splits/clean/fold_1/weapon/img_00012787.png,c87ad92348b7e43c42b12b71e5dc471bef0129667b8cc2bf2aca95729d8fc48a,1b4fffe503d4e84b168fc1a14cce229a,7081967,.png,clean,none,clean
img_00012791,fold_1,weapon,03_google_scraped,google,,,images/img_00012791.jpg,datasets/splits/clean/fold_1/weapon/img_00012791.jpg,5a26422d96f86eece864fc040e91858015c5b89a1881748d38851393c2fdf1e2,15b25f4c05c79555b12557a03725f6b4,71526,.jpg,clean,none,clean
img_00012818,fold_1,weapon,03_google_scraped,google,,,images/img_00012818.jpg,datasets/splits/clean/fold_1/weapon/img_00012818.jpg,5173decfdde2ebb69ff85284920bfa3a55fc9eac42415b015cce71030206118d,0628fc4c1aa7b0f09736c2cafbde5ded,20652,.jpg,clean,none,clean
img_00012879,fold_1,weapon,03_google_scraped,google,,,images/img_00012879.jpg,datasets/splits/clean/fold_1/weapon/img_00012879.jpg,7671f8c748ccaa5c7ec6dbbd31de4652547083d0978d8ced5224da884562ff48,eaf11720ffc4e4ff198f2f1dc2d58260,866603,.jpg,clean,none,clean
img_00012918,fold_1,weapon,03_google_scraped,google,,,images/img_00012918.jpg,datasets/splits/clean/fold_1/weapon/img_00012918.jpg,ad441d74fc170c04c14ac596922500f2bada0c41534ee5b05c686d559edceb53,c5c05401977ab630401e3f1c62fb92e1,2720545,.jpg,clean,none,clean
img_00012941,fold_1,weapon,03_google_scraped,google,,,images/img_00012941.jpg,datasets/splits/clean/fold_1/weapon/img_00012941.jpg,7010e8a185a14d665f73b73427c5fc1638b1c07d5c174c779ed40531da5dde56,cd1480ec7f9161b2f2afef7ad2e211d0,213281,.jpg,clean,none,clean
img_00012951,fold_1,weapon,03_google_scraped,google,,,images/img_00012951.jpg,datasets/splits/clean/fold_1/weapon/img_00012951.jpg,9cc55a84a481727e25bbb1bf1a0e7e14bc82184d83394eac28bc3eadfe34f7f6,86dab05f557e96943146957c627336d9,1450463,.jpg,clean,none,clean
img_00012974,fold_1,weapon,03_google_scraped,google,,,images/img_00012974.png,datasets/splits/clean/fold_1/weapon/img_00012974.png,77cb5d7d1c99348dadf0b9870dfc07a47572e27f6571e4fdb9f054bdc150f9ca,6ff1963f3a0ce23d067237aaedbd1f74,386941,.png,clean,none,clean
img_00013015,fold_1,weapon,03_google_scraped,google,,,images/img_00013015.jpg,datasets/splits/clean/fold_1/weapon/img_00013015.jpg,92c16d12f874259de7287fed18be47b0dbb4cf5341eccaabaeaf90c7f082ac64,b57dda423523d07c7a7bc0b5aa6ba5ba,230631,.jpg,clean,none,clean
img_00013130,fold_1,weapon,03_google_scraped,google,,,images/img_00013130.jpg,datasets/splits/clean/fold_1/weapon/img_00013130.jpg,1604c1e2096ad92d4aa57ad777b8ae7136924f3747fe52a923646286068f4f46,350a7d9192442c19b25456142863fba2,54721,.jpg,clean,none,clean
img_00013132,fold_1,weapon,03_google_scraped,google,,,images/img_00013132.jpg,datasets/splits/clean/fold_1/weapon/img_00013132.jpg,f3ad3303a97b8f803955faa91742b600876ed62948a56516dfc3f249b61bc6b1,1b8aa667e1033962b864b05daca046e6,40601,.jpg,clean,none,clean
img_00013139,fold_1,weapon,03_google_scraped,google,,,images/img_00013139.jpg,datasets/splits/clean/fold_1/weapon/img_00013139.jpg,394e66f5152a855b34efea203b554a6c50b718d98e383288192f4ffa573beeb3,6827cfb2a590ab22fb43a3df7abcdfcc,195036,.jpg,clean,none,clean
img_00013143,fold_1,weapon,03_google_scraped,google,,,images/img_00013143.jpg,datasets/splits/clean/fold_1/weapon/img_00013143.jpg,d9cdbfccf85624233bb4366eddac48215ea5fe0a40d04aa0c8887d1eb4e862c6,4a9c0523a71a5948e725717d49122c9e,370514,.jpg,clean,none,clean
img_00013535,fold_1,weapon,04_telegram_youtube,telegram_youtube,,,images/img_00013535.jpg,datasets/splits/clean/fold_1/weapon/img_00013535.jpg,f66fa9e13b607807eeacbcc3def6906b5eb1278d521a11091706c6c04cbd82b5,7226ab5d98f8f871c187a0fb19cbd011,95648,.jpg,clean,none,clean
img_00013542,fold_1,weapon,04_telegram_youtube,telegram_youtube,,,images/img_00013542.jpg,datasets/splits/clean/fold_1/weapon/img_00013542.jpg,1052f080279fc66abf385a039e9ac03bb868030774e1a642f784644178fddfef,e1f34a9ae06b73d953c493a0fd29c49f,424412,.jpg,clean,none,clean
img_00013562,fold_1,weapon,04_telegram_youtube,telegram_youtube,,,images/img_00013562.jpg,datasets/splits/clean/fold_1/weapon/img_00013562.jpg,4cefac58bba7344fbe34179980872659638b3ea62e396a18396bb5b0b411b485,e5ad8926d71badaa5baaf55a7eb0948c,157838,.jpg,clean,none,clean
img_00013565,fold_1,weapon,04_telegram_youtube,telegram_youtube,,,images/img_00013565.jpg,datasets/splits/clean/fold_1/weapon/img_00013565.jpg,abe731eaaded6d9ab18483f78843bce6baf10bbb638c791a8e1f42031c340948,a006a6396a282e473c55cb71443d1b29,283677,.jpg,clean,none,clean
img_00013566,fold_1,weapon,04_telegram_youtube,telegram_youtube,,,images/img_00013566.jpg,datasets/splits/clean/fold_1/weapon/img_00013566.jpg,d063916765fe92803578e8da76c181e6bac03c81dc48724022cfcfcb88a5d488,cc6e150dbb3e95416c5b4b61a395ed14,494768,.jpg,clean,none,clean
img_00013574,fold_1,weapon,04_telegram_youtube,telegram_youtube,,,images/img_00013574.jpg,datasets/splits/clean/fold_1/weapon/img_00013574.jpg,6b1725acfc1c4e67662a0e899f4dde0b522a55e68a2a63219c3eacd29cc3d0fc,43763cbc8c779881714c7af0245da269,255018,.jpg,clean,none,clean
img_00013575,fold_1,weapon,04_telegram_youtube,telegram_youtube,,,images/img_00013575.jpg,datasets/splits/clean/fold_1/weapon/img_00013575.jpg,389a2e074eb31e14b6b1fe923c49eed765aea439dbd102d2dd2156d1b78c29aa,1e7d74148032c117e6650f76e6e123b9,169916,.jpg,clean,none,clean
img_00013577,fold_1,weapon,04_telegram_youtube,telegram_youtube,,,images/img_00013577.jpg,datasets/splits/clean/fold_1/weapon/img_00013577.jpg,927e40fd09ed287c94707128a031d3ed893b0da7a09baf65030f207f95814dc1,c94aa6bf458161cb0ccf3a634a69e49a,196687,.jpg,clean,none,clean
img_00013583,fold_1,weapon,04_telegram_youtube,telegram_youtube,,,images/img_00013583.jpg,datasets/splits/clean/fold_1/weapon/img_00013583.jpg,2c612531556932f86973676aa249e1500e6c449eac175d8ad6cb8ab5e06f6ca5,6923953eaccd1c3590e776872c1cc1c1,211990,.jpg,clean,none,clean
img_00013585,fold_1,weapon,04_telegram_youtube,telegram_youtube,,,images/img_00013585.jpg,datasets/splits/clean/fold_1/weapon/img_00013585.jpg,2bf440ef8a9c241e86345b38da386e71afdf2175567851271af3a4925104ac35,bbc99a00ede4775738fbebe974b9dfd5,177038,.jpg,clean,none,clean
img_00013588,fold_1,weapon,04_telegram_youtube,telegram_youtube,,,images/img_00013588.jpg,datasets/splits/clean/fold_1/weapon/img_00013588.jpg,1857259125d2e2ec13522dff2daaed2aee95f3e2a316408b66b2a2d3f344dd40,928fbbb99b07f37b88dd19aea1391700,141533,.jpg,clean,none,clean
img_00013589,fold_1,weapon,04_telegram_youtube,telegram_youtube,,,images/img_00013589.jpg,datasets/splits/clean/fold_1/weapon/img_00013589.jpg,2b79323650f7625e46914d2b27a6697efbade529ce360b3c25208d8da7c9ada2,3fcaceed3c5b52a33cf776fed058f2b0,89673,.jpg,clean,none,clean
img_00013597,fold_1,weapon,04_telegram_youtube,telegram_youtube,,,images/img_00013597.jpg,datasets/splits/clean/fold_1/weapon/img_00013597.jpg,3b796de78e45b2ab17cbd063d9b315f9e963d469a0cadae1c6285a8cb0d35cd8,4af26f18b00785835a26440bd9afb5ab,195313,.jpg,clean,none,clean
img_00013598,fold_1,weapon,04_telegram_youtube,telegram_youtube,,,images/img_00013598.jpg,datasets/splits/clean/fold_1/weapon/img_00013598.jpg,326ad2a52065f359cf0ac52b3a0422d56fd9dd1310525005d98628b501adcc38,6012246b3a5787b3f4c8215cc2ac7736,82430,.jpg,clean,none,clean
img_00013605,fold_1,weapon,04_telegram_youtube,telegram_youtube,,,images/img_00013605.jpg,datasets/splits/clean/fold_1/weapon/img_00013605.jpg,2ba711ac1924f9200b462a1ffbc4beb052f8d510460d9fbdd6b816baa71c19da,3da958032f2926a938c55c33d0f4379c,160552,.jpg,clean,none,clean
img_00013608,fold_1,weapon,04_telegram_youtube,telegram_youtube,,,images/img_00013608.jpg,datasets/splits/clean/fold_1/weapon/img_00013608.jpg,7b2ffa2c621639b8f6a4e1388cf4946299dffc63e1c919b5d6649402d01735b3,94004edcb15592ecd6781de90e6d765b,95895,.jpg,clean,none,clean
img_00013610,fold_1,weapon,04_telegram_youtube,telegram_youtube,,,images/img_00013610.jpg,datasets/splits/clean/fold_1/weapon/img_00013610.jpg,c18992962feab3f3cdf044a1385f6b86f9bc8ba5755c2393248e158dddc7ed53,3e00d36b3af717739c1dc28ddded1bbf,101386,.jpg,clean,none,clean
img_00013611,fold_1,weapon,04_telegram_youtube,telegram_youtube,,,images/img_00013611.jpg,datasets/splits/clean/fold_1/weapon/img_00013611.jpg,4df9732d9c760a249356fe9f12bc8dfe57ab045e79119b96a250b29ed213a2e3,9a0cf5aa802d23bfc81750d466cac8b1,234179,.jpg,clean,none,clean
img_00013620,fold_1,weapon,04_telegram_youtube,telegram_youtube,,,images/img_00013620.jpg,datasets/splits/clean/fold_1/weapon/img_00013620.jpg,07ee63ddf750ab70f4cc7dc64903fcbcce15b4be24eaf114930683eac6251d35,adfe61873db0114372c4d18831389ec4,163859,.jpg,clean,none,clean
img_00013647,fold_1,weapon,04_telegram_youtube,telegram_youtube,,,images/img_00013647.jpg,datasets/splits/clean/fold_1/weapon/img_00013647.jpg,d4c73d065e4277480e64dd5c8e4dc63ba5f66ab138f64759140aab71e6803e52,53af86cf6ef6a2d7fc6ea7ecda36ace7,135479,.jpg,clean,none,clean
img_00014368,fold_1,weapon,05_deepweb,deepweb,,,images/img_00014368.webp,datasets/splits/clean/fold_1/weapon/img_00014368.webp,5b1ed4d0f9d1497979ceca70cf2c7070362b154009f64d73f340fc473152f618,14570f587804f24bb7e0d63cb37c736d,8316,.webp,clean,none,clean
img_00014372,fold_1,weapon,05_deepweb,deepweb,,,images/img_00014372.webp,datasets/splits/clean/fold_1/weapon/img_00014372.webp,e0a74bd7b90395c67b7d108489d51524ed1e1e079ccaa70ffb99e21f22c46d02,2073cafa096631f97d97682b2386f954,39282,.webp,clean,none,clean
img_00014382,fold_1,weapon,05_deepweb,deepweb,,,images/img_00014382.jpeg,datasets/splits/clean/fold_1/weapon/img_00014382.jpeg,74176efead46634cf1590897dd792ed0f02a8aa36c551454f2c8f788251e9fc0,2e27fea6007f0483b96e8b3800d87aae,885267,.jpeg,clean,none,clean
img_00014389,fold_1,weapon,05_deepweb,deepweb,,,images/img_00014389.jpeg,datasets/splits/clean/fold_1/weapon/img_00014389.jpeg,3e1bc0993a013e98e97ca4f0a0093b20043cab3e228c2c7f4c26e91b3d034f3c,3c13b7361862f4bd0a7de71cbb06dfe1,39677,.jpeg,clean,none,clean
img_00014407,fold_1,weapon,05_deepweb,deepweb,,,images/img_00014407.jpeg,datasets/splits/clean/fold_1/weapon/img_00014407.jpeg,b4f3c326a5d903498bc01f9e77a9598070edf9135d8ceff96705a49f76c6f457,6f9ab92785e56e8e148d9c0f8852613b,13368,.jpeg,clean,none,clean
img_00014438,fold_1,weapon,05_deepweb,deepweb,,,images/img_00014438.jpeg,datasets/splits/clean/fold_1/weapon/img_00014438.jpeg,037704fe5c5d96c28f70d48a0347c3b775e26eaa9b977c5b7646926d0d905a00,e0736a2a2ed4869a2ca3316f2801327d,13081,.jpeg,clean,none,clean
img_00014442,fold_1,weapon,05_deepweb,deepweb,,,images/img_00014442.jpeg,datasets/splits/clean/fold_1/weapon/img_00014442.jpeg,cf747df6b110b58a687eb1195263623b8f1d2cf17ccac96a290318c9b72b4b29,e76f143a9a90fc30b5bfba354aa9423c,1571490,.jpeg,clean,none,clean
img_00014446,fold_1,weapon,05_deepweb,deepweb,,,images/img_00014446.jpeg,datasets/splits/clean/fold_1/weapon/img_00014446.jpeg,17003983d3620d79875ef087a6793d3ad99f5bf2cf0adc48843ca627d033a151,f0e07a524a0c76b2fefa91892f2fd71f,26313,.jpeg,clean,none,clean
img_00014447,fold_1,weapon,05_deepweb,deepweb,,,images/img_00014447.webp,datasets/splits/clean/fold_1/weapon/img_00014447.webp,41424b73854a2e57b12cc89350e73713ebc4b4d90b6dc20f6b7d4016f9251a3a,f12ca3f2a4a022584261873ee05e9540,4434,.webp,clean,none,clean
img_00014448,fold_1,weapon,05_deepweb,deepweb,,,images/img_00014448.jpeg,datasets/splits/clean/fold_1/weapon/img_00014448.jpeg,daa81166be43139866bd98fb17519a79467fbfebb91489b66d5682d221b40d16,f930c06f1cae57c73e3169639d7f6f8a,910174,.jpeg,clean,none,clean
img_00014449,fold_1,weapon,05_deepweb,deepweb,,,images/img_00014449.jpeg,datasets/splits/clean/fold_1/weapon/img_00014449.jpeg,43977bcf721afd974ec0bdb87c1b3ed591508ef56fadf6219ec6585ac64912d9,ff84c72e5f7051c397eb76151f29fa3d,17042,.jpeg,clean,none,clean
img_00014464,fold_1,weapon,05_deepweb,deepweb,,,images/img_00014464.jpeg,datasets/splits/clean/fold_1/weapon/img_00014464.jpeg,ca47796b2e3e0f17315516f226b88936cc3a452fa1e6142a11b42d708c057efa,0a5de2f7c73690fcb90ac3bab6022e92,8613,.jpeg,clean,none,clean
img_00014475,fold_1,weapon,05_deepweb,deepweb,,,images/img_00014475.jpeg,datasets/splits/clean/fold_1/weapon/img_00014475.jpeg,4a669c541ec38dcb18be0b928273c3bceefa1643d365db22a0d7f894751558ad,1165ec4f54798021ffa1dc93cc02d163,13538,.jpeg,clean,none,clean
img_00014481,fold_1,weapon,05_deepweb,deepweb,,,images/img_00014481.jpeg,datasets/splits/clean/fold_1/weapon/img_00014481.jpeg,fd116fd36e0145d827ce5eec39d5bf7553778dd995f7169afdaddf3e7aa21180,130d801d5e217a2dd78876a18a1dd818,13890,.jpeg,clean,none,clean
img_00014485,fold_1,weapon,05_deepweb,deepweb,,,images/img_00014485.jpeg,datasets/splits/clean/fold_1/weapon/img_00014485.jpeg,484455c5e061ff8d3ce2ab354e92437e4ea2aaf3922afc66156bfae9338055b1,17192d70e464b236ebe6644077f05fe6,67043,.jpeg,clean,none,clean
img_00014489,fold_1,weapon,05_deepweb,deepweb,,,images/img_00014489.webp,datasets/splits/clean/fold_1/weapon/img_00014489.webp,86132e6385ec589315fbcb2392e54218eff4f74f63af533f7254261e3691af86,196640aafb9feeb873d43292ca602049,3224,.webp,clean,none,clean
img_00014495,fold_1,weapon,05_deepweb,deepweb,,,images/img_00014495.jpeg,datasets/splits/clean/fold_1/weapon/img_00014495.jpeg,076f39250ef221806d2a1276a5694c77e439d5070ddbc0ec77871b1e923a27fe,1be5ad4485fa880b5cf196610f328c2c,31087,.jpeg,clean,none,clean
img_00014496,fold_1,weapon,05_deepweb,deepweb,,,images/img_00014496.jpeg,datasets/splits/clean/fold_1/weapon/img_00014496.jpeg,d2e682f4966800ec2634b3a8ad66b6e3a32b9f4aa5a4274bcef4f7f287750bbb,1cad0f9df7393fd333f270a26da3a128,10740,.jpeg,clean,none,clean
img_00014509,fold_1,weapon,05_deepweb,deepweb,,,images/img_00014509.jpeg,datasets/splits/clean/fold_1/weapon/img_00014509.jpeg,b7fda3a6b96821963dfe6ac245df89a5e416bb84c04399ec9afd329dde44bcdb,227859b4d601de29bd05d5c0c3b87ffe,23568,.jpeg,clean,none,clean
img_00014515,fold_1,weapon,05_deepweb,deepweb,,,images/img_00014515.jpeg,datasets/splits/clean/fold_1/weapon/img_00014515.jpeg,4a1c8fef3dc32661b7e2c1f389f2122be2b541b775307e0abba8b36971d30c55,27422471a03b73526238e467cfa63950,26405,.jpeg,clean,none,clean
img_00012885,fold_2,non_weapon,03_google_scraped,google,,,images/img_00012885.jpg,datasets/splits/clean/fold_2/non_weapon/img_00012885.jpg,6984a34eac1e7d1f7147b634af38fddb01d89236654e10630d8805956a8783f0,0b9d544987b7f43d90973a6e341d7c4b,131586,.jpg,clean,none,clean
img_00012936,fold_2,non_weapon,03_google_scraped,google,,,images/img_00012936.jpg,datasets/splits/clean/fold_2/non_weapon/img_00012936.jpg,36b767a59e74743568a98a476f1565340b249efe9016a0bd64514c15a4474f0d,63f67b134bf5da424b48ec07ff8b52a7,41669,.jpg,clean,none,clean
img_00012949,fold_2,non_weapon,03_google_scraped,google,,,images/img_00012949.jpg,datasets/splits/clean/fold_2/non_weapon/img_00012949.jpg,dd5d0bd95657c2c79512a540e0e42cbbc234f693fa2b4465d36e7c7902f182d8,12ed1393ddb6d404803373f4c0556aa8,477532,.jpg,clean,none,clean
img_00013087,fold_2,non_weapon,03_google_scraped,google,,,images/img_00013087.jpg,datasets/splits/clean/fold_2/non_weapon/img_00013087.jpg,476d118e242cb3734d50a51cacd53ad6bae6d2c6d9f4e0cb035bc8deec296740,c608fd58dbafd94ada7a84c4cc322760,17092,.jpg,clean,none,clean
img_00013099,fold_2,non_weapon,03_google_scraped,google,,,images/img_00013099.jpg,datasets/splits/clean/fold_2/non_weapon/img_00013099.jpg,75ff6855efeb3f9cebcf35b8517e4508ca57cdee2289aaa08dc0bf4995547357,7c8a085979c896171b99be6cdf66c27f,15955,.jpg,clean,none,clean
img_00013353,fold_2,non_weapon,03_google_scraped,google,,,images/img_00013353.jpg,datasets/splits/clean/fold_2/non_weapon/img_00013353.jpg,1c3f6eb4217369b4724ae83782e816607b74305842ff415d6fc1edb3ac1c2945,a15366a30471aae48d94ba963be477c3,259439,.jpg,clean,none,clean
img_00013506,fold_2,non_weapon,04_telegram_youtube,telegram_youtube,,,images/img_00013506.jpg,datasets/splits/clean/fold_2/non_weapon/img_00013506.jpg,7597bd1fa1c4d06fc36f5f4a3efc42011288d277eab6c1e92028cf6e21c34d1c,815db94df81cf6be182d189a6fd53234,79766,.jpg,clean,none,clean
img_00013519,fold_2,non_weapon,04_telegram_youtube,telegram_youtube,,,images/img_00013519.jpg,datasets/splits/clean/fold_2/non_weapon/img_00013519.jpg,a75efbb5b12e4f9a9253fbe345aaeab20f2a669b19823a55b768fc39ae127e9a,0465db63433ef6f54f31036e71d590bf,69642,.jpg,clean,none,clean
img_00013524,fold_2,non_weapon,04_telegram_youtube,telegram_youtube,,,images/img_00013524.jpg,datasets/splits/clean/fold_2/non_weapon/img_00013524.jpg,8e9256f3638e7f031736fc949f442fdc31fddff92c22ee4b6be82281ec3fea0e,98c4478cc4e27a87b88ddecb28920f6e,151857,.jpg,clean,none,clean
img_00013650,fold_2,non_weapon,04_telegram_youtube,telegram_youtube,,,images/img_00013650.jpg,datasets/splits/clean/fold_2/non_weapon/img_00013650.jpg,c34a75346de0a56b0acd13069d9f457b1d43d300434c63bbe4019ca8c10c171c,eeb80eef67aff2037bec681de8471e52,26617,.jpg,clean,none,clean
img_00013686,fold_2,non_weapon,04_telegram_youtube,telegram_youtube,,,images/img_00013686.jpg,datasets/splits/clean/fold_2/non_weapon/img_00013686.jpg,dcc26d9ace2a16760065e41057bfda8d7df48e70b83cf8a0c8d2ebb17c23c80a,c71d9f39f0160cb94354746a801e53be,111049,.jpg,clean,none,clean
img_00013753,fold_2,non_weapon,04_telegram_youtube,telegram_youtube,,,images/img_00013753.jpg,datasets/splits/clean/fold_2/non_weapon/img_00013753.jpg,85205a4684feb726ea4445fa7eea75144be2849c1c048f0c019dac61ddcc9117,2f73ecafd7ab86ec7618a0c5199b8c17,119446,.jpg,clean,none,clean
img_00013938,fold_2,non_weapon,04_telegram_youtube,telegram_youtube,,,images/img_00013938.jpg,datasets/splits/clean/fold_2/non_weapon/img_00013938.jpg,17200d0923e2cdcdd56b2d9d8ad3323f31c6ab141812ad8912539cc3961947b8,ec6fffd02922493a65cf9f0736f45dd2,74685,.jpg,clean,none,clean
img_00013945,fold_2,non_weapon,04_telegram_youtube,telegram_youtube,,,images/img_00013945.jpg,datasets/splits/clean/fold_2/non_weapon/img_00013945.jpg,a3508cf321e9ce132de690e55f911e2a12961a40873f998e28b51a2532a56240,e00e5ad5a4914715f085b5944d7d407a,93565,.jpg,clean,none,clean
img_00014114,fold_2,non_weapon,04_telegram_youtube,telegram_youtube,,,images/img_00014114.jpg,datasets/splits/clean/fold_2/non_weapon/img_00014114.jpg,d3626b4ead2f37a5af99cb61ec1524abdd56f1090ee32b276ee6c5e7ba1abeeb,f12aef2990034508d71e685fb1575076,25199,.jpg,clean,none,clean
img_00014132,fold_2,non_weapon,04_telegram_youtube,telegram_youtube,,,images/img_00014132.jpg,datasets/splits/clean/fold_2/non_weapon/img_00014132.jpg,484876e53da70d901d4b8891de5e3dee110cef069d7c714b2d24c09cd7e15bc7,509c8ed9d8249c1e324f4f24843bccbb,24570,.jpg,clean,none,clean
img_00014160,fold_2,non_weapon,04_telegram_youtube,telegram_youtube,,,images/img_00014160.jpg,datasets/splits/clean/fold_2/non_weapon/img_00014160.jpg,3fbb672055c02c14c50e7fd41a5b4158f9e31f8caa2cbeb12fa8f4b684ace2db,0f89e40c9a42818b6821ad44769b6a6b,79171,.jpg,clean,none,clean
img_00014268,fold_2,non_weapon,04_telegram_youtube,telegram_youtube,,,images/img_00014268.jpg,datasets/splits/clean/fold_2/non_weapon/img_00014268.jpg,8f805386639898fc6c53d814c8de4e8f9104bbbc71bec88a3a146c825091b2ef,07536504c1c6c2ae49182934ff6c0bef,18704,.jpg,clean,none,clean
img_00014396,fold_2,non_weapon,05_deepweb,deepweb,,,images/img_00014396.jpeg,datasets/splits/clean/fold_2/non_weapon/img_00014396.jpeg,609fd845bed604489d20658b27ca22bf1893b765d5014f814e5b3b17873ff6e0,50055d3f92de5a01cc35cb95882a4a30,393972,.jpeg,clean,none,clean
img_00014404,fold_2,non_weapon,05_deepweb,deepweb,,,images/img_00014404.jpeg,datasets/splits/clean/fold_2/non_weapon/img_00014404.jpeg,68dd42632b3e58a6dd3a67861923a7904806c8960e87072bd99a0f48a41672ee,63cf3ab597a0de854cbaf5ce6a68d560,53456,.jpeg,clean,none,clean
img_00014428,fold_2,non_weapon,05_deepweb,deepweb,,,images/img_00014428.png,datasets/splits/clean/fold_2/non_weapon/img_00014428.png,e24afd1f746f2d9aee6d596df97cb7847cc7da2a760386d44a0eaede2cb03acc,baab45227d39bbb1ce32452de5f943b1,4664,.png,clean,none,clean
img_00014443,fold_2,non_weapon,05_deepweb,deepweb,,,images/img_00014443.png,datasets/splits/clean/fold_2/non_weapon/img_00014443.png,1a74e4a83f6c3860ec42282aeb3e47c4e533fa2839c11e4163edbec184b1202e,e7a7467133f8f74ca374962883030068,45454,.png,clean,none,clean
img_00014453,fold_2,non_weapon,05_deepweb,deepweb,,,images/img_00014453.jpeg,datasets/splits/clean/fold_2/non_weapon/img_00014453.jpeg,e0ed90fbffc3592aaba5dc36d6b6fc11f024df003246ac7210dbf030fee601f3,0491c197628853fcc8b9d72e47cd13da,17475,.jpeg,clean,none,clean
img_00014469,fold_2,non_weapon,05_deepweb,deepweb,,,images/img_00014469.png,datasets/splits/clean/fold_2/non_weapon/img_00014469.png,4f3000dbe3521d3c330c6b86fd802ae14270707feb2522dd48637d58113ec909,0c14bc32acaf1ee20ecc1f37817b48bd,128386,.png,clean,none,clean
img_00014472,fold_2,non_weapon,05_deepweb,deepweb,,,images/img_00014472.png,datasets/splits/clean/fold_2/non_weapon/img_00014472.png,42953ddd35134ce588e9e7258f4cd5da85994bb8bc3627fdbf7e0fa3e77bb04e,0ea649e5f70bc97d0dbac760ee691437,28919,.png,clean,none,clean
img_00014480,fold_2,non_weapon,05_deepweb,deepweb,,,images/img_00014480.png,datasets/splits/clean/fold_2/non_weapon/img_00014480.png,29690f2ff2a3f0e09e2e3cfb803a79a2896151f817671b35b4e4a72e8ecbf3db,12d0b5d7765f71b56b56a9cbd30dfc14,41291,.png,clean,none,clean
img_00014503,fold_2,non_weapon,05_deepweb,deepweb,,,images/img_00014503.png,datasets/splits/clean/fold_2/non_weapon/img_00014503.png,4781072b8171e2f9e932e127de9e19e120903ec715ba5fdebda19044952b2c82,1f437d75ffb0b164404ed7cdbc1c7715,140993,.png,clean,none,clean
img_00014506,fold_2,non_weapon,05_deepweb,deepweb,,,images/img_00014506.jpeg,datasets/splits/clean/fold_2/non_weapon/img_00014506.jpeg,512e66f82589e63065539e0846d9fec96929972dd738467746ae54155397205b,210c5d2bef14ce2036195df07fcc4dac,22882,.jpeg,clean,none,clean
img_00014514,fold_2,non_weapon,05_deepweb,deepweb,,,images/img_00014514.png,datasets/splits/clean/fold_2/non_weapon/img_00014514.png,2772765c9b8401a15e78db2ae885d8bc9aeb9937221d64b75efebe46c7c63260,2700be8cf26747b25003c4b3d5c9bae1,75622,.png,clean,none,clean
img_00014525,fold_2,non_weapon,05_deepweb,deepweb,,,images/img_00014525.jpeg,datasets/splits/clean/fold_2/non_weapon/img_00014525.jpeg,d5b50f13d3b5b3d64a78c70c01a6eca3ba7a3ab482080b7cd12fa608377e1b5c,2bb0a31dbeeca2fa61e98c9066c762e7,24435,.jpeg,clean,none,clean
img_00014554,fold_2,non_weapon,05_deepweb,deepweb,,,images/img_00014554.png,datasets/splits/clean/fold_2/non_weapon/img_00014554.png,ac2a5490267ae3c5e33969198f91b7b585c0f77c882a4b3f5b7c9b60d4fe513c,3d7477d783f32fed3b01f6ed12a183d9,62514,.png,clean,none,clean
img_00014558,fold_2,non_weapon,05_deepweb,deepweb,,,images/img_00014558.png,datasets/splits/clean/fold_2/non_weapon/img_00014558.png,a0cb51bbaa1ad53aec5792d7c323f2491ccfcc79edb8102dc03637f19ef86dc1,3ee17c6f12a15548e17c706f09b2b52f,276848,.png,clean,none,clean
img_00014568,fold_2,non_weapon,05_deepweb,deepweb,,,images/img_00014568.jpeg,datasets/splits/clean/fold_2/non_weapon/img_00014568.jpeg,088ba8d17653b01059b921d439e621bf646951f753a0a3ba2cfeaaec7acc948b,434cd241ca23a6518e23de2027987d18,12644,.jpeg,clean,none,clean
img_00014571,fold_2,non_weapon,05_deepweb,deepweb,,,images/img_00014571.png,datasets/splits/clean/fold_2/non_weapon/img_00014571.png,fa95ae9ce237eb4bbebd48ed7e8a0a8d9a8b99d62ea62c54d471ad936bc61601,466df6474a8b88ff988e05018031ef9a,21366,.png,clean,none,clean
img_00014575,fold_2,non_weapon,05_deepweb,deepweb,,,images/img_00014575.jpeg,datasets/splits/clean/fold_2/non_weapon/img_00014575.jpeg,c2a468686019b7a5b461bb58325de7bde5194e4101b4cef06223ab787347e235,4757dae2daf8efd98ff4a9fcd805ace6,21361,.jpeg,clean,none,clean
img_00014580,fold_2,non_weapon,05_deepweb,deepweb,,,images/img_00014580.png,datasets/splits/clean/fold_2/non_weapon/img_00014580.png,9274cb7814f90a067f6543e1d2f2b3d754f4d4609011f86e2c17c8c1e19996d6,4ab39deaa8ebfa5558bbeb7c06f52aa0,52613,.png,clean,none,clean
img_00014585,fold_2,non_weapon,05_deepweb,deepweb,,,images/img_00014585.png,datasets/splits/clean/fold_2/non_weapon/img_00014585.png,45bfa81cd7c871e98242b98f1e8350191f275a8caa02d33b7723f6cefc28526a,4d67f70b8d57e4951b059b58eb2d8782,145635,.png,clean,none,clean
img_00014594,fold_2,non_weapon,05_deepweb,deepweb,,,images/img_00014594.png,datasets/splits/clean/fold_2/non_weapon/img_00014594.png,e45f194981dbf5d24fc640f9a9b2e1dbf2a25512951ae13b8aa6a76b16499cc9,50cecc19c3252d398033b20a52a8efaa,41062,.png,clean,none,clean
img_00014600,fold_2,non_weapon,05_deepweb,deepweb,,,images/img_00014600.png,datasets/splits/clean/fold_2/non_weapon/img_00014600.png,c5c7c72352a072e1862674aa0adf5eeca44d5e415d2c43cb1bc52c86f05ef3d7,542d236fb8f99cc54e272378d99bd8f4,3846,.png,clean,none,clean
img_00014607,fold_2,non_weapon,05_deepweb,deepweb,,,images/img_00014607.jpeg,datasets/splits/clean/fold_2/non_weapon/img_00014607.jpeg,bc9db6e070096c2b9497adf9f305d4eb9757b9a18853a20343c0c616107cdcd8,57364b2959e1c66f13b5411a5163ffd4,6490,.jpeg,clean,none,clean
img_00014621,fold_2,non_weapon,05_deepweb,deepweb,,,images/img_00014621.png,datasets/splits/clean/fold_2/non_weapon/img_00014621.png,52ed67724621746080eb5d73f6bde6fcec1a39aab840c15af99cbf0a0e485299,5dd2d87d19c6962fdbb79c5d0dd50707,74993,.png,clean,none,clean
img_00014623,fold_2,non_weapon,05_deepweb,deepweb,,,images/img_00014623.jpeg,datasets/splits/clean/fold_2/non_weapon/img_00014623.jpeg,dbe23c301286ed7985ccb24038eacd293f37db0f6be37a0cc6101c1d61ac6085,5ffacd24e87ca3361de1eb5b27ef06c3,18526,.jpeg,clean,none,clean
img_00014631,fold_2,non_weapon,05_deepweb,deepweb,,,images/img_00014631.jpeg,datasets/splits/clean/fold_2/non_weapon/img_00014631.jpeg,f92c9996c9a1a33087cb5eab152c022fea46c28a8e58b3b75660ef4d268ef020,654f72928f024221a780d6584bcbeadd,19339,.jpeg,clean,none,clean
img_00014654,fold_2,non_weapon,05_deepweb,deepweb,,,images/img_00014654.jpeg,datasets/splits/clean/fold_2/non_weapon/img_00014654.jpeg,dd03a6929126ca439f6f7ad7ca6b5fd849bc825b4990298243c4f820c4158982,70e85699157de46a08db3b37e6f98c30,29451,.jpeg,clean,none,clean
img_00014656,fold_2,non_weapon,05_deepweb,deepweb,,,images/img_00014656.png,datasets/splits/clean/fold_2/non_weapon/img_00014656.png,14d966ce8a9541b46dec4e2290bf4b53ff66335a5bab37e88283b58d16917560,711bde86ce91671617c8a961a81b1b19,128230,.png,clean,none,clean
img_00014659,fold_2,non_weapon,05_deepweb,deepweb,,,images/img_00014659.png,datasets/splits/clean/fold_2/non_weapon/img_00014659.png,a30648380b7e19777475826e6a3e350d7f53f1ed2f5dbd306e605a335acf9760,73014114113f29f0b88746e2ef96da7b,70690,.png,clean,none,clean
img_00014663,fold_2,non_weapon,05_deepweb,deepweb,,,images/img_00014663.jpeg,datasets/splits/clean/fold_2/non_weapon/img_00014663.jpeg,7bf79ebd041fcaf70e42a89b2edd3844d58617441040b826d4ba874559df4447,745563020810d8ae38f8e0bc471325d3,6969,.jpeg,clean,none,clean
img_00014682,fold_2,non_weapon,05_deepweb,deepweb,,,images/img_00014682.jpeg,datasets/splits/clean/fold_2/non_weapon/img_00014682.jpeg,40cb066c73fea207ded0533c16e244469027707b50a6b37cced323a9f7262cfb,7e521a07358fcf9fd067c77d3ff561df,51413,.jpeg,clean,none,clean
img_00014702,fold_2,non_weapon,05_deepweb,deepweb,,,images/img_00014702.webp,datasets/splits/clean/fold_2/non_weapon/img_00014702.webp,2686352d16b8b567605e6c64b7df2094b09ab1b9487b3d4b43a3898a7c1f671f,86e69bfde70ab966c209595c06da3b78,26700,.webp,clean,none,clean
img_00014716,fold_2,non_weapon,05_deepweb,deepweb,,,images/img_00014716.jpeg,datasets/splits/clean/fold_2/non_weapon/img_00014716.jpeg,6275a39bb638c9d24934163b2cd94d2490664e366c57c9f33bd1f86e8e9393af,942a1261d25c4c5fc4cdd3e925f2905e,29069,.jpeg,clean,none,clean
img_00014719,fold_2,non_weapon,05_deepweb,deepweb,,,images/img_00014719.png,datasets/splits/clean/fold_2/non_weapon/img_00014719.png,c482899b9c335f6561250b189c5d6c309675587abde783bf143b0434ebba21c0,95d7bb6c11c9712bd261f1fb04e86587,165439,.png,clean,none,clean
img_00014725,fold_2,non_weapon,05_deepweb,deepweb,,,images/img_00014725.png,datasets/splits/clean/fold_2/non_weapon/img_00014725.png,2317fd7ca8cf9055fb30971d60b9d18ba81d6e0a54d67f2f854a364480bfb85f,9924f4eb634d5a1fc910da87e91b122f,902299,.png,clean,none,clean
img_00014728,fold_2,non_weapon,05_deepweb,deepweb,,,images/img_00014728.jpeg,datasets/splits/clean/fold_2/non_weapon/img_00014728.jpeg,7591b84850571b3dd2cb87fb667c2eebcd64bfb91c7d30988a82f519563008bc,99e3fd854e9ec7d809ceff044d937812,10165,.jpeg,clean,none,clean
img_00014729,fold_2,non_weapon,05_deepweb,deepweb,,,images/img_00014729.jpeg,datasets/splits/clean/fold_2/non_weapon/img_00014729.jpeg,0a08c5d206a1898427301b44eb4f790b50b3fd413343f9d09690d5c6472f8c88,9a58af151e8d9570538545e56f6d3bdc,11659,.jpeg,clean,none,clean
img_00014731,fold_2,non_weapon,05_deepweb,deepweb,,,images/img_00014731.jpeg,datasets/splits/clean/fold_2/non_weapon/img_00014731.jpeg,50b44d06bfed230220dccc1b82d0d54d16d6649de46eca930a5421f672c47fd7,9a8ef394c2f0c9136cda7fd47d9af000,75022,.jpeg,clean,none,clean
img_00014733,fold_2,non_weapon,05_deepweb,deepweb,,,images/img_00014733.jpeg,datasets/splits/clean/fold_2/non_weapon/img_00014733.jpeg,7873cef8018747a7ca54e241eeef370896abadc13b4d1af2b696efaf43c42245,9abde9887666b6136fae7bf6a9328c3a,37755,.jpeg,clean,none,clean
img_00014741,fold_2,non_weapon,05_deepweb,deepweb,,,images/img_00014741.png,datasets/splits/clean/fold_2/non_weapon/img_00014741.png,e659cbdbcc9b9dada8446dfea3463c9f549750f3f3cf06329c942884e15f942a,9dfd6a643c316ff3455d3cbc3049d60b,191633,.png,clean,none,clean
img_00014746,fold_2,non_weapon,05_deepweb,deepweb,,,images/img_00014746.jpeg,datasets/splits/clean/fold_2/non_weapon/img_00014746.jpeg,3f01f15e841cbe78c35e269c4391f3a8ec2b5dab9c3fa92da9074c5472a78b9a,a05773e5d466a23cfff99a340ac8db47,10818,.jpeg,clean,none,clean
img_00014758,fold_2,non_weapon,05_deepweb,deepweb,,,images/img_00014758.png,datasets/splits/clean/fold_2/non_weapon/img_00014758.png,8a794ae4d6355cf1aea161f96fe6d3986d5b94b229c59d1f250d25e567f66524,a7980ba5e6f46517965d9bcb7f05c0a9,71107,.png,clean,none,clean
img_00014771,fold_2,non_weapon,05_deepweb,deepweb,,,images/img_00014771.jpeg,datasets/splits/clean/fold_2/non_weapon/img_00014771.jpeg,23aa39855dff99c74c4f11b70fa9e1d624bcca2239d06a33f7383d72f496bd63,ae0a9e8ef6d0e5a904443eacbcf347fb,87385,.jpeg,clean,none,clean
img_00014773,fold_2,non_weapon,05_deepweb,deepweb,,,images/img_00014773.png,datasets/splits/clean/fold_2/non_weapon/img_00014773.png,5394abe202f839dbf82b16372f4cf0e399c849e4582959c1837b44ae3a3114bc,ae61ab944f1b2b1bbd355d4dec0e30ce,28334,.png,clean,none,clean
img_00014779,fold_2,non_weapon,05_deepweb,deepweb,,,images/img_00014779.png,datasets/splits/clean/fold_2/non_weapon/img_00014779.png,4f867b94c726ae81a4958423025fd2fc73b0743e89d16a5d05f5d3de5c0cd646,b17b332abcf93011f4fac247dc1a853b,13241,.png,clean,none,clean
img_00014780,fold_2,non_weapon,05_deepweb,deepweb,,,images/img_00014780.jpeg,datasets/splits/clean/fold_2/non_weapon/img_00014780.jpeg,d0d33ab5b68d6de81d3b13db9b9793516389520d5780aad929ef312fc2dd9479,b1cb0715626f58c164b52d24db6219b6,33503,.jpeg,clean,none,clean
img_00014793,fold_2,non_weapon,05_deepweb,deepweb,,,images/img_00014793.png,datasets/splits/clean/fold_2/non_weapon/img_00014793.png,1e1a1688bcd4a209f14580cde944d054c48b063eae5e19b0aa23a2bbd4b6c3be,b6ddffa65a5e9c7159a3786327535e95,6791,.png,clean,none,clean
img_00014799,fold_2,non_weapon,05_deepweb,deepweb,,,images/img_00014799.jpeg,datasets/splits/clean/fold_2/non_weapon/img_00014799.jpeg,7f755da336f4a979fd7ba0a712188cfe4b1854297b9292079827e940a34c3407,b8ff4f1ddc7e04f938f819ad73f9d546,15961,.jpeg,clean,none,clean
img_00014800,fold_2,non_weapon,05_deepweb,deepweb,,,images/img_00014800.png,datasets/splits/clean/fold_2/non_weapon/img_00014800.png,a7d4287d47374c89e309f4b63d76640e013ccaa7d3117ac6161eeddffaf8f1d2,b9769cd578d342b650e6d612afb0e6b9,45484,.png,clean,none,clean
img_00014808,fold_2,non_weapon,05_deepweb,deepweb,,,images/img_00014808.png,datasets/splits/clean/fold_2/non_weapon/img_00014808.png,d6a10bd142b5e57ef22477250508b8d201de984427340c0d6d5a85f1a57e08f4,bdc8bebd83ab2e8c1d32cac784287e4b,9072,.png,clean,none,clean
img_00014815,fold_2,non_weapon,05_deepweb,deepweb,,,images/img_00014815.jpeg,datasets/splits/clean/fold_2/non_weapon/img_00014815.jpeg,41fd9030a563d86e3b75921019b12a43640eddd275f56f7599372f78ac34a304,bee98dab586c884d039144734ecaee54,22568,.jpeg,clean,none,clean
img_00014819,fold_2,non_weapon,05_deepweb,deepweb,,,images/img_00014819.png,datasets/splits/clean/fold_2/non_weapon/img_00014819.png,6897c25c8d1cc6ec6d9c3ee53a4a76316e801f59bf0c1199a03af251b21f4d27,c00e48937222f44a3aae5af5894a3103,75135,.png,clean,none,clean
img_00014841,fold_2,non_weapon,05_deepweb,deepweb,,,images/img_00014841.png,datasets/splits/clean/fold_2/non_weapon/img_00014841.png,2038913ae2aa78a9a6cc3f562491f1d869f482ad58e3e7d6db80d0c00832e56d,cd2d248c983d30a549b9da042e2ae54e,44965,.png,clean,none,clean
img_00014848,fold_2,non_weapon,05_deepweb,deepweb,,,images/img_00014848.jpeg,datasets/splits/clean/fold_2/non_weapon/img_00014848.jpeg,1973ec346decd59fb30996ca78703dcfefb7a7fb636634b6064fad356e646c6f,d1680349b047aa0fcb49e2ad8f19428f,26668,.jpeg,clean,none,clean
img_00014862,fold_2,non_weapon,05_deepweb,deepweb,,,images/img_00014862.jpeg,datasets/splits/clean/fold_2/non_weapon/img_00014862.jpeg,26ca1ada4308e6cbe583b63fa4676eb6609590529bb027faecac51fa18a799a0,d86a64fa2089a1f87fb28a33be6d8a8f,128173,.jpeg,clean,none,clean
img_00014900,fold_2,non_weapon,05_deepweb,deepweb,,,images/img_00014900.png,datasets/splits/clean/fold_2/non_weapon/img_00014900.png,d7b751095f5674dee54190206aed20175fd8901cc2dd9ed4f42d84e5ca7288ec,ea8a3ec49d0573e0fe510fe041193563,94435,.png,clean,none,clean
img_00014901,fold_2,non_weapon,05_deepweb,deepweb,,,images/img_00014901.jpeg,datasets/splits/clean/fold_2/non_weapon/img_00014901.jpeg,006cc2df2a541e32b231c4a06821b57387c90358c48d631c508daa34dfbb71f8,ebbf0b8d5ad1373b3b39bcfd98a01e6c,17079,.jpeg,clean,none,clean
img_00014910,fold_2,non_weapon,05_deepweb,deepweb,,,images/img_00014910.png,datasets/splits/clean/fold_2/non_weapon/img_00014910.png,651214ffb8aa741a6b130a2c05d0f71d290d48c9d68b921c024202121cd5adde,f21baec3b3fb1c6f75ff351ea476ce86,15179,.png,clean,none,clean
img_00014914,fold_2,non_weapon,05_deepweb,deepweb,,,images/img_00014914.png,datasets/splits/clean/fold_2/non_weapon/img_00014914.png,adad8b77ba37f63c1dc8416db70b490c9691e51bdc29f51392b4af90fd4b0e1d,f55f2d876be5a1ea0c170108a7b50b57,47463,.png,clean,none,clean
img_00014923,fold_2,non_weapon,05_deepweb,deepweb,,,images/img_00014923.jpeg,datasets/splits/clean/fold_2/non_weapon/img_00014923.jpeg,28887ba94aea6ff9f8908714b01a7c8573c1cb3364644c9fba5400f65124c9e5,f9529fc42977595932590a1309f6f23c,15229,.jpeg,clean,none,clean
img_00014950,fold_2,non_weapon,05_deepweb,deepweb,,,images/img_00014950.jpeg,datasets/splits/clean/fold_2/non_weapon/img_00014950.jpeg,82162e6c3a76e06a658f4c565f165c15bf6092b15b9603df3a3e80a994dc6870,0b887cd7b59304fe185e51027789e1da,19900,.jpeg,clean,none,clean
img_00014951,fold_2,non_weapon,05_deepweb,deepweb,,,images/img_00014951.jpeg,datasets/splits/clean/fold_2/non_weapon/img_00014951.jpeg,1fbeb3d540d203c732ffd5a4316d3d578b25e809f14be7a58e1ad8d2a9086e10,0c17a64c3649dc907f826598fcd533a6,19790,.jpeg,clean,none,clean
img_00014992,fold_2,non_weapon,05_deepweb,deepweb,,,images/img_00014992.jpeg,datasets/splits/clean/fold_2/non_weapon/img_00014992.jpeg,36add1bb15d18b72012e912db1e9a652677e25407b13323d221f55ea9c425079,292066cba7cf3ef7716c78fa7e59f1f6,21441,.jpeg,clean,none,clean
img_00014994,fold_2,non_weapon,05_deepweb,deepweb,,,images/img_00014994.jpeg,datasets/splits/clean/fold_2/non_weapon/img_00014994.jpeg,127cbc6f0a69a48bd2eca1ec5f1578753e5765defa8b6cc8a279e8942ccff185,2a45db02a31aa00f8a7aa3425615ad2f,59298,.jpeg,clean,none,clean
img_00015007,fold_2,non_weapon,05_deepweb,deepweb,,,images/img_00015007.jpeg,datasets/splits/clean/fold_2/non_weapon/img_00015007.jpeg,c237b99ff4fb6dadd370e9d6d035bcda536e4f8f758aaec71cb7eb1e65c1e02b,35e69fcf2fdb2e0bae18213529bc5099,597623,.jpeg,clean,none,clean
img_00015045,fold_2,non_weapon,05_deepweb,deepweb,,,images/img_00015045.jpeg,datasets/splits/clean/fold_2/non_weapon/img_00015045.jpeg,33c4b151e847b4472b192cd128e1ee4befb3dc8c2f068c42dca1eee085b91d47,4c551289366050a19cd847553a91fa9d,49914,.jpeg,clean,none,clean
img_00015047,fold_2,non_weapon,05_deepweb,deepweb,,,images/img_00015047.jpeg,datasets/splits/clean/fold_2/non_weapon/img_00015047.jpeg,ac632cf192992d10dd49459195b2e5f17de6a4b7bb85ad4f3e89fc4db9245946,4e252c3ad8f5c63d895ba4baa8850f87,58423,.jpeg,clean,none,clean
img_00015069,fold_2,non_weapon,05_deepweb,deepweb,,,images/img_00015069.png,datasets/splits/clean/fold_2/non_weapon/img_00015069.png,b5b14fc60f77664ee57cbc21c3e38684052441813105138d6c598b2c10e768cc,5e4971c2b442ad05d0aa8429ba64ef1b,107800,.png,clean,none,clean
img_00015082,fold_2,non_weapon,05_deepweb,deepweb,,,images/img_00015082.jpeg,datasets/splits/clean/fold_2/non_weapon/img_00015082.jpeg,2fa623853712b3141b74b27fdabfea6b05a8c3e5f0fd01523e8a54a78c33de98,638471ea505c6c131ef6e3f7eed99cb8,15985,.jpeg,clean,none,clean
img_00015091,fold_2,non_weapon,05_deepweb,deepweb,,,images/img_00015091.jpeg,datasets/splits/clean/fold_2/non_weapon/img_00015091.jpeg,c9f5fb2d737e834892a852c01c8e5952997fcfcca0da5109eebf31cccfa39c09,6a81383649e76f602118c6670dda66a9,31957,.jpeg,clean,none,clean
img_00015097,fold_2,non_weapon,05_deepweb,deepweb,,,images/img_00015097.jpeg,datasets/splits/clean/fold_2/non_weapon/img_00015097.jpeg,4843add405f6783a68b36b73e5817551f21947f73808756edddb068aa316763c,6c2f227dc22fc337de10de0cd20c1918,25801,.jpeg,clean,none,clean
img_00015103,fold_2,non_weapon,05_deepweb,deepweb,,,images/img_00015103.png,datasets/splits/clean/fold_2/non_weapon/img_00015103.png,7bb36af501c0c6d8c9d52644acb92e4f1b0388a19c641fa37fde0c13c0f389e8,6e6f7072d65011e1bab8745e526e41bb,31452,.png,clean,none,clean
img_00015105,fold_2,non_weapon,05_deepweb,deepweb,,,images/img_00015105.jpeg,datasets/splits/clean/fold_2/non_weapon/img_00015105.jpeg,16c92ee93090a536f210185fca2f54281e4f49f5401989cca56c30c78baa2330,6ea3c2763c3c41035573274c91f09c17,84045,.jpeg,clean,none,clean
img_00015146,fold_2,non_weapon,05_deepweb,deepweb,,,images/img_00015146.png,datasets/splits/clean/fold_2/non_weapon/img_00015146.png,40ac133cd4e49d0b69da2da3a8fb3616c49850b00bb885fcc37a384b8426e265,88a37dfb3c727e4b41a32135d9b7a13b,108448,.png,clean,none,clean
img_00015203,fold_2,non_weapon,05_deepweb,deepweb,,,images/img_00015203.jpeg,datasets/splits/clean/fold_2/non_weapon/img_00015203.jpeg,f7c64a3fed19ec19d76e9195159eb6bfdd4dceabb5cf9f27d2b8aea9373e00e6,ac692693499e6311aae76781c20e0858,28765,.jpeg,clean,none,clean
img_00015209,fold_2,non_weapon,05_deepweb,deepweb,,,images/img_00015209.jpeg,datasets/splits/clean/fold_2/non_weapon/img_00015209.jpeg,4ffd118960545e02228f0680610a7cc803f951156b22f5c12030e02ea4476a69,afdf08817cbdf05107869a7bec2df16d,20382,.jpeg,clean,none,clean
img_00015214,fold_2,non_weapon,05_deepweb,deepweb,,,images/img_00015214.jpeg,datasets/splits/clean/fold_2/non_weapon/img_00015214.jpeg,f5f86c392983fb925caecb1836796f5cd9b12fdcad8ff3917b34634f12178cfb,b4da1733159d223af6e099a04ac69fee,27845,.jpeg,clean,none,clean
img_00015216,fold_2,non_weapon,05_deepweb,deepweb,,,images/img_00015216.png,datasets/splits/clean/fold_2/non_weapon/img_00015216.png,1c34318039788f7a5cc5cfbbd73a0d2d2496f661d6ad620df67d3a7bccae923b,b54818089bf45dd2856aac6e34f8d89f,123494,.png,clean,none,clean
img_00015223,fold_2,non_weapon,05_deepweb,deepweb,,,images/img_00015223.jpeg,datasets/splits/clean/fold_2/non_weapon/img_00015223.jpeg,a976b9563c44fc0752bb21d49b7e5bf5d8f1a5aef654d2f481f0e252015e27e6,ba10ea435bd0f4ff18cdaf616143320d,26994,.jpeg,clean,none,clean
img_00015231,fold_2,non_weapon,05_deepweb,deepweb,,,images/img_00015231.png,datasets/splits/clean/fold_2/non_weapon/img_00015231.png,e074b5c93b1e1022bc25c9fa9c8a7735147a4cd5e80495b20f2e1d0db735df5e,be8f33b9c15fd5e4fec6fdd28ef44b96,89094,.png,clean,none,clean
img_00015233,fold_2,non_weapon,05_deepweb,deepweb,,,images/img_00015233.jpeg,datasets/splits/clean/fold_2/non_weapon/img_00015233.jpeg,0988d8a14c9e1a5b5aa48892da8a7f14e6d42c67673d41344977356882bfaf82,bf1a1cc7fd16dba544a5e880052767ed,26133,.jpeg,clean,none,clean
img_00015271,fold_2,non_weapon,05_deepweb,deepweb,,,images/img_00015271.png,datasets/splits/clean/fold_2/non_weapon/img_00015271.png,36b00db26d053f5d12b809ff22e60b8b3f32d62537c8dbfe8b033480311eb063,da14e2ef33f75fc33bf67901b28fabae,311503,.png,clean,none,clean
img_00015293,fold_2,non_weapon,05_deepweb,deepweb,,,images/img_00015293.webp,datasets/splits/clean/fold_2/non_weapon/img_00015293.webp,2d8163c0ec77bd51e559e6851f5f382236bb97e8e78ac8dfe3d80d5a6fc0f871,e8d6b9b26138182907737e5da2aff701,15596,.webp,clean,none,clean
img_00000001,fold_2,weapon,01_kaggle_weapon,kaggle,,,images/img_00000001.jpg,datasets/splits/clean/fold_2/weapon/img_00000001.jpg,a9df9263d583d137f19ed1578dd0906d19b44a107d8046794fef3a9ad9389a99,9cfec1e7e6cb90b5d863d06fe4a8dd70,73726,.jpg,clean,none,clean
img_00000003,fold_2,weapon,01_kaggle_weapon,kaggle,,,images/img_00000003.jpg,datasets/splits/clean/fold_2/weapon/img_00000003.jpg,efa5d09ad0e32d215b4cf92103658bd8f539bce02ac34f8c67fd8044e597715f,761e8ab74d35af831e2b5a90b0f08d12,397251,.jpg,clean,none,clean
img_00000006,fold_2,weapon,01_kaggle_weapon,kaggle,,,images/img_00000006.jpeg,datasets/splits/clean/fold_2/weapon/img_00000006.jpeg,53632b0dcc9c8b8b79da2cf9ed829da6f1e49241eba912c0c63bb10ba00a8ff8,eabf9ddee05bda774fa035aa92b440a7,135659,.jpeg,clean,none,clean
img_00000023,fold_2,weapon,01_kaggle_weapon,kaggle,,,images/img_00000023.jpeg,datasets/splits/clean/fold_2/weapon/img_00000023.jpeg,4632d9aeb70633cfaef57985847fcd9ce1b87a9e2ee5c08ac82d57efc6faf66b,47c9c2fe93cfed982dc35b4eb1126dd3,37550,.jpeg,clean,none,clean
img_00000042,fold_2,weapon,01_kaggle_weapon,kaggle,,,images/img_00000042.jpeg,datasets/splits/clean/fold_2/weapon/img_00000042.jpeg,81a63895319f9599680c8dc3f5e98dd15b292126893123abac48e6b2df7673fd,9c9b7632eae943be6affa61a451ad73d,47579,.jpeg,clean,none,clean
img_00000125,fold_2,weapon,01_kaggle_weapon,kaggle,,,images/img_00000125.jpeg,datasets/splits/clean/fold_2/weapon/img_00000125.jpeg,9638d90292eb092489fcb52a31f7391b602a4878ad2a0878a993d0e353e37931,29858836136525df46403739c971a957,85538,.jpeg,clean,none,clean
img_00000127,fold_2,weapon,01_kaggle_weapon,kaggle,,,images/img_00000127.jpeg,datasets/splits/clean/fold_2/weapon/img_00000127.jpeg,63a005592372def7414adc83bae1de11ac530fabf8be9e9d3b9b2b7dc1351306,96325d9507971908580a36004010b7ee,82470,.jpeg,clean,none,clean
img_00000134,fold_2,weapon,01_kaggle_weapon,kaggle,,,images/img_00000134.jpeg,datasets/splits/clean/fold_2/weapon/img_00000134.jpeg,e609aee0aafbdb3af75cbda5fd32b06fa7c75189b26f57120d9d7a3f10dc8fc5,030cf26fe8b344ede39897bf60f53504,22695,.jpeg,clean,none,clean
img_00000135,fold_2,weapon,01_kaggle_weapon,kaggle,,,images/img_00000135.jpeg,datasets/splits/clean/fold_2/weapon/img_00000135.jpeg,ad459a143250dbebfe9d2be907db3938b9a90c9cb869750b3ef85fdbd642fb7b,d514909d927c4ea4c36653e7a66b0db7,50720,.jpeg,clean,none,clean
img_00000138,fold_2,weapon,01_kaggle_weapon,kaggle,,,images/img_00000138.jpeg,datasets/splits/clean/fold_2/weapon/img_00000138.jpeg,5fbf5041006905c153d52f7fa8bad0438930867fa221ab1c61e086f86cdd20f9,9b92dab26a7222b54588d9820bf4383e,32181,.jpeg,clean,none,clean
img_00000146,fold_2,weapon,01_kaggle_weapon,kaggle,,,images/img_00000146.jpeg,datasets/splits/clean/fold_2/weapon/img_00000146.jpeg,b01896e9e8a7e97f37f7710155eb534be78971e619aacab83970108b4a5abf10,19b69e398395d4c6c76e89d283113403,20304,.jpeg,clean,none,clean
img_00000158,fold_2,weapon,01_kaggle_weapon,kaggle,,,images/img_00000158.jpeg,datasets/splits/clean/fold_2/weapon/img_00000158.jpeg,e4f20f6be1aaf17d588c04fdb455e4c46c59f12bac798257d39bbb0c01b4fba9,148218f897ead50c5da5bc5abf03d8ad,149323,.jpeg,clean,none,clean
img_00000165,fold_2,weapon,01_kaggle_weapon,kaggle,,,images/img_00000165.jpeg,datasets/splits/clean/fold_2/weapon/img_00000165.jpeg,a1e2784acafcd3b0a823c320e51f404bc0ccda123e31953a0a9f8bc75aea9b1a,ef7f50f760a0101e95c99e9d67f95b52,73826,.jpeg,clean,none,clean
img_00000231,fold_2,weapon,01_kaggle_weapon,kaggle,,,images/img_00000231.jpeg,datasets/splits/clean/fold_2/weapon/img_00000231.jpeg,3ee76c6db83f669036ead39c858c042217d65e046251187616c399b4f4f88d71,62f8092380850c5b43779df7dd070f92,12439,.jpeg,clean,none,clean
img_00000247,fold_2,weapon,01_kaggle_weapon,kaggle,,,images/img_00000247.png,datasets/splits/clean/fold_2/weapon/img_00000247.png,8765f25d7d48dc8c09cfff4561998a92cf384b61340c6e14cf88bc0c2fad7b83,f5e6ba599572c1c88ab7f94b40332334,187825,.png,clean,none,clean
img_00000256,fold_2,weapon,01_kaggle_weapon,kaggle,,,images/img_00000256.jpeg,datasets/splits/clean/fold_2/weapon/img_00000256.jpeg,9553dcf0748ab68caeeaa2af3da2a49edcb7a4ee61619e916a3432cccc80056f,437bb93183d093655461d500b2171c4d,92580,.jpeg,clean,none,clean
img_00000273,fold_2,weapon,01_kaggle_weapon,kaggle,,,images/img_00000273.jpeg,datasets/splits/clean/fold_2/weapon/img_00000273.jpeg,e2af1a2f8c96c980dd420a0c3a9e981da025df5a7ae5cd7668c1f8d4a609314d,9adc261f2f028eebd0a640e03d196af7,27979,.jpeg,clean,none,clean
img_00000314,fold_2,weapon,01_kaggle_weapon,kaggle,,,images/img_00000314.jpeg,datasets/splits/clean/fold_2/weapon/img_00000314.jpeg,52d6d33d022adae9edfe4609ea397da947776c49af9344dad749d91c0834c247,c0a1117670e98557736d2844e8c4dfbc,168919,.jpeg,clean,none,clean
img_00000322,fold_2,weapon,01_kaggle_weapon,kaggle,,,images/img_00000322.jpeg,datasets/splits/clean/fold_2/weapon/img_00000322.jpeg,8bea069fc86139e8ab330c5769b577d7de073aec9af2dda72bd2cae901ff6b61,87988b4483e14d1705f0d205eb1d50ad,47230,.jpeg,clean,none,clean
img_00000336,fold_2,weapon,01_kaggle_weapon,kaggle,,,images/img_00000336.jpeg,datasets/splits/clean/fold_2/weapon/img_00000336.jpeg,1823069f12ae25d3d1b799b01ec36810f73974299d14111673a105ade8d41aa8,78c247ea9142fe73e81b0a2c1ea154f7,881515,.jpeg,clean,none,clean
img_00000469,fold_2,weapon,02_deepfirearm,deepfirearm,,,images/img_00000469.jpg,datasets/splits/clean/fold_2/weapon/img_00000469.jpg,66210ca20cd9f999668a8f5ed61ed959c247ab31ac1dd5c0a4e2655a51aa06a6,f7fd836e2f672644e7ac30c55405bcce,858519,.jpg,clean,none,clean
img_00000471,fold_2,weapon,02_deepfirearm,deepfirearm,,,images/img_00000471.jpg,datasets/splits/clean/fold_2/weapon/img_00000471.jpg,b5e7218e3f65233030f8ef85acf335bf7cda212c00ed1555714eaa70a5ac3d33,777515fdd853de5eef6732fd001b3889,52085,.jpg,clean,none,clean
img_00000475,fold_2,weapon,02_deepfirearm,deepfirearm,,,images/img_00000475.jpg,datasets/splits/clean/fold_2/weapon/img_00000475.jpg,9fc70f6e74e672bbb21fe6cea0822e62e81e2eaa5b9e320947bb0767ddeed2c9,5e03e1189e04daa4f80ad8000521859f,202723,.jpg,clean,none,clean
img_00000481,fold_2,weapon,02_deepfirearm,deepfirearm,,,images/img_00000481.jpg,datasets/splits/clean/fold_2/weapon/img_00000481.jpg,cd00d3e2dceb9d4def121b54b1bc5b0aaba7a534921c06a61c1b665fcad99f11,15659b540eb3177b8fcf747e3b4d0584,186921,.jpg,clean,none,clean
img_00000483,fold_2,weapon,02_deepfirearm,deepfirearm,,,images/img_00000483.jpg,datasets/splits/clean/fold_2/weapon/img_00000483.jpg,b5154d7cab5994337a1f02afb8dde14970560f9bfabea1f369ded061b129f7fc,c4cf18f2985b2db16be716abeeea11e2,147713,.jpg,clean,none,clean
img_00000485,fold_2,weapon,02_deepfirearm,deepfirearm,,,images/img_00000485.jpg,datasets/splits/clean/fold_2/weapon/img_00000485.jpg,26191063174d6a7cb53ace7b49c1b6a75a00a902e7dfed3ebfd2191ee05ef32c,04fcba0be390dfd291ff3c95075c94fd,40043,.jpg,clean,none,clean
img_00000534,fold_2,weapon,02_deepfirearm,deepfirearm,,,images/img_00000534.jpg,datasets/splits/clean/fold_2/weapon/img_00000534.jpg,e8775c1b8b27bb7de276fa889ac1f356ed62a89b59a00a281f318e3e407ac5ee,f9a5b858ad364ccdcf10dde6594bfa19,200633,.jpg,clean,none,clean
img_00000570,fold_2,weapon,02_deepfirearm,deepfirearm,,,images/img_00000570.jpg,datasets/splits/clean/fold_2/weapon/img_00000570.jpg,cedb3ec5554c6f21afe8bd6cf6d09c933397acb201367083e1b90688ddd3bd7e,9eb8ff00550174391d960b8083af0c86,174215,.jpg,clean,none,clean
img_00000602,fold_2,weapon,02_deepfirearm,deepfirearm,,,images/img_00000602.jpg,datasets/splits/clean/fold_2/weapon/img_00000602.jpg,7356874bbbd543f46c431ab0245e4832fc6ca5b1780a0331c4167b9aa28e2691,05833525a9ae8a5e996f54563df2b5f8,29067,.jpg,clean,none,clean
img_00000605,fold_2,weapon,02_deepfirearm,deepfirearm,,,images/img_00000605.jpg,datasets/splits/clean/fold_2/weapon/img_00000605.jpg,8372fa6f67f79b47ff2a5407b9adcf685b9aaec0ab32ba7a9ead55c22684c30a,84406ac2dca369097c7370c87b8a89f5,67968,.jpg,clean,none,clean
img_00000647,fold_2,weapon,02_deepfirearm,deepfirearm,,,images/img_00000647.jpg,datasets/splits/clean/fold_2/weapon/img_00000647.jpg,a08274a020a007cf75c2cda796693039804c4713c83558619c74c71b70e0c0cd,fc4f0de89ade13c033fb83d7d35fa69e,318432,.jpg,clean,none,clean
img_00000687,fold_2,weapon,02_deepfirearm,deepfirearm,,,images/img_00000687.jpg,datasets/splits/clean/fold_2/weapon/img_00000687.jpg,da90b010e5545d6db013e0107154d8ba6e932efa02fed5bf3d049f2449a243d0,8e067c2367ceaf1f3ef11be71135dae5,173841,.jpg,clean,none,clean
img_00000692,fold_2,weapon,02_deepfirearm,deepfirearm,,,images/img_00000692.jpg,datasets/splits/clean/fold_2/weapon/img_00000692.jpg,45208b6bdeff3763d2d663cd30f1601172ed6d2beaab2c60df71ddc877aefcef,e0a2656c59137cea28f687434b5d3105,146024,.jpg,clean,none,clean
img_00000694,fold_2,weapon,02_deepfirearm,deepfirearm,,,images/img_00000694.jpg,datasets/splits/clean/fold_2/weapon/img_00000694.jpg,0941feb290d3bd41a4f5416a147a0859b590fed1616c34814f34418df40d2cb2,23599a4f6907663661316256c4a516cf,42165,.jpg,clean,none,clean
img_00001523,fold_2,weapon,02_deepfirearm,deepfirearm,,,images/img_00001523.jpg,datasets/splits/clean/fold_2/weapon/img_00001523.jpg,cc40120d7c1003208c463a805801e8f505a7d4492dbe46ddade31fb999a8ee7f,ac9301950e4bf1c94d1ab2fa69f3604f,46669,.jpg,clean,none,clean
img_00001524,fold_2,weapon,02_deepfirearm,deepfirearm,,,images/img_00001524.jpg,datasets/splits/clean/fold_2/weapon/img_00001524.jpg,feda94a6f414329e1e7c6bb8eac4384b70411d31d30f8af4191d55535485b958,879aaf52256a3420b25108d960bfd48e,350642,.jpg,clean,none,clean
img_00001525,fold_2,weapon,02_deepfirearm,deepfirearm,,,images/img_00001525.jpg,datasets/splits/clean/fold_2/weapon/img_00001525.jpg,ab30fc855215d62e09a92e49ea1fb08cf108500d92cdd2b0af7c07283efb516a,98e0a034f5cf4d69b0d21bd3b1f8005d,50727,.jpg,clean,none,clean
img_00004533,fold_2,weapon,02_deepfirearm,deepfirearm,,,images/img_00004533.jpg,datasets/splits/clean/fold_2/weapon/img_00004533.jpg,44087012c11a29462fceaee3d347d16ce75b038d0c1bb6fb971ab7214a550066,8e46dfa13b89759d0a11973e2429abc2,23997,.jpg,clean,none,clean
img_00009542,fold_2,weapon,02_deepfirearm,deepfirearm,,,images/img_00009542.jpg,datasets/splits/clean/fold_2/weapon/img_00009542.jpg,8898dfb1e29fd2e83a821dd05b5811e6a537cdd2e96a9eb760a099e88f362ab2,38b1cc25f75c0d91699df270f1acde71,21921,.jpg,clean,none,clean
img_00010402,fold_2,weapon,02_deepfirearm,deepfirearm,,,images/img_00010402.jpg,datasets/splits/clean/fold_2/weapon/img_00010402.jpg,3893b4fc73c29275ee6e3e538f8c7b6eb9b92281fc36851b536563fbcaa0fa2f,6164bd16b7d9c51b2ab7f972eb768361,108825,.jpg,clean,none,clean
img_00012629,fold_2,weapon,03_google_scraped,google,,,images/img_00012629.jpg,datasets/splits/clean/fold_2/weapon/img_00012629.jpg,bb061123949d8d51ce1a4f199d0d46175863bd6b70397340c7ff5ffe63d54067,71386dc94aeaad2aa872ed22bab426da,22576,.jpg,clean,none,clean
img_00012653,fold_2,weapon,03_google_scraped,google,,,images/img_00012653.jpg,datasets/splits/clean/fold_2/weapon/img_00012653.jpg,dadca2ffaadeb13d33b31bdc43e75cc7f54ddeae80bb9e674269a5aac9aa1625,f559d677ec8364210047e278a5662822,295036,.jpg,clean,none,clean
img_00012678,fold_2,weapon,03_google_scraped,google,,,images/img_00012678.jpg,datasets/splits/clean/fold_2/weapon/img_00012678.jpg,c6de0cc419f5154e2ab0717b61cb7a9314ba9f402cfd87878938eb3c76c049a9,f4c6fbbcc7430541430f1e230d48e748,47108,.jpg,clean,none,clean
img_00012691,fold_2,weapon,03_google_scraped,google,,,images/img_00012691.jpg,datasets/splits/clean/fold_2/weapon/img_00012691.jpg,3e63dce8ba25bfbebf24fb4c5b9cdf3bdac75a6e7ff39ff8561072460550f206,77b81332025d8598fd926ce323b972d9,470353,.jpg,clean,none,clean
img_00012705,fold_2,weapon,03_google_scraped,google,,,images/img_00012705.jpg,datasets/splits/clean/fold_2/weapon/img_00012705.jpg,18a24c807af1ad7bb2a0dedcf94dc99be77e14b609a47a9a984aa6765c251323,18ecb7554dfa9f11a1b349d5e83f2d1a,637904,.jpg,clean,none,clean
img_00012724,fold_2,weapon,03_google_scraped,google,,,images/img_00012724.jpg,datasets/splits/clean/fold_2/weapon/img_00012724.jpg,0a9d9126119ea80919cd1e3a86386ed7e76f7d72a144e1a1059e2b03028b0ea2,c4a07054b24e1033ea22cf8a35152a71,19278,.jpg,clean,none,clean
img_00012736,fold_2,weapon,03_google_scraped,google,,,images/img_00012736.png,datasets/splits/clean/fold_2/weapon/img_00012736.png,d9e0c31fc118b8f517feb488e4eadb5d8f691fc62c6a21ee64f18cf69097d3dd,2f84b75f87b99027600af6085c161cb9,148500,.png,clean,none,clean
img_00012744,fold_2,weapon,03_google_scraped,google,,,images/img_00012744.jpg,datasets/splits/clean/fold_2/weapon/img_00012744.jpg,20ed3b7a9222df901095ea55c8b2f85f526e7ee3c00a49dab57efd6c28347c5b,96ce5b1c0a11da8ed0e613e7bcc2c7a6,98090,.jpg,clean,none,clean
img_00012753,fold_2,weapon,03_google_scraped,google,,,images/img_00012753.jpg,datasets/splits/clean/fold_2/weapon/img_00012753.jpg,9e7c6b5042560b89d84e425db2c41b959f1fa3b0056364b0ec6be2cd7d1306e5,daf6afc117e013a97d3e3e52434554d9,234628,.jpg,clean,none,clean
img_00012756,fold_2,weapon,03_google_scraped,google,,,images/img_00012756.jpg,datasets/splits/clean/fold_2/weapon/img_00012756.jpg,27769ba64d117d96e15016345a4521c283c027853616aea0f876c2a931c2eed4,19353285ece6b7af24500422020d1bd2,205088,.jpg,clean,none,clean
img_00012777,fold_2,weapon,03_google_scraped,google,,,images/img_00012777.jpg,datasets/splits/clean/fold_2/weapon/img_00012777.jpg,dfcf386d6a7b7aa9a88e3a3b479b3df7132ad731f58aa09049fe68200569a392,cf4b6d85fb5779dbe5c362ca51c77e39,146733,.jpg,clean,none,clean
img_00012887,fold_2,weapon,03_google_scraped,google,,,images/img_00012887.jpg,datasets/splits/clean/fold_2/weapon/img_00012887.jpg,842dc475344854234c57db3195c2b5129ffaf9ad6ac58de343a610ac187dbd4b,d0ee61e5f09f307e386c629e915cd7cf,85071,.jpg,clean,none,clean
img_00012952,fold_2,weapon,03_google_scraped,google,,,images/img_00012952.jpg,datasets/splits/clean/fold_2/weapon/img_00012952.jpg,350f9263fdf69784cde491faf3f5042824345331ea3a22fda4839596497ca6b0,d8911da5be82b820eb37f461cce29933,1102712,.jpg,clean,none,clean
img_00012953,fold_2,weapon,03_google_scraped,google,,,images/img_00012953.jpg,datasets/splits/clean/fold_2/weapon/img_00012953.jpg,a46d7fd9a6d5a4021126493da396a2503cf20d7d8cf3edae42db23a885ffe7be,04774b43f78a02c3a69c0f57fc30628e,356284,.jpg,clean,none,clean
img_00012965,fold_2,weapon,03_google_scraped,google,,,images/img_00012965.jpg,datasets/splits/clean/fold_2/weapon/img_00012965.jpg,de0f5115bec0a14204d3c10e5cfd9165eee62b42862804cb0ff6b8f6ce11fe0b,2aacd1029e8cf720bd9e9437eb21ffe0,1487545,.jpg,clean,none,clean
img_00012982,fold_2,weapon,03_google_scraped,google,,,images/img_00012982.jpg,datasets/splits/clean/fold_2/weapon/img_00012982.jpg,e0b112960f463417b47edec80d5ff8f61d0b820cd1dcd17130b8dd29c4e33349,cf2ffc4c41e05be28c5a1af016d6ee2f,120082,.jpg,clean,none,clean
img_00012989,fold_2,weapon,03_google_scraped,google,,,images/img_00012989.jpg,datasets/splits/clean/fold_2/weapon/img_00012989.jpg,30b0bbfcd74db7b1415efa1a0c05369948052caf6cec6386df538cf545c952a5,d5eeb494ed57fe03fe4665586ac3b9b8,83525,.jpg,clean,none,clean
img_00013012,fold_2,weapon,03_google_scraped,google,,,images/img_00013012.jpg,datasets/splits/clean/fold_2/weapon/img_00013012.jpg,d943503f8998d72689c18cf3d28b6cb8fd671dcc5ceb1186f51851197b5d858f,a8ef99eff7016260f924c4e69d0df77f,1621527,.jpg,clean,none,clean
img_00013126,fold_2,weapon,03_google_scraped,google,,,images/img_00013126.jpg,datasets/splits/clean/fold_2/weapon/img_00013126.jpg,70e5f5b8830857c95fc1802b3fc625fa44dd76504f6e2cf75589f9815215991e,a989f1f304fc84d476e67a5c77132161,1820512,.jpg,clean,none,clean
img_00013146,fold_2,weapon,03_google_scraped,google,,,images/img_00013146.jpg,datasets/splits/clean/fold_2/weapon/img_00013146.jpg,136c22bc8f0a0406e8cf665bd6f1fa7ee50d1b978697fd0934f111dec81c99e0,5ff4e28770cead9861a8f7a61ed56361,761413,.jpg,clean,none,clean
img_00013527,fold_2,weapon,04_telegram_youtube,telegram_youtube,,,images/img_00013527.jpg,datasets/splits/clean/fold_2/weapon/img_00013527.jpg,5c3518d52771263f61a25ccc86ea8fe274e9a64b33489ca6238c9e49f250232d,bca2c9b25be02ee12e1dafa5abf3f7dd,234465,.jpg,clean,none,clean
img_00013528,fold_2,weapon,04_telegram_youtube,telegram_youtube,,,images/img_00013528.jpg,datasets/splits/clean/fold_2/weapon/img_00013528.jpg,6efe3af96090c8beb321d970b572dfc5f68f3c86f7666d471b6f00c2179a3a58,4d41b16e2c2590f5fb2630753f8532bf,329188,.jpg,clean,none,clean
img_00013529,fold_2,weapon,04_telegram_youtube,telegram_youtube,,,images/img_00013529.jpg,datasets/splits/clean/fold_2/weapon/img_00013529.jpg,66287582789707b08bde9c3318432a02e26a24d65084e6d9cd697c7a30ca3f18,ceb199b77be7a3ba075f87eb7ed1ca7f,93856,.jpg,clean,none,clean
img_00013534,fold_2,weapon,04_telegram_youtube,telegram_youtube,,,images/img_00013534.jpg,datasets/splits/clean/fold_2/weapon/img_00013534.jpg,b20fffff1716f17c2155b10bd38fade760efc17fd80eea67077d1e3cb76e7008,eed3a87ef0528815baf36e4e7c671f27,105567,.jpg,clean,none,clean
img_00013537,fold_2,weapon,04_telegram_youtube,telegram_youtube,,,images/img_00013537.jpg,datasets/splits/clean/fold_2/weapon/img_00013537.jpg,41e65c3bf79ad520b23d91d5dc1accb886bf07ff2b09efdb4bd8f259116559d5,0457656e06d23b00d3c63329881583cc,294336,.jpg,clean,none,clean
img_00013539,fold_2,weapon,04_telegram_youtube,telegram_youtube,,,images/img_00013539.jpg,datasets/splits/clean/fold_2/weapon/img_00013539.jpg,8126145c145351bcdd53eaff61acdbf2751e240b2d1600abdc3a8e98f2935bb5,1ce11dd673634eff5734df7036f1fb7f,276474,.jpg,clean,none,clean
img_00013540,fold_2,weapon,04_telegram_youtube,telegram_youtube,,,images/img_00013540.jpg,datasets/splits/clean/fold_2/weapon/img_00013540.jpg,8afe2a7c65b35f2b46226db28e0b09bdfbf07c2a943e0b46addec85552c01579,27c748570cae2beea18bd2c1831fb475,282896,.jpg,clean,none,clean
img_00013545,fold_2,weapon,04_telegram_youtube,telegram_youtube,,,images/img_00013545.jpg,datasets/splits/clean/fold_2/weapon/img_00013545.jpg,5be0a33694259a447bdc5d648545a3ec85fb67b36dfa1b878b7d8e6aad80f507,58bc382de0dacda97036e5c286294923,156299,.jpg,clean,none,clean
img_00013547,fold_2,weapon,04_telegram_youtube,telegram_youtube,,,images/img_00013547.jpg,datasets/splits/clean/fold_2/weapon/img_00013547.jpg,702f3da42d10ba698bdc7bd987a35771211d67847ebcb288b732c87774c5d520,1c543e91db282a8eaaab2285c2a36c43,260623,.jpg,clean,none,clean
img_00013555,fold_2,weapon,04_telegram_youtube,telegram_youtube,,,images/img_00013555.jpg,datasets/splits/clean/fold_2/weapon/img_00013555.jpg,4436fa2dddbd9b02cdeea8494c6a6d8bf66a2a8956a7587fd5f1f167ba042753,edd57049fd4feac5ce7e12e054352e7d,303277,.jpg,clean,none,clean
img_00013571,fold_2,weapon,04_telegram_youtube,telegram_youtube,,,images/img_00013571.jpg,datasets/splits/clean/fold_2/weapon/img_00013571.jpg,b0b4dba9b1177024a8aba196764112047b1b6225a125c82ad6b4b818879d41ff,811a2b095053bff50e5d3a5d991fdda5,241873,.jpg,clean,none,clean
img_00013578,fold_2,weapon,04_telegram_youtube,telegram_youtube,,,images/img_00013578.jpg,datasets/splits/clean/fold_2/weapon/img_00013578.jpg,3c081df04cd6e01f07fa8bc06b17c1468b43d838c02c29d394afba55b023f342,916788c6e3c1845f8e7bcb56ca843c2b,208280,.jpg,clean,none,clean
img_00013582,fold_2,weapon,04_telegram_youtube,telegram_youtube,,,images/img_00013582.jpg,datasets/splits/clean/fold_2/weapon/img_00013582.jpg,ceae891696ba543da243f642b8049ea9a4a6c7c03798b1e2854c7a52c3b296db,97040470a7560f2f8f5de1b1a0c2e273,395602,.jpg,clean,none,clean
img_00013599,fold_2,weapon,04_telegram_youtube,telegram_youtube,,,images/img_00013599.jpg,datasets/splits/clean/fold_2/weapon/img_00013599.jpg,09067789f07467a29a1ad4f7b00779785d1e02d59d581e55e891c0c951e1aae9,f2bf9a60fdd1966e93859d451c36ff2d,130231,.jpg,clean,none,clean
img_00013602,fold_2,weapon,04_telegram_youtube,telegram_youtube,,,images/img_00013602.jpg,datasets/splits/clean/fold_2/weapon/img_00013602.jpg,a1ac5cc04f85f31c3cf83615c7456ec5190cbc0d6de33ad3537b3da70b25ae71,1a85be150af2f2ae2da31947c4dd1e95,132274,.jpg,clean,none,clean
img_00013621,fold_2,weapon,04_telegram_youtube,telegram_youtube,,,images/img_00013621.jpg,datasets/splits/clean/fold_2/weapon/img_00013621.jpg,7f83c9960b3bba02d466d625dbe19f13713744ff36fbc60b5c0fee9d8b7bd192,949601b69bc145c84f248a976e76956d,238789,.jpg,clean,none,clean
img_00013622,fold_2,weapon,04_telegram_youtube,telegram_youtube,,,images/img_00013622.jpg,datasets/splits/clean/fold_2/weapon/img_00013622.jpg,057d7a0faba708b80621be5a83987a534dfea122e31d39729a5e847850aa3ce5,dd70e9046df93ff6c92958da09152d5e,195326,.jpg,clean,none,clean
img_00013633,fold_2,weapon,04_telegram_youtube,telegram_youtube,,,images/img_00013633.jpg,datasets/splits/clean/fold_2/weapon/img_00013633.jpg,4faa4c1dfeb8fe2e8d80414eaaf059e8b0f2dd640e677d0fbf01904de7a041f7,b0df57421ddca0b2acfc7d6e17a91b6c,234506,.jpg,clean,none,clean
img_00013638,fold_2,weapon,04_telegram_youtube,telegram_youtube,,,images/img_00013638.jpg,datasets/splits/clean/fold_2/weapon/img_00013638.jpg,d4170fe19c0e804882179bfd9e820724fe2837124672d8c0eb002b7df3ed4aa4,cda6949aad3dddaef9109a89a497f46f,52280,.jpg,clean,none,clean
img_00013641,fold_2,weapon,04_telegram_youtube,telegram_youtube,,,images/img_00013641.jpg,datasets/splits/clean/fold_2/weapon/img_00013641.jpg,4a70129189430a1377a8cba46db35d2c1160b4c53eafa13bb31330db22eeefce,277d8916f00e1bf287924973ac040c3c,214936,.jpg,clean,none,clean
img_00014365,fold_2,weapon,05_deepweb,deepweb,,,images/img_00014365.jpeg,datasets/splits/clean/fold_2/weapon/img_00014365.jpeg,796420da361f5702ab55d5f337635e1127e2b734d598ce04a12aee3ff5c252b2,068acf7c37276e8c56d176412d1646e6,30489,.jpeg,clean,none,clean
img_00014367,fold_2,weapon,05_deepweb,deepweb,,,images/img_00014367.jpeg,datasets/splits/clean/fold_2/weapon/img_00014367.jpeg,f41a9dc786a8d7a016a7f9e239faad2f4a69f3de3fd9425634f8c285279c643f,13ef85fcaaefa97f51d55e6dfafbfff6,5636,.jpeg,clean,none,clean
img_00014370,fold_2,weapon,05_deepweb,deepweb,,,images/img_00014370.jpeg,datasets/splits/clean/fold_2/weapon/img_00014370.jpeg,669abbad4c0a7ed47f08a5a42320e2c5c6e9420ee6365131e1464ec7e1248a13,1543a55957f99d39fb086b6087ccb6a1,18966,.jpeg,clean,none,clean
img_00014383,fold_2,weapon,05_deepweb,deepweb,,,images/img_00014383.png,datasets/splits/clean/fold_2/weapon/img_00014383.png,d7a51826ba718f9d31a6ecd37e3864579c8985cb48b4c20212384f1e0ba43088,2fb3bd0458c26c7e1a0722a02d4a3ab5,1117414,.png,clean,none,clean
img_00014392,fold_2,weapon,05_deepweb,deepweb,,,images/img_00014392.jpeg,datasets/splits/clean/fold_2/weapon/img_00014392.jpeg,0e66a17a0e1e5cbd770a0a72522ba317624ebfe988d86ce5a764c6d2b48c646c,44b40ea7ea564127d435bb1732f0aede,23238,.jpeg,clean,none,clean
img_00014395,fold_2,weapon,05_deepweb,deepweb,,,images/img_00014395.jpeg,datasets/splits/clean/fold_2/weapon/img_00014395.jpeg,59a364681482192d5d9af3abb229b7024a8abc389df9f9f96431dab22b601f69,4e67b43273378ff98525cd1f71826e24,58463,.jpeg,clean,none,clean
img_00014413,fold_2,weapon,05_deepweb,deepweb,,,images/img_00014413.webp,datasets/splits/clean/fold_2/weapon/img_00014413.webp,2156f2183efb100bdbb5127af750a22b95f0490f21852aac4fa7251d1d80168f,8cc5dd64681ee792c6cf0ab508abf116,15384,.webp,clean,none,clean
img_00014414,fold_2,weapon,05_deepweb,deepweb,,,images/img_00014414.jpeg,datasets/splits/clean/fold_2/weapon/img_00014414.jpeg,8f56c4ba4b972b8f2c181b1c4f44de7754d36d7827e0b840288be44f478c71ed,8ecfa5dc2450e13dc58bbb02b3fa32cd,669889,.jpeg,clean,none,clean
img_00014417,fold_2,weapon,05_deepweb,deepweb,,,images/img_00014417.jpeg,datasets/splits/clean/fold_2/weapon/img_00014417.jpeg,1298972abda1a3e0624c24217882cfd10e994051b2313adb15bf9ea88270d932,9acefb113fbf62e460efa93b303d46d7,40006,.jpeg,clean,none,clean
img_00014434,fold_2,weapon,05_deepweb,deepweb,,,images/img_00014434.webp,datasets/splits/clean/fold_2/weapon/img_00014434.webp,e6d5d622fac233edcbb450b94bc7ea5eb0e0be9a5511b95a74d44ce797f5b196,d9c1f6944004ed4cd65fa61b094b52a6,317200,.webp,clean,none,clean
img_00014437,fold_2,weapon,05_deepweb,deepweb,,,images/img_00014437.webp,datasets/splits/clean/fold_2/weapon/img_00014437.webp,741a524997775a2ea1dcacd047ec8bd781a98721f462900c3bc3f35242326eb1,def1afa6e4147a6b38f10840343647f5,117160,.webp,clean,none,clean
img_00014473,fold_2,weapon,05_deepweb,deepweb,,,images/img_00014473.jpeg,datasets/splits/clean/fold_2/weapon/img_00014473.jpeg,50f25bab53b4900da722c0031e5e0e734a1b8a2840cb505fa621d7a6419dbddf,10c7dd53639a8852685fccd8412d7b9b,42971,.jpeg,clean,none,clean
img_00014476,fold_2,weapon,05_deepweb,deepweb,,,images/img_00014476.jpeg,datasets/splits/clean/fold_2/weapon/img_00014476.jpeg,88038b69082ea9b8b7037b394b6c0d2dad5b43dd645dc9937ccb45dd08284da0,11732298084908e3579702c11f4214b3,17811,.jpeg,clean,none,clean
img_00014477,fold_2,weapon,05_deepweb,deepweb,,,images/img_00014477.jpeg,datasets/splits/clean/fold_2/weapon/img_00014477.jpeg,908d2b03f7594d469eab457fb837c39384898ab1625ad0443adb5b17ecf0882f,11e7998213cfbe34f797741817f4b03a,10393,.jpeg,clean,none,clean
img_00014484,fold_2,weapon,05_deepweb,deepweb,,,images/img_00014484.jpeg,datasets/splits/clean/fold_2/weapon/img_00014484.jpeg,2578cf54466576aa1d051e2db0ae097fea37800f035a97d38fdba2b9cc0915ca,15fa287968a329acbdc0a5f9da4f6c0e,100546,.jpeg,clean,none,clean
img_00014497,fold_2,weapon,05_deepweb,deepweb,,,images/img_00014497.jpeg,datasets/splits/clean/fold_2/weapon/img_00014497.jpeg,61867a911d2a9dcf21d19fe6d4c6bab8a5774d70006a407c697b37d6f5138546,1caf3e81b81cb67f2ebef9ee7288a331,48854,.jpeg,clean,none,clean
img_00014500,fold_2,weapon,05_deepweb,deepweb,,,images/img_00014500.jpeg,datasets/splits/clean/fold_2/weapon/img_00014500.jpeg,b5d57ddc48eec3aac419899dc8ad2fde80cf5045cb8fe8e56c48f2f1a31be720,1e9f4c88ce692fe5791506f1987867dd,36257,.jpeg,clean,none,clean
img_00014511,fold_2,weapon,05_deepweb,deepweb,,,images/img_00014511.jpeg,datasets/splits/clean/fold_2/weapon/img_00014511.jpeg,d55e19f8b678c079bfe50014b51ef82e6a2846b5b2e36d937f1fc74cf6ddf018,239de62424784724c7bbe3fca4abdefa,24583,.jpeg,clean,none,clean
img_00014512,fold_2,weapon,05_deepweb,deepweb,,,images/img_00014512.jpeg,datasets/splits/clean/fold_2/weapon/img_00014512.jpeg,35835227c2fcf0e4ba38565fb98f34e89d03d5587cbb852c30172a12f027e97f,2500fa4c19e496f0297293f16357a5b8,12325,.jpeg,clean,none,clean
img_00014531,fold_2,weapon,05_deepweb,deepweb,,,images/img_00014531.jpeg,datasets/splits/clean/fold_2/weapon/img_00014531.jpeg,28b12534e1e943045816b1980cb0084797d9a4f534f1850515b854fdb8ffd8fd,2ee47c818b95bcb48c51e28e4626edd3,17031,.jpeg,clean,none,clean
img_00012884,fold_3,non_weapon,03_google_scraped,google,,,images/img_00012884.jpg,datasets/splits/clean/fold_3/non_weapon/img_00012884.jpg,953b9d1d817b403d340cbfd61c803aa864aa58545f987a27c64cce91f9f0c59c,f98a0b011cb332b0c394dff7ed0ee4e9,234264,.jpg,clean,none,clean
img_00012897,fold_3,non_weapon,03_google_scraped,google,,,images/img_00012897.jpg,datasets/splits/clean/fold_3/non_weapon/img_00012897.jpg,4484f6a5a5f5e3250e0249922944adc1da8346ce7079e1de875535018271ae79,5a8941d4c2278fa3e81bd282667167e0,274968,.jpg,clean,none,clean
img_00012902,fold_3,non_weapon,03_google_scraped,google,,,images/img_00012902.jpg,datasets/splits/clean/fold_3/non_weapon/img_00012902.jpg,417262b30be08f0c33e218b4ca98792fa37f86913369753bb43afb9ede93872b,cc93e13432c927772983e362e70cfccf,221333,.jpg,clean,none,clean
img_00012932,fold_3,non_weapon,03_google_scraped,google,,,images/img_00012932.jpg,datasets/splits/clean/fold_3/non_weapon/img_00012932.jpg,89c4783e4fd11c050ec215e4899a197e9205d4d09a0377527717eb4ba1fafa43,d714deebebea145b8ad7ae052610030e,144970,.jpg,clean,none,clean
img_00012948,fold_3,non_weapon,03_google_scraped,google,,,images/img_00012948.jpg,datasets/splits/clean/fold_3/non_weapon/img_00012948.jpg,d5995951b610a7195a562798fa38af1bb4b6099e4beb33795ed1d8005ad928a6,9a8951dee7fdbfed005b836c245f506f,104391,.jpg,clean,none,clean
img_00013112,fold_3,non_weapon,03_google_scraped,google,,,images/img_00013112.jpg,datasets/splits/clean/fold_3/non_weapon/img_00013112.jpg,9b2e39b181b4697d3dd835625a99c58ddd7a5a09ac4859a547bc453a6957b3f1,77e1e9872abb3d13af338df27de6a70a,45225,.jpg,clean,none,clean
img_00013521,fold_3,non_weapon,04_telegram_youtube,telegram_youtube,,,images/img_00013521.jpg,datasets/splits/clean/fold_3/non_weapon/img_00013521.jpg,3e8c11fde73afe59acf299a2d1d7831343001eec6ec7fdb74868ce304554d863,5a8039722ff5e3c3a4d494cabd05a83d,62216,.jpg,clean,none,clean
img_00013561,fold_3,non_weapon,04_telegram_youtube,telegram_youtube,,,images/img_00013561.jpg,datasets/splits/clean/fold_3/non_weapon/img_00013561.jpg,be32286e48cd7ddbc9662721380a6687c54f7d647510c4ada3b704da710a0c79,449393fcbb8611a7b4b018badc855cd9,104448,.jpg,clean,none,clean
img_00013613,fold_3,non_weapon,04_telegram_youtube,telegram_youtube,,,images/img_00013613.jpg,datasets/splits/clean/fold_3/non_weapon/img_00013613.jpg,33d26c69201fda9fd336f5e444070d53c4c6633be73cdce564cc9116099dbbfc,fd455b40b017f8d2a12678b23c94a5a6,136039,.jpg,clean,none,clean
img_00013616,fold_3,non_weapon,04_telegram_youtube,telegram_youtube,,,images/img_00013616.jpg,datasets/splits/clean/fold_3/non_weapon/img_00013616.jpg,305e650fec941222bd775c322cf3e9ab346dffbe289611862fd8f958c9bc0287,7afdc4a4f21906ef67441b63876ec6a9,45187,.jpg,clean,none,clean
img_00013700,fold_3,non_weapon,04_telegram_youtube,telegram_youtube,,,images/img_00013700.jpg,datasets/splits/clean/fold_3/non_weapon/img_00013700.jpg,13e29a887b3315c25ac2e6e47a90f8c307977b2c3116b2a511e0d167bb824b22,c290d1d037e3beacfeba2d57d38ad177,169646,.jpg,clean,none,clean
img_00013836,fold_3,non_weapon,04_telegram_youtube,telegram_youtube,,,images/img_00013836.jpg,datasets/splits/clean/fold_3/non_weapon/img_00013836.jpg,33c8c29a2ca494205ceafd29e272409c6f1a662730443c6bf656c8ad05c59eff,6342aceae0f33185426decc4cc3c0f62,115211,.jpg,clean,none,clean
img_00013840,fold_3,non_weapon,04_telegram_youtube,telegram_youtube,,,images/img_00013840.jpg,datasets/splits/clean/fold_3/non_weapon/img_00013840.jpg,deb134a563cc631057b3fd40e7ccbdac0568cdf6114e900c5b335663c23bac4a,b064168a9fcb90d6426194fb773ee509,118235,.jpg,clean,none,clean
img_00013969,fold_3,non_weapon,04_telegram_youtube,telegram_youtube,,,images/img_00013969.jpg,datasets/splits/clean/fold_3/non_weapon/img_00013969.jpg,c276737b7dea3d0bc86f694263c6c7bec864c34175a1bed853eca0d9f0c76b75,3c27aa8cbc07730c17c9a79306950e61,64355,.jpg,clean,none,clean
img_00014108,fold_3,non_weapon,04_telegram_youtube,telegram_youtube,,,images/img_00014108.jpg,datasets/splits/clean/fold_3/non_weapon/img_00014108.jpg,fc784b97707d28ddc092126c186e1fe1dd4e79663683d7d6f52fca46b2bd8792,3d0b504780643939ee00115a209328f1,27590,.jpg,clean,none,clean
img_00014188,fold_3,non_weapon,04_telegram_youtube,telegram_youtube,,,images/img_00014188.jpg,datasets/splits/clean/fold_3/non_weapon/img_00014188.jpg,97a1fdacf939a365e58a8fb220b6f85e0e81d8eaa82b2355880bee8f329b2fff,12555e3a8dba7c035b3677e9fd21dbdc,70582,.jpg,clean,none,clean
img_00014191,fold_3,non_weapon,04_telegram_youtube,telegram_youtube,,,images/img_00014191.jpg,datasets/splits/clean/fold_3/non_weapon/img_00014191.jpg,55f03174aa4a5541b55a8638db8a5edf78ee9c50fbf7526a9e573642718a732c,b3295ecf345d06e1e29c16a2b091f753,147522,.jpg,clean,none,clean
img_00014373,fold_3,non_weapon,05_deepweb,deepweb,,,images/img_00014373.jpeg,datasets/splits/clean/fold_3/non_weapon/img_00014373.jpeg,2fa34213b2e2f6f174a445c0a02f5e61970d19952a5f084193cbc6fb0f435ab5,214f20d5bb7c6ff7f0808a2f16e42784,37115,.jpeg,clean,none,clean
img_00014408,fold_3,non_weapon,05_deepweb,deepweb,,,images/img_00014408.jpeg,datasets/splits/clean/fold_3/non_weapon/img_00014408.jpeg,ea6a41264dbc4c21adac1116575033b8d82fe6dbb49e1fc2b19b2d752c70afb1,728459470ae016c3a0e20adf0d879a78,46863,.jpeg,clean,none,clean
img_00014425,fold_3,non_weapon,05_deepweb,deepweb,,,images/img_00014425.jpeg,datasets/splits/clean/fold_3/non_weapon/img_00014425.jpeg,88e009833faa1dce41b37ae4041a25fd28ce94792ee1ffd5784f6ae816e16542,b1722915390575e90f2d53c95e359dbf,14480,.jpeg,clean,none,clean
img_00014455,fold_3,non_weapon,05_deepweb,deepweb,,,images/img_00014455.jpeg,datasets/splits/clean/fold_3/non_weapon/img_00014455.jpeg,1c7b6b24bcac4a6611eac6c5336edcb4a5aa887a1fced7836097d65bac362361,05482b11672e61c1c92450ef3b9d251c,14632,.jpeg,clean,none,clean
img_00014468,fold_3,non_weapon,05_deepweb,deepweb,,,images/img_00014468.jpeg,datasets/splits/clean/fold_3/non_weapon/img_00014468.jpeg,947110ea5e5350cdcf306790c3e39a696e735f27bc118d5a5cfa6134b185ad80,0c000b155c0d8da757eb9cbbb18942f3,36527,.jpeg,clean,none,clean
img_00014474,fold_3,non_weapon,05_deepweb,deepweb,,,images/img_00014474.jpeg,datasets/splits/clean/fold_3/non_weapon/img_00014474.jpeg,387a3c122ae50b65716ee2816af55937f6d6046353b2ce595747b14b172e048e,110f6a5d5a10b11502294cd6b8661abf,14010,.jpeg,clean,none,clean
img_00014482,fold_3,non_weapon,05_deepweb,deepweb,,,images/img_00014482.png,datasets/splits/clean/fold_3/non_weapon/img_00014482.png,83112b42314d6433c1c8202a4656aff124391d52c720927eaf1eb97860461593,1414f39149579c3c7440a92c1b0589a5,79353,.png,clean,none,clean
img_00014483,fold_3,non_weapon,05_deepweb,deepweb,,,images/img_00014483.jpeg,datasets/splits/clean/fold_3/non_weapon/img_00014483.jpeg,9721b3cfb824520c093092930be9dbb543c48f2931157d1b3495569588445627,15d1f633d38228a7f7ea66793d33aad3,22730,.jpeg,clean,none,clean
img_00014487,fold_3,non_weapon,05_deepweb,deepweb,,,images/img_00014487.png,datasets/splits/clean/fold_3/non_weapon/img_00014487.png,1f5393973de75c932acb41b9e492a46f551168bb118e587dae7a70893fbd076e,1832aac270239d224712b60995ccba4a,129797,.png,clean,none,clean
img_00014488,fold_3,non_weapon,05_deepweb,deepweb,,,images/img_00014488.webp,datasets/splits/clean/fold_3/non_weapon/img_00014488.webp,6615d6a246bc2eb3faecdf64a70816121ac13e1dc5397c738648bac65df0a2f5,1916ab55aec5098f615660d52b2a28e9,64282,.webp,clean,none,clean
img_00014491,fold_3,non_weapon,05_deepweb,deepweb,,,images/img_00014491.png,datasets/splits/clean/fold_3/non_weapon/img_00014491.png,368fca90e8a2c3db49876dc8d42178a89d14197e1e636449f88ea1eb294aa36b,19c923b7a1d996c7d4734ed340f57018,147429,.png,clean,none,clean
img_00014499,fold_3,non_weapon,05_deepweb,deepweb,,,images/img_00014499.jpeg,datasets/splits/clean/fold_3/non_weapon/img_00014499.jpeg,3262bdd7358eebfd6d8f51653e0342fc0e0890c5fadb6ef119d943a4010a35d2,1d719648ecb3bc9f6adfbefab2c79fd9,17645,.jpeg,clean,none,clean
img_00014501,fold_3,non_weapon,05_deepweb,deepweb,,,images/img_00014501.jpeg,datasets/splits/clean/fold_3/non_weapon/img_00014501.jpeg,14f801afadb38a659ca1c3ec2e7e4fa4847285548b2ce2564e850c5d911a7633,1eda47d05980f1a84bfa55bc52fda9a2,7041,.jpeg,clean,none,clean
img_00014518,fold_3,non_weapon,05_deepweb,deepweb,,,images/img_00014518.jpeg,datasets/splits/clean/fold_3/non_weapon/img_00014518.jpeg,df2c1ea97127964e460e95a568d02b9560512f2d3aa3ad343e5299fbef80e176,283f01903d59cab79d7a39c77d6115f4,22274,.jpeg,clean,none,clean
img_00014534,fold_3,non_weapon,05_deepweb,deepweb,,,images/img_00014534.png,datasets/splits/clean/fold_3/non_weapon/img_00014534.png,9e043e8a13f11a4e2fe69e76fc2184dcb1d09afd094ef5819316456451debcec,2ff17f31f734597463f003bfd8545523,39207,.png,clean,none,clean
img_00014536,fold_3,non_weapon,05_deepweb,deepweb,,,images/img_00014536.jpeg,datasets/splits/clean/fold_3/non_weapon/img_00014536.jpeg,629290045668cea23ef0a6af20b81d96fbf4a54e6fee6b7c92fc4e43ea170b75,319c08a394c5340dc95e8000a82faaa9,90751,.jpeg,clean,none,clean
img_00014537,fold_3,non_weapon,05_deepweb,deepweb,,,images/img_00014537.jpeg,datasets/splits/clean/fold_3/non_weapon/img_00014537.jpeg,9d0e2048bd3bcd436afac9ffb108585f92187ca5eef65b4f00b7d35518f3c82d,321879e488f23d22fbb64913bd4dff6a,19264,.jpeg,clean,none,clean
img_00014542,fold_3,non_weapon,05_deepweb,deepweb,,,images/img_00014542.png,datasets/splits/clean/fold_3/non_weapon/img_00014542.png,19a35343a0d8b7be3912e3e83dc182170f79eaad62b71a968262c731f3bdb7d6,346466f628fc920cb7ca0ec0323a6916,141128,.png,clean,none,clean
img_00014556,fold_3,non_weapon,05_deepweb,deepweb,,,images/img_00014556.jpeg,datasets/splits/clean/fold_3/non_weapon/img_00014556.jpeg,feebd93932ceaa69494f9569ddf15ac22692408de61102b57947161b12ce222e,3e7de9e1b50ac306ed6cc5e57afea9cb,24525,.jpeg,clean,none,clean
img_00014562,fold_3,non_weapon,05_deepweb,deepweb,,,images/img_00014562.jpeg,datasets/splits/clean/fold_3/non_weapon/img_00014562.jpeg,b55bbc37fd5617caa0404260bd2a10aea43936560c06b37284ddf028235e033c,402b75363893484eee134d3d520d1820,10654,.jpeg,clean,none,clean
img_00014581,fold_3,non_weapon,05_deepweb,deepweb,,,images/img_00014581.webp,datasets/splits/clean/fold_3/non_weapon/img_00014581.webp,1ecfb04b19238720d349c1433c0f8ff1cd730551c803a584e2eb5281e1d5f810,4b83a37c4089166749147625d0f6bbec,22774,.webp,clean,none,clean
img_00014582,fold_3,non_weapon,05_deepweb,deepweb,,,images/img_00014582.jpeg,datasets/splits/clean/fold_3/non_weapon/img_00014582.jpeg,e79e815070b098b337a452cc781838ec81da452c28fc236be6151703926db939,4c4aed3ba98b653169972a0ac688ca19,17492,.jpeg,clean,none,clean
img_00014603,fold_3,non_weapon,05_deepweb,deepweb,,,images/img_00014603.png,datasets/splits/clean/fold_3/non_weapon/img_00014603.png,6054cbbe6ded172427e53e4d8fbc8b0b28331f9264518584d18c8aa7c489ff2b,547b807a311b1e4f301a602cca0b6cb4,61132,.png,clean,none,clean
img_00014605,fold_3,non_weapon,05_deepweb,deepweb,,,images/img_00014605.png,datasets/splits/clean/fold_3/non_weapon/img_00014605.png,4e6198c891566902d9c15549565823986a02090d8da859e9c5a7a2f2f0a401c6,559d6992493c35c8586bf0d6d801092f,83911,.png,clean,none,clean
img_00014640,fold_3,non_weapon,05_deepweb,deepweb,,,images/img_00014640.jpeg,datasets/splits/clean/fold_3/non_weapon/img_00014640.jpeg,69ada775eb9dfa113d527e31475bfd819db516cfc8a07d21e8ec18a383a364dd,688b430e4476f935a5a1f1b5fb0ff5f5,34364,.jpeg,clean,none,clean
img_00014645,fold_3,non_weapon,05_deepweb,deepweb,,,images/img_00014645.png,datasets/splits/clean/fold_3/non_weapon/img_00014645.png,a754ea758877df3d55f688c7aa6f8dc0e30d20f5d40382d87432ce3803bee912,69e693fafcb65b26be2e9a96ad6ac87f,5801,.png,clean,none,clean
img_00014676,fold_3,non_weapon,05_deepweb,deepweb,,,images/img_00014676.jpeg,datasets/splits/clean/fold_3/non_weapon/img_00014676.jpeg,fa2a9e0aa4dec421044570ff874bcbb3a8c6a91bc783527b7c7fee36d7cfc147,7b427730e407148264576172438b33aa,9998,.jpeg,clean,none,clean
img_00014687,fold_3,non_weapon,05_deepweb,deepweb,,,images/img_00014687.jpeg,datasets/splits/clean/fold_3/non_weapon/img_00014687.jpeg,01db91944c1ca26e1c299a654b4c6c6d6cdbc8722328f67be377b0856f205d7e,7fd456a9deca71df9a26881db64f43ef,71435,.jpeg,clean,none,clean
img_00014693,fold_3,non_weapon,05_deepweb,deepweb,,,images/img_00014693.png,datasets/splits/clean/fold_3/non_weapon/img_00014693.png,63b13c3521c5f1e9fcc8f3f766ec604bcb20ef4f6294e26fab3718724792e9be,846fed03fe0abbb974f781eb89f3a2be,81980,.png,clean,none,clean
img_00014694,fold_3,non_weapon,05_deepweb,deepweb,,,images/img_00014694.jpeg,datasets/splits/clean/fold_3/non_weapon/img_00014694.jpeg,54b4e910c0ce3bc249e868f9863225517d6aa1a84c0cc4ae309da24f6370bf44,8491814f446ebfb725757bd8b0eaecc1,21018,.jpeg,clean,none,clean
img_00014705,fold_3,non_weapon,05_deepweb,deepweb,,,images/img_00014705.png,datasets/splits/clean/fold_3/non_weapon/img_00014705.png,3fda6ca9cc2d9ccb3082b770cc80b79021415dd4d0597feaad8d682a927baa12,8a5a65553dde932507705f96f5877f54,62021,.png,clean,none,clean
img_00014708,fold_3,non_weapon,05_deepweb,deepweb,,,images/img_00014708.jpeg,datasets/splits/clean/fold_3/non_weapon/img_00014708.jpeg,9c235d96f2783cecfc3cdaac1b0e46d28e83845783f59c1be8839bd92a697b67,8b56bfd346e60641a419b979d0f02d8b,32590,.jpeg,clean,none,clean
img_00014742,fold_3,non_weapon,05_deepweb,deepweb,,,images/img_00014742.jpeg,datasets/splits/clean/fold_3/non_weapon/img_00014742.jpeg,7d5f508c6efd3ca95988f85c855e09bc7092dfeb6cf02ff042a67814dbc50b2e,9f37c36e504bd5db59574da8301a86ea,14710,.jpeg,clean,none,clean
img_00014769,fold_3,non_weapon,05_deepweb,deepweb,,,images/img_00014769.webp,datasets/splits/clean/fold_3/non_weapon/img_00014769.webp,5e19f5a1c936b6d637a08cd2a4fb22c03889570f07027c786e9dc5e83b9a329a,ac5d998d1dbe0b9e4a2ab0d70ce67fe9,67390,.webp,clean,none,clean
img_00014781,fold_3,non_weapon,05_deepweb,deepweb,,,images/img_00014781.jpeg,datasets/splits/clean/fold_3/non_weapon/img_00014781.jpeg,65fe2d294817b388c58d6dec33fe1ab752f545f2f48714c828ccd2cde4b5b43d,b23a111609061ecf7dafe952f19fd0c5,48582,.jpeg,clean,none,clean
img_00014797,fold_3,non_weapon,05_deepweb,deepweb,,,images/img_00014797.jpeg,datasets/splits/clean/fold_3/non_weapon/img_00014797.jpeg,e6a8b7b9f2bacf53ed58628b5a1d68b9a75f63bd8331a78040fa9cf2f72fee99,b8a886de04f0684b49dfc254abc8662a,68835,.jpeg,clean,none,clean
img_00014804,fold_3,non_weapon,05_deepweb,deepweb,,,images/img_00014804.png,datasets/splits/clean/fold_3/non_weapon/img_00014804.png,56a67e8996de47370f7fb6b9696089be6907fa48c195778378c288557c7d5675,bc4c454be7ae512a4801e389f0e828e4,26147,.png,clean,none,clean
img_00014807,fold_3,non_weapon,05_deepweb,deepweb,,,images/img_00014807.png,datasets/splits/clean/fold_3/non_weapon/img_00014807.png,ad778fe82db4fc84de03776d27f0f1d444d4596400d5dc2f046912dbe85e7cf4,bd91b4bbd05ae2812e29837c539e0ff1,29702,.png,clean,none,clean
img_00014816,fold_3,non_weapon,05_deepweb,deepweb,,,images/img_00014816.jpeg,datasets/splits/clean/fold_3/non_weapon/img_00014816.jpeg,ba406140117f697b2486469d14aba0efa388fa3c70bf3e1bc4e6aee860b0c8e0,bf41ae8240c319b21c54c829afa1e141,14962,.jpeg,clean,none,clean
img_00014823,fold_3,non_weapon,05_deepweb,deepweb,,,images/img_00014823.jpeg,datasets/splits/clean/fold_3/non_weapon/img_00014823.jpeg,caba3a02c4d0e8e367488678ba0d6536bde34b9c66231253639c4058eb325c85,c2106b0c676936d1b12ac31e9bac12f1,28638,.jpeg,clean,none,clean
img_00014834,fold_3,non_weapon,05_deepweb,deepweb,,,images/img_00014834.png,datasets/splits/clean/fold_3/non_weapon/img_00014834.png,256a743a577319181d138a6dffce51eecc800e98ebbb2c22f84c3fac5c1deb07,c77dd61b51ad08f579f82357ad82818a,79214,.png,clean,none,clean
img_00014837,fold_3,non_weapon,05_deepweb,deepweb,,,images/img_00014837.png,datasets/splits/clean/fold_3/non_weapon/img_00014837.png,67444d5e40ac687c7e275f90fb30db627c975462dcafb7ae84b8e51ec5325b22,c96e0c9461ba9c505a9786af21858fb5,39556,.png,clean,none,clean
img_00014851,fold_3,non_weapon,05_deepweb,deepweb,,,images/img_00014851.jpeg,datasets/splits/clean/fold_3/non_weapon/img_00014851.jpeg,e25dbce5fcaf6370261d8ae83db3bd91ff31dc300d27c1e9fa7622f0c24c17af,d1aa5506da19012b53f00dbfc0ce6090,21052,.jpeg,clean,none,clean
img_00014858,fold_3,non_weapon,05_deepweb,deepweb,,,images/img_00014858.png,datasets/splits/clean/fold_3/non_weapon/img_00014858.png,cb1f10bf2872e4dea917deb93fb6ab7e2ddbde3ea3ce5b581cfc4d9a91c4a3b7,d40dea5e9edb93b0df052b349ab8894e,19674,.png,clean,none,clean
img_00014860,fold_3,non_weapon,05_deepweb,deepweb,,,images/img_00014860.jpeg,datasets/splits/clean/fold_3/non_weapon/img_00014860.jpeg,0afa4ab990543f5973d7443207aaacb0b0d2e3d080d95d2e5225f0b5534d2ef3,d5aabb820ab85ea55609bc46d218c316,39163,.jpeg,clean,none,clean
img_00014865,fold_3,non_weapon,05_deepweb,deepweb,,,images/img_00014865.png,datasets/splits/clean/fold_3/non_weapon/img_00014865.png,b7a039b0184a47059fa13f07fde2fa040b6bf2507a5028b86d8148f46d4400f0,dadeaf6f371b775cd607e3903e5df701,134952,.png,clean,none,clean
img_00014867,fold_3,non_weapon,05_deepweb,deepweb,,,images/img_00014867.jpeg,datasets/splits/clean/fold_3/non_weapon/img_00014867.jpeg,1ec727466316c9287a47840c17796595371b6ceeed89ba3c372b6be5109a6a90,db7dce868a38671d2a81a99334ecd8b8,13920,.jpeg,clean,none,clean
img_00014874,fold_3,non_weapon,05_deepweb,deepweb,,,images/img_00014874.jpeg,datasets/splits/clean/fold_3/non_weapon/img_00014874.jpeg,0044c3cb80d645512c8f7ff870398b9de9701aff488196005258feb454166cc5,df5cb8139eccf8cca349a0b1763cda50,15404,.jpeg,clean,none,clean
img_00014883,fold_3,non_weapon,05_deepweb,deepweb,,,images/img_00014883.png,datasets/splits/clean/fold_3/non_weapon/img_00014883.png,e9effaf98ef8b81ced192b26fbcc9074a42b2fb19dc837158f8d4cad4f9131a7,e30ea3616b80c5fc760fa0e1a1de279d,246399,.png,clean,none,clean
img_00014885,fold_3,non_weapon,05_deepweb,deepweb,,,images/img_00014885.png,datasets/splits/clean/fold_3/non_weapon/img_00014885.png,e66a65dda4a2e3748247e5110d17b7cecf08429a827b3aad8f9b5f08c9429503,e391629dbd546b549402f98c0b89e208,177356,.png,clean,none,clean
img_00014899,fold_3,non_weapon,05_deepweb,deepweb,,,images/img_00014899.jpeg,datasets/splits/clean/fold_3/non_weapon/img_00014899.jpeg,e62d9c2057279cb6d1de888e1a2a405bdcc1bbca099eb8311edad2600e917540,e9e39922d0d8dff36386a377fa0b186c,37561,.jpeg,clean,none,clean
img_00014912,fold_3,non_weapon,05_deepweb,deepweb,,,images/img_00014912.png,datasets/splits/clean/fold_3/non_weapon/img_00014912.png,2f2f67a001cd785fd01526be8a423925eb694253245002f8a434124625002caf,f4ce9b1e7b0457d5ac629534d9acedc1,45080,.png,clean,none,clean
img_00014960,fold_3,non_weapon,05_deepweb,deepweb,,,images/img_00014960.png,datasets/splits/clean/fold_3/non_weapon/img_00014960.png,3e0620462241687d794ba36d97e5a25ebf0db2a08784c3fff05f61ba9c2cd11e,11fa04b4e6ed6ac5bbaa6af35245f15c,989466,.png,clean,none,clean
img_00014973,fold_3,non_weapon,05_deepweb,deepweb,,,images/img_00014973.jpeg,datasets/splits/clean/fold_3/non_weapon/img_00014973.jpeg,fa5d63e77e2383a41565b67bab0d78d25fcd66fce3486f0a3e4f97edf186b01a,1ab15fb6a10594c42354e04fe4a7051e,49831,.jpeg,clean,none,clean
img_00015015,fold_3,non_weapon,05_deepweb,deepweb,,,images/img_00015015.jpeg,datasets/splits/clean/fold_3/non_weapon/img_00015015.jpeg,22c20123a0a5dd7c5208fc48ddc8debb244efcb023d7cba9caa12caf53f4c4ab,3aa21ce27982d191bb709772b3f592b9,15133,.jpeg,clean,none,clean
img_00015018,fold_3,non_weapon,05_deepweb,deepweb,,,images/img_00015018.png,datasets/splits/clean/fold_3/non_weapon/img_00015018.png,29749c36a20e51cf0a30b396f51d8d6859e6e50a89d553348588d5f68fb8aaf4,3c910c7442f538a45455defe8bccb6ba,107899,.png,clean,none,clean
img_00015020,fold_3,non_weapon,05_deepweb,deepweb,,,images/img_00015020.jpeg,datasets/splits/clean/fold_3/non_weapon/img_00015020.jpeg,1f84c2b09eb949dc4dcc6df1031ff3713d4261c44091184555ae03747f1570a0,3cd755cd22820b44a938464473ebd892,237497,.jpeg,clean,none,clean
img_00015030,fold_3,non_weapon,05_deepweb,deepweb,,,images/img_00015030.png,datasets/splits/clean/fold_3/non_weapon/img_00015030.png,c01f42f56996e4c5e25c7c9cd04a51874f04ee17f1bcf842f689718884308274,40663a536760d2e4b54e103cd5a3dea2,102798,.png,clean,none,clean
img_00015049,fold_3,non_weapon,05_deepweb,deepweb,,,images/img_00015049.jpeg,datasets/splits/clean/fold_3/non_weapon/img_00015049.jpeg,1316248b955b96c518c9d180c6c09e3ba85cba0de111bdd84d5371327c997908,4e7380ebc8328487bbe84631edc55dc3,26646,.jpeg,clean,none,clean
img_00015052,fold_3,non_weapon,05_deepweb,deepweb,,,images/img_00015052.png,datasets/splits/clean/fold_3/non_weapon/img_00015052.png,c4989f288540ca8d044a051e334605966d9100270e857a7ab984d8979c97ece5,501bc555588ed91432a710b1b9934a13,107749,.png,clean,none,clean
img_00015054,fold_3,non_weapon,05_deepweb,deepweb,,,images/img_00015054.jpeg,datasets/splits/clean/fold_3/non_weapon/img_00015054.jpeg,00e7ba5da7ce6a189d8c1bc9275e0869fc9ac57df0d901a459a87e09258bbb98,521cce2b7fce0aebc1aba46d803106db,10495,.jpeg,clean,none,clean
img_00015072,fold_3,non_weapon,05_deepweb,deepweb,,,images/img_00015072.webp,datasets/splits/clean/fold_3/non_weapon/img_00015072.webp,fdde247377e1d078c094ca7c67c76d9788eb8a7b470b4ea84440c4c96317bbca,5f55cfd383e0841aaf4209fd90be5c5f,5438,.webp,clean,none,clean
img_00015076,fold_3,non_weapon,05_deepweb,deepweb,,,images/img_00015076.png,datasets/splits/clean/fold_3/non_weapon/img_00015076.png,0664ad13cb0a416ebf3ac117c0fbc91340dbbf01615ba4e0c573f87c743df25e,5fcacda4dbc814e959be92bc29315291,105777,.png,clean,none,clean
img_00015088,fold_3,non_weapon,05_deepweb,deepweb,,,images/img_00015088.png,datasets/splits/clean/fold_3/non_weapon/img_00015088.png,21278db200d12bc810e2b62cf4704ec0c7c93fbd44e42c93ac54fb5b37bf3af4,68a3f026d0c1bc1a6adb1033adda9389,125750,.png,clean,none,clean
img_00015094,fold_3,non_weapon,05_deepweb,deepweb,,,images/img_00015094.png,datasets/splits/clean/fold_3/non_weapon/img_00015094.png,b895e20cf0b0db7dc59e9660e6e4d9fc7e986c3a4d05d62f33c57252d9ac8978,6b1aba75180116426b6b03ff9b01f1b6,33870,.png,clean,none,clean
img_00015099,fold_3,non_weapon,05_deepweb,deepweb,,,images/img_00015099.jpeg,datasets/splits/clean/fold_3/non_weapon/img_00015099.jpeg,0fa524b5fd654e949fa7ace52d495ca560a90001e1d31aec9ab1e99dfd930c42,6c489512b9250215c1bb995070cb4894,20004,.jpeg,clean,none,clean
img_00015119,fold_3,non_weapon,05_deepweb,deepweb,,,images/img_00015119.png,datasets/splits/clean/fold_3/non_weapon/img_00015119.png,2f8224e82365509c6150da5ac01502893e3c1b6ef0b2c5696c9b51713cd967bc,79f19b83cf37e0c6fe8f340b8b330269,205647,.png,clean,none,clean
img_00015138,fold_3,non_weapon,05_deepweb,deepweb,,,images/img_00015138.jpeg,datasets/splits/clean/fold_3/non_weapon/img_00015138.jpeg,5e8f381ee2ea5460cb7e62af5157072d8f78bed92b0dbd66c491221deeadce5d,8424c807e59e1ed583f767330138df95,22126,.jpeg,clean,none,clean
img_00015164,fold_3,non_weapon,05_deepweb,deepweb,,,images/img_00015164.png,datasets/splits/clean/fold_3/non_weapon/img_00015164.png,278ba35984287c9e92bcaf64086235e4f94598188b59f94ee3fb68f992954161,94ee9614dcb5363625fe6c9b44f6d12e,45822,.png,clean,none,clean
img_00015193,fold_3,non_weapon,05_deepweb,deepweb,,,images/img_00015193.png,datasets/splits/clean/fold_3/non_weapon/img_00015193.png,1a8bfc22b2ea133f2e2c1760ff5180f83798350de3b6b6a39a7fd98e949d6b35,a4f8ef53a650f107defb00aa78d1cb94,108956,.png,clean,none,clean
img_00015198,fold_3,non_weapon,05_deepweb,deepweb,,,images/img_00015198.jpeg,datasets/splits/clean/fold_3/non_weapon/img_00015198.jpeg,1762116b94340a104a3a2d87e7d5d477ed8bb2301cf9d3435b62af13d06e1e48,a8051851c0f212b070f6de1d1ac32602,30047,.jpeg,clean,none,clean
img_00015202,fold_3,non_weapon,05_deepweb,deepweb,,,images/img_00015202.jpeg,datasets/splits/clean/fold_3/non_weapon/img_00015202.jpeg,5428692ec6408e6ac553b98ddf4e9171a145903d2d02112079098ebfcf620631,ab7878cea650f083cd664e3c683a65f0,43134,.jpeg,clean,none,clean
img_00015205,fold_3,non_weapon,05_deepweb,deepweb,,,images/img_00015205.png,datasets/splits/clean/fold_3/non_weapon/img_00015205.png,1cb39891af6784f5dfe5adfceeccc74cc04d7d8d3426e99f1643cb6b09691605,aeb29f5678c3d79ca8dbdb637e6738f7,107624,.png,clean,none,clean
img_00015212,fold_3,non_weapon,05_deepweb,deepweb,,,images/img_00015212.jpeg,datasets/splits/clean/fold_3/non_weapon/img_00015212.jpeg,e848b2935fe62bc89976da2a80fee98d47d6633eb400df059c4fa02a5743cfae,b059e5ff4bebb4446474b7b84575c949,26391,.jpeg,clean,none,clean
img_00015222,fold_3,non_weapon,05_deepweb,deepweb,,,images/img_00015222.png,datasets/splits/clean/fold_3/non_weapon/img_00015222.png,d4185b99ea036805808f3b42fe26eaaa661fd69f7970af787d89dcd1436ac0e0,b9e24e0953f7d18fe93770c0185bf1b6,108416,.png,clean,none,clean
img_00015230,fold_3,non_weapon,05_deepweb,deepweb,,,images/img_00015230.webp,datasets/splits/clean/fold_3/non_weapon/img_00015230.webp,ccbfda9f2195339b5c9eeccda75009ac40a282ed35b0b922b3afa0697b6b748a,bdf472aa6dbb2ad9fbc02903f691a721,14624,.webp,clean,none,clean
img_00015232,fold_3,non_weapon,05_deepweb,deepweb,,,images/img_00015232.jpeg,datasets/splits/clean/fold_3/non_weapon/img_00015232.jpeg,5e53c40d5a5966426e8b9cd35424da7e80eb3bc2cda59eed01f0cd5ed3131d22,bf03036a0ec7f19c1720c655b172aaa4,13962,.jpeg,clean,none,clean
img_00015235,fold_3,non_weapon,05_deepweb,deepweb,,,images/img_00015235.jpeg,datasets/splits/clean/fold_3/non_weapon/img_00015235.jpeg,85ec958d444293543a8ce03468fbf68198812e773c133489aee9855a338fa93d,c086d4bfc55e88d74ff5313d6a013260,87467,.jpeg,clean,none,clean
img_00015236,fold_3,non_weapon,05_deepweb,deepweb,,,images/img_00015236.png,datasets/splits/clean/fold_3/non_weapon/img_00015236.png,f2de30c276b6154460a0322bbc6984885397882e3790809a5a8ce4661033dada,c097af12230db2b8bd95f92892a2c95d,12540,.png,clean,none,clean
img_00015257,fold_3,non_weapon,05_deepweb,deepweb,,,images/img_00015257.png,datasets/splits/clean/fold_3/non_weapon/img_00015257.png,2cb1f7a534da58b915ffac9fd6598803c13a12e7da0aae44f0df94cd6271c737,cf128d59b0ad7fe8a83a1aa64fa8c76f,28190,.png,clean,none,clean
img_00015275,fold_3,non_weapon,05_deepweb,deepweb,,,images/img_00015275.jpeg,datasets/splits/clean/fold_3/non_weapon/img_00015275.jpeg,ccd222a1ae597ff05e9237418d7abd2f8f32fa2529b0644bb97377eead9edc48,dd55377498ddb5b472de3c2e03fa3202,23387,.jpeg,clean,none,clean
img_00015305,fold_3,non_weapon,05_deepweb,deepweb,,,images/img_00015305.png,datasets/splits/clean/fold_3/non_weapon/img_00015305.png,f40e746e4df6f19e3dac9b56c4212ceeda371c37d9af9e68ddb1801d08289546,eff8c70a48cd8f9395a7b49b61444b93,125619,.png,clean,none,clean
img_00015306,fold_3,non_weapon,05_deepweb,deepweb,,,images/img_00015306.jpeg,datasets/splits/clean/fold_3/non_weapon/img_00015306.jpeg,12357270dd3bac3b1777dcfd9bdecbca4d4676a844af90fcc3e89fc36beefcca,f210f7691664eb96f3b6e2b244e0abff,390078,.jpeg,clean,none,clean
img_00000007,fold_3,weapon,01_kaggle_weapon,kaggle,,,images/img_00000007.jpeg,datasets/splits/clean/fold_3/weapon/img_00000007.jpeg,3df5b7a968dc6c91265468c6d6ed3286c3f8a914f865f9550af76469c0d1e20e,3ce1a8b5044096ac98a1c954e386292c,236851,.jpeg,clean,none,clean
img_00000016,fold_3,weapon,01_kaggle_weapon,kaggle,,,images/img_00000016.jpeg,datasets/splits/clean/fold_3/weapon/img_00000016.jpeg,77023af700c6393981c82b34a69ca3f178c5499564dc4bf6cfba4277204763c5,f2732614e3f26f6616537c200fff87db,19727,.jpeg,clean,none,clean
img_00000039,fold_3,weapon,01_kaggle_weapon,kaggle,,,images/img_00000039.jpeg,datasets/splits/clean/fold_3/weapon/img_00000039.jpeg,ad5a42fc7f4249fd01949903839ef7a5b288870f978fe67b705da4493e1026db,08293af59fecb0627541f324dff3823d,58005,.jpeg,clean,none,clean
img_00000044,fold_3,weapon,01_kaggle_weapon,kaggle,,,images/img_00000044.jpeg,datasets/splits/clean/fold_3/weapon/img_00000044.jpeg,1ee955e9abb3442b27430a0f9853938280a08eb2c894e8bbd5da0f2cb454b50e,5c0751a6eaa8d122c44a44f5f741f315,413021,.jpeg,clean,none,clean
img_00000129,fold_3,weapon,01_kaggle_weapon,kaggle,,,images/img_00000129.jpeg,datasets/splits/clean/fold_3/weapon/img_00000129.jpeg,6912da70b94387fc65665d272daf2a12272c3dbd2045a3994ee18686bc046879,6f1d52d244a341fa1ca5750313d831d2,31535,.jpeg,clean,none,clean
img_00000132,fold_3,weapon,01_kaggle_weapon,kaggle,,,images/img_00000132.jpeg,datasets/splits/clean/fold_3/weapon/img_00000132.jpeg,84105c4775264d85305fe251b87407f4349a9586fa87bb1d72b1075bc0717314,d307a0b9536e81ba6468895e1fea3ac7,11903456,.jpeg,clean,none,clean
img_00000142,fold_3,weapon,01_kaggle_weapon,kaggle,,,images/img_00000142.jpeg,datasets/splits/clean/fold_3/weapon/img_00000142.jpeg,94de9b5b16a79843641571a3ef8e14836b5fa2d2ee21657fcff3c2cbddfc901c,c96dcd6505f7c29ac58f9388acbbbbf5,1520426,.jpeg,clean,none,clean
img_00000147,fold_3,weapon,01_kaggle_weapon,kaggle,,,images/img_00000147.jpeg,datasets/splits/clean/fold_3/weapon/img_00000147.jpeg,9ad9aa84ff3fa884dbd4328ea64aceb4a49af88e0f75185c57993b7af5468466,ac6eebc20b71f415a39e0965adaad838,51570,.jpeg,clean,none,clean
img_00000153,fold_3,weapon,01_kaggle_weapon,kaggle,,,images/img_00000153.png,datasets/splits/clean/fold_3/weapon/img_00000153.png,0b22b9f6c8ea9dde8bfc39aabd1fb13d238aa1ae13452a73c1b80e29fd9cb8e4,70b92ec202fd8d1051ea737e4743adc2,329778,.png,clean,none,clean
img_00000155,fold_3,weapon,01_kaggle_weapon,kaggle,,,images/img_00000155.jpeg,datasets/splits/clean/fold_3/weapon/img_00000155.jpeg,faea579ddcba65c2d327aec667f2f9c14d8b50e4ffe4fabace1bb9f01d62a2fd,47b2bcf4028fa34f67338b8190131a4c,312734,.jpeg,clean,none,clean
img_00000160,fold_3,weapon,01_kaggle_weapon,kaggle,,,images/img_00000160.png,datasets/splits/clean/fold_3/weapon/img_00000160.png,f5d312d7dcec328e43ca9fe258559a2f527f7fae15fad3b296e7064348de74c6,1bbc1eea3ed332ea98d878720cf1ad43,1025922,.png,clean,none,clean
img_00000162,fold_3,weapon,01_kaggle_weapon,kaggle,,,images/img_00000162.jpeg,datasets/splits/clean/fold_3/weapon/img_00000162.jpeg,352cb9360f7b36a08854bcacebc292b257330183c54a120da674b72ce71f1618,272d21d4619f3d3b93930dddc377b1f5,196136,.jpeg,clean,none,clean
img_00000166,fold_3,weapon,01_kaggle_weapon,kaggle,,,images/img_00000166.jpeg,datasets/splits/clean/fold_3/weapon/img_00000166.jpeg,26596381c8b153d9f8fddc69d6441a854b8b358520371de5100ea501e164fda7,7084796bbabe4604398596563cdef82e,57456,.jpeg,clean,none,clean
img_00000167,fold_3,weapon,01_kaggle_weapon,kaggle,,,images/img_00000167.jpeg,datasets/splits/clean/fold_3/weapon/img_00000167.jpeg,ded4cf0a2889a1e7a0ddf8c2136d8facebf9958cd39695e7475886161ca1ee48,22373c7f63660dbba7ffe126d86f58c2,77385,.jpeg,clean,none,clean
img_00000222,fold_3,weapon,01_kaggle_weapon,kaggle,,,images/img_00000222.jpeg,datasets/splits/clean/fold_3/weapon/img_00000222.jpeg,cb3e8760a649d57266baaf33606a2b264857bc107acdee7bfc83520b7beec5b3,7c0684cc4c476401c9de21bb14f26519,58412,.jpeg,clean,none,clean
img_00000223,fold_3,weapon,01_kaggle_weapon,kaggle,,,images/img_00000223.png,datasets/splits/clean/fold_3/weapon/img_00000223.png,00bc1c9fabb12d6a32959bd57a58a283cbf4416329abc29cf2a7d284077d310e,4de0e7639aec89df5b464acab54bfc50,131119,.png,clean,none,clean
img_00000234,fold_3,weapon,01_kaggle_weapon,kaggle,,,images/img_00000234.jpeg,datasets/splits/clean/fold_3/weapon/img_00000234.jpeg,633846f757b634766416f062ebf63babe2547d516c0f0835f2f31c950b93dd01,ea16d0c326ea85ff2256d3b59305cb0b,8001,.jpeg,clean,none,clean
img_00000293,fold_3,weapon,01_kaggle_weapon,kaggle,,,images/img_00000293.jpeg,datasets/splits/clean/fold_3/weapon/img_00000293.jpeg,da990903eccc877c80b1e07b1561ecf014701fe9d6f7a5a91308664deb85d3b6,c65955068acbeef4766344617ec05f68,216360,.jpeg,clean,none,clean
img_00000324,fold_3,weapon,01_kaggle_weapon,kaggle,,,images/img_00000324.jpeg,datasets/splits/clean/fold_3/weapon/img_00000324.jpeg,ce7c04050e2b91e68d3c6c6a917115ad776f4af2c46aefe0fcb1f23ae3e58fc2,ea4193241f5742b098b3e69c21310028,42787,.jpeg,clean,none,clean
img_00000354,fold_3,weapon,01_kaggle_weapon,kaggle,,,images/img_00000354.jpeg,datasets/splits/clean/fold_3/weapon/img_00000354.jpeg,a403578886120c5e10a5353086337d1e71ccf3bbe22f82961790f2af96f9ee3f,991204c6dcbb0c494dfafcb9bbf48fe6,582194,.jpeg,clean,none,clean
img_00000474,fold_3,weapon,02_deepfirearm,deepfirearm,,,images/img_00000474.jpg,datasets/splits/clean/fold_3/weapon/img_00000474.jpg,b29c6fc232c948418364f9c1c7bf0eb9666cb1cd0af8984931116fbfcfd1d97d,5f46307570ce345b64b911aba77a5ca4,26442,.jpg,clean,none,clean
img_00000476,fold_3,weapon,02_deepfirearm,deepfirearm,,,images/img_00000476.jpg,datasets/splits/clean/fold_3/weapon/img_00000476.jpg,34616fd56a708a77803cf57f48c7a2b44d25b4b0f620423914ada96c3a41ba9a,208f7f78be140f6b4240d381a852a693,216872,.jpg,clean,none,clean
img_00000479,fold_3,weapon,02_deepfirearm,deepfirearm,,,images/img_00000479.jpg,datasets/splits/clean/fold_3/weapon/img_00000479.jpg,f747b4cf0f846dd7479cb3cdca7223f15c64634d429b0d07f59d07af54e5f39c,a68ca23ec81690067d67e4d06b29cb1b,92862,.jpg,clean,none,clean
img_00000484,fold_3,weapon,02_deepfirearm,deepfirearm,,,images/img_00000484.jpg,datasets/splits/clean/fold_3/weapon/img_00000484.jpg,d6deb6edaac66ecc121a44ffa066552514b69168fed7d3cd04e1a6247f1615a1,783fb7956ae6d77b5eb8c0e13ad0ef64,173635,.jpg,clean,none,clean
img_00000486,fold_3,weapon,02_deepfirearm,deepfirearm,,,images/img_00000486.jpg,datasets/splits/clean/fold_3/weapon/img_00000486.jpg,7bac5836f5be7bd22d44b3794316038f46168ed268269cea05c9128087b6949d,5f57ee483fd75b288996f2599f48051f,36515,.jpg,clean,none,clean
img_00000528,fold_3,weapon,02_deepfirearm,deepfirearm,,,images/img_00000528.jpg,datasets/splits/clean/fold_3/weapon/img_00000528.jpg,db3f1db008fa2637a13e6f72b58ada82583a03f3e96d42fc73977ef6089e5c94,d098045825f48100a1a5d75d8c52f0ad,74980,.jpg,clean,none,clean
img_00000533,fold_3,weapon,02_deepfirearm,deepfirearm,,,images/img_00000533.jpg,datasets/splits/clean/fold_3/weapon/img_00000533.jpg,1e2bb575911bf3c4154ffd8198b40d8a2d6cd28a101a400193ee165477a76964,8a0701f86664a80a27a32ba9227a47a1,146936,.jpg,clean,none,clean
img_00000567,fold_3,weapon,02_deepfirearm,deepfirearm,,,images/img_00000567.jpg,datasets/splits/clean/fold_3/weapon/img_00000567.jpg,1273f815ab9efeea9d8c41dac9d2f9de071e5a094c9df8009f0b9645a7ce34a2,3367b44c8e71707e207fbe44de4fb189,387843,.jpg,clean,none,clean
img_00000601,fold_3,weapon,02_deepfirearm,deepfirearm,,,images/img_00000601.jpg,datasets/splits/clean/fold_3/weapon/img_00000601.jpg,4c540d528209e07453747dc4af74be13d2c91925dec92cff784f3f4c8113bafe,5324b2fd8e30b938f8a69610ce5b3a32,24140,.jpg,clean,none,clean
img_00000646,fold_3,weapon,02_deepfirearm,deepfirearm,,,images/img_00000646.jpg,datasets/splits/clean/fold_3/weapon/img_00000646.jpg,81fbdac4f88fe5e0052599a2ad67370e54ef0d34cf54b8a94da40b0443bb58c9,412b930bb32bd0f6139a9ff0fb42e77a,48866,.jpg,clean,none,clean
img_00000695,fold_3,weapon,02_deepfirearm,deepfirearm,,,images/img_00000695.jpg,datasets/splits/clean/fold_3/weapon/img_00000695.jpg,0b1b960f90b738ccf2bfab237ab55ba0a9a15aef56ed938a7af0893110ce967f,cc786ba6d328b4632f109eefe602759a,48305,.jpg,clean,none,clean
img_00000839,fold_3,weapon,02_deepfirearm,deepfirearm,,,images/img_00000839.jpg,datasets/splits/clean/fold_3/weapon/img_00000839.jpg,ec4165704034b52c29a81826682fdcb2f982804ef3c2c3cfd4be9ddc3eaca6dd,d919d01bc4f7cd5c0110c98a2fb88195,57534,.jpg,clean,none,clean
img_00003527,fold_3,weapon,02_deepfirearm,deepfirearm,,,images/img_00003527.jpg,datasets/splits/clean/fold_3/weapon/img_00003527.jpg,6c1f76df14c33f947749aed07c6afd06da91f6f6fd16dff95d464dc5eb454ab7,4089d30305e8ed88a5dbb01d7f714c93,118536,.jpg,clean,none,clean
img_00004530,fold_3,weapon,02_deepfirearm,deepfirearm,,,images/img_00004530.jpg,datasets/splits/clean/fold_3/weapon/img_00004530.jpg,adcb9559bf385571430f7eb1d8e7b73c8541eb3ae2cfe2076dddf4f07519c6d1,6983692a882ae3ce74dacbc654394e93,360312,.jpg,clean,none,clean
img_00004531,fold_3,weapon,02_deepfirearm,deepfirearm,,,images/img_00004531.jpg,datasets/splits/clean/fold_3/weapon/img_00004531.jpg,48bbb60c00e00027c391c9865f203eb019ce76e6ac15ba3a7fc073aaa17a714e,16d65acbd4855d86c648625e16d6823a,57398,.jpg,clean,none,clean
img_00004532,fold_3,weapon,02_deepfirearm,deepfirearm,,,images/img_00004532.jpg,datasets/splits/clean/fold_3/weapon/img_00004532.jpg,5f6966e087de06382b2ba7c69649c95f1d4308114f78e23829cc2c2bb5e3ffbd,3b7cf6075006d588cca7ce4c3c15f7a3,71423,.jpg,clean,none,clean
img_00009539,fold_3,weapon,02_deepfirearm,deepfirearm,,,images/img_00009539.jpg,datasets/splits/clean/fold_3/weapon/img_00009539.jpg,8908769a1994b31df13f4a7c02388cbea8c56342b05ece0cc444563aa3d1bab1,4fff60d5763caee63be533de6aef427a,115012,.jpg,clean,none,clean
img_00010394,fold_3,weapon,02_deepfirearm,deepfirearm,,,images/img_00010394.jpg,datasets/splits/clean/fold_3/weapon/img_00010394.jpg,8491f37dfc130cca79e82d22829c66b42682649895bcf84236d6e9e902c28dfb,73f1416147c16a4525914fc995a083a4,18203,.jpg,clean,none,clean
img_00010556,fold_3,weapon,02_deepfirearm,deepfirearm,,,images/img_00010556.jpg,datasets/splits/clean/fold_3/weapon/img_00010556.jpg,be94d2c01091b56b9577e04433edf9f91bee61b7b1376d9ba3032973ba9e8c4f,5e5c88258c9bdb13bc9c20ed1e1d188b,63187,.jpg,clean,none,clean
img_00011553,fold_3,weapon,02_deepfirearm,deepfirearm,,,images/img_00011553.jpg,datasets/splits/clean/fold_3/weapon/img_00011553.jpg,c25ce78eee975c4f976b254c8089930109ab94d509723c334c6e52d839969c72,b62e58ca5d8a5fd91edc9732cb4207c3,128732,.jpg,clean,none,clean
img_00012630,fold_3,weapon,03_google_scraped,google,,,images/img_00012630.jpg,datasets/splits/clean/fold_3/weapon/img_00012630.jpg,a8cc7824de91cb946de1ff1c76b82081d42564ca5b6d655aa365b02f5a42abb8,d7a4e052dbfd36bf6d4d59b17b27697c,90465,.jpg,clean,none,clean
img_00012640,fold_3,weapon,03_google_scraped,google,,,images/img_00012640.jpg,datasets/splits/clean/fold_3/weapon/img_00012640.jpg,d801f0666151c98f81f52fa542560ce5f40f5332ebfa711204c9d36a745a5032,9675d24d7253f5f62cff480d15313dbf,56138,.jpg,clean,none,clean
img_00012660,fold_3,weapon,03_google_scraped,google,,,images/img_00012660.jpg,datasets/splits/clean/fold_3/weapon/img_00012660.jpg,fc80d9ab5745e9e1d071d2cca23c0de647b0d2851346463e2f542c6aa4172d0f,cfafe0c9086d774b9190889adcfc64d6,97287,.jpg,clean,none,clean
img_00012676,fold_3,weapon,03_google_scraped,google,,,images/img_00012676.jpg,datasets/splits/clean/fold_3/weapon/img_00012676.jpg,803464134a26402ca424e4db81c1229afe90c06fe952583524879c995dff8294,98513ae2b054011a78bce7fb90fb82f5,27376,.jpg,clean,none,clean
img_00012685,fold_3,weapon,03_google_scraped,google,,,images/img_00012685.jpg,datasets/splits/clean/fold_3/weapon/img_00012685.jpg,eb647a915afe07e9805df473f2e78e59b0299f4af847163c2d70e5b1bf42bb04,631dbb3b7d9b90283047267364b6e4b7,1070973,.jpg,clean,none,clean
img_00012699,fold_3,weapon,03_google_scraped,google,,,images/img_00012699.jpg,datasets/splits/clean/fold_3/weapon/img_00012699.jpg,4db66c7b101ef0072f120ca9d047a649cee601b4aa7d3ae7034daced070bd922,28ef6a3038ddb3628fadb70a9c6dcf1c,73413,.jpg,clean,none,clean
img_00012707,fold_3,weapon,03_google_scraped,google,,,images/img_00012707.jpg,datasets/splits/clean/fold_3/weapon/img_00012707.jpg,e9ab9cd455ef055ef035947b2b3bf1a3ca23ef6fe1201e11608694f0cf3bbf61,3d1cc9683dd3fc5f4804d7bab2ae95c6,133914,.jpg,clean,none,clean
img_00012723,fold_3,weapon,03_google_scraped,google,,,images/img_00012723.jpg,datasets/splits/clean/fold_3/weapon/img_00012723.jpg,ad07271644b13892c365440b1d3e5a3305b4d295e33cb32d60bf884b08fe5e98,033a1c8016bcadbdb7ab98a4acd37546,42393,.jpg,clean,none,clean
img_00012726,fold_3,weapon,03_google_scraped,google,,,images/img_00012726.jpg,datasets/splits/clean/fold_3/weapon/img_00012726.jpg,868c789c2072e52e0cc03e92f2dac316161fddc8ae23ef7522244d7abbf29b2f,de1953c612567fa100d1985482bf1863,33664,.jpg,clean,none,clean
img_00012742,fold_3,weapon,03_google_scraped,google,,,images/img_00012742.jpg,datasets/splits/clean/fold_3/weapon/img_00012742.jpg,9be68b053f30850a76d2061e616dd74b0882c93ef0aae9f8df3667ba91c39f30,49203b8e0a3fccad365857bc847555b4,46700,.jpg,clean,none,clean
img_00012743,fold_3,weapon,03_google_scraped,google,,,images/img_00012743.jpg,datasets/splits/clean/fold_3/weapon/img_00012743.jpg,4404de9e01ada3e9c815c520f447a78f232a8de731e6206fd76b95e3163b42c4,ffa01beb4ed4d4415e650cfae899dd97,20562253,.jpg,clean,none,clean
img_00012748,fold_3,weapon,03_google_scraped,google,,,images/img_00012748.jpg,datasets/splits/clean/fold_3/weapon/img_00012748.jpg,84e96066f58f6b4080ca2981697f5759ac1809db6ad88405807763dd73295156,19fa55896d80681e15556c4f6015814e,73464,.jpg,clean,none,clean
img_00012754,fold_3,weapon,03_google_scraped,google,,,images/img_00012754.jpg,datasets/splits/clean/fold_3/weapon/img_00012754.jpg,b44f22d26d71e4cc87dda3a65d65df4135bc083694c1c5a914e254da9c190cb6,2c2a316cfca20ffbfbb1e7e341123899,271719,.jpg,clean,none,clean
img_00012755,fold_3,weapon,03_google_scraped,google,,,images/img_00012755.jpg,datasets/splits/clean/fold_3/weapon/img_00012755.jpg,97d6b7d5528ceaa413ab0192f6786d999085a603c54c45919f2cb7de74cda07f,247708474faeb7d2b2ea6d83d875acf9,36440,.jpg,clean,none,clean
img_00012757,fold_3,weapon,03_google_scraped,google,,,images/img_00012757.jpg,datasets/splits/clean/fold_3/weapon/img_00012757.jpg,b276e5eca8713a03cf77434acc18bca30a1d2aab6b5e57a7dde8bfc6ceb26668,f0e370f56e2dbd8396b447894f739cb7,27967,.jpg,clean,none,clean
img_00012891,fold_3,weapon,03_google_scraped,google,,,images/img_00012891.jpg,datasets/splits/clean/fold_3/weapon/img_00012891.jpg,c1b455d38e0bf5a46258729ee99575d3818ff2c913ac0d9ee3e72070ef2997d8,2a02d9956c5f4e09e204509b725f7fcf,670045,.jpg,clean,none,clean
img_00012954,fold_3,weapon,03_google_scraped,google,,,images/img_00012954.jpg,datasets/splits/clean/fold_3/weapon/img_00012954.jpg,45d48ec52c437f0d27bc46d3fabb15bc8f08c8f51807e4ac3f7db93c0f8f988b,8d422df8b21f95c008d0faa7e57b8263,185357,.jpg,clean,none,clean
img_00012967,fold_3,weapon,03_google_scraped,google,,,images/img_00012967.jpg,datasets/splits/clean/fold_3/weapon/img_00012967.jpg,866fab7641ea4019b92d525ccc4baee0c8c843cfbdead1746b547681dc38210f,57944dd237325064d96802817bbbd24d,48751,.jpg,clean,none,clean
img_00012981,fold_3,weapon,03_google_scraped,google,,,images/img_00012981.jpg,datasets/splits/clean/fold_3/weapon/img_00012981.jpg,082d8f8bdcdc38820cf67028102f41675fceabd414710bde3f2e4e741c09ff5c,19f1993a8559a66e807c3bd3a8216583,1833507,.jpg,clean,none,clean
img_00013119,fold_3,weapon,03_google_scraped,google,,,images/img_00013119.jpg,datasets/splits/clean/fold_3/weapon/img_00013119.jpg,58c230f3dc3add7a6c08dcca570f39ea849525b70827b9f0903fbb2c8cfd56b0,afd81047b300c46baafaf756e0dd36e3,330916,.jpg,clean,none,clean
img_00013520,fold_3,weapon,04_telegram_youtube,telegram_youtube,,,images/img_00013520.jpg,datasets/splits/clean/fold_3/weapon/img_00013520.jpg,809c8ccfcd738b42dc577ee8dd1e7ea435daa889b161904c6ea3f035e614ae5b,be6a1a65d000084d05fcf2cc81e4ed6f,134327,.jpg,clean,none,clean
img_00013526,fold_3,weapon,04_telegram_youtube,telegram_youtube,,,images/img_00013526.jpg,datasets/splits/clean/fold_3/weapon/img_00013526.jpg,84411a24420aad56434fa15cea35ff086809af727902e00355459b788b98a687,11048e38ea9d260a2c1c6e15620faa12,209930,.jpg,clean,none,clean
img_00013531,fold_3,weapon,04_telegram_youtube,telegram_youtube,,,images/img_00013531.jpg,datasets/splits/clean/fold_3/weapon/img_00013531.jpg,9981e909424b630f56872193992c6daf7648b7632e20451a55c786e6cb2d8f60,b2c3330f34526efddac5d6fd9db86f31,210692,.jpg,clean,none,clean
img_00013541,fold_3,weapon,04_telegram_youtube,telegram_youtube,,,images/img_00013541.jpg,datasets/splits/clean/fold_3/weapon/img_00013541.jpg,afdd9050e99b84b5d8696aa33296699cb59db7a48834ff01b9455f6332544b06,3e4caaeee9f874a3f6f6a05f34102b4b,432101,.jpg,clean,none,clean
img_00013552,fold_3,weapon,04_telegram_youtube,telegram_youtube,,,images/img_00013552.jpg,datasets/splits/clean/fold_3/weapon/img_00013552.jpg,c7dd4fe28e5033173a5de5d6553a1f532c2f68b0274076cca995ee2ef097e438,7d975e1869b74007dbc409e562351f12,194764,.jpg,clean,none,clean
img_00013553,fold_3,weapon,04_telegram_youtube,telegram_youtube,,,images/img_00013553.jpg,datasets/splits/clean/fold_3/weapon/img_00013553.jpg,ce199d0d12f83e19fc8ca8452aff9e536f4f30cea392cd28b97ee7035ce9294d,e642fd3b5142d05b354a41894606f63b,135932,.jpg,clean,none,clean
img_00013557,fold_3,weapon,04_telegram_youtube,telegram_youtube,,,images/img_00013557.jpg,datasets/splits/clean/fold_3/weapon/img_00013557.jpg,67e888fe925ed66f6cdb47325bc387035b9bb13d44ad86dbfaec9bf14cf43f62,5a8a52a01f53199c57af7c81cc78a0d7,178092,.jpg,clean,none,clean
img_00013563,fold_3,weapon,04_telegram_youtube,telegram_youtube,,,images/img_00013563.jpg,datasets/splits/clean/fold_3/weapon/img_00013563.jpg,dd5e3e29a99ede3cad2472d2c969c30f240abce7f703c8c491f012cc7e689a60,0e84971c59d0ddf7c663d10824ce3dde,162327,.jpg,clean,none,clean
img_00013572,fold_3,weapon,04_telegram_youtube,telegram_youtube,,,images/img_00013572.jpg,datasets/splits/clean/fold_3/weapon/img_00013572.jpg,2139c2e6d3e4c8c14c58074b51793099709a6092029dec666b0979ee687cc4b1,9ada5ad4811ed912edbe784e5d1d3a76,237050,.jpg,clean,none,clean
img_00013579,fold_3,weapon,04_telegram_youtube,telegram_youtube,,,images/img_00013579.jpg,datasets/splits/clean/fold_3/weapon/img_00013579.jpg,78f2458a0bcf4e03a50e80ed2017149d28396ade08970d8226741240b9fe54bc,a44439a6e26d5fb1dbacbb1ab93b7208,143601,.jpg,clean,none,clean
img_00013587,fold_3,weapon,04_telegram_youtube,telegram_youtube,,,images/img_00013587.jpg,datasets/splits/clean/fold_3/weapon/img_00013587.jpg,90e59a649994140e752227ba227dd54fc45c5acd82f7bc1de94495bd39896d7a,bf3a35327baf827dde3ff98c90e16d2e,276352,.jpg,clean,none,clean
img_00013593,fold_3,weapon,04_telegram_youtube,telegram_youtube,,,images/img_00013593.jpg,datasets/splits/clean/fold_3/weapon/img_00013593.jpg,a3126d1bff4831bfcc2b9b0cd57360241ea76d957623780b38ff94d44f659db2,f025f2ec534a3352320f062ee80226cb,90820,.jpg,clean,none,clean
img_00013601,fold_3,weapon,04_telegram_youtube,telegram_youtube,,,images/img_00013601.jpg,datasets/splits/clean/fold_3/weapon/img_00013601.jpg,dcd5e64630c3b8bd2a52af3d23af96d58bd5ebd47d5e858e098dde45c35f4271,3badb90788d6017734457179272a5e34,204510,.jpg,clean,none,clean
img_00013609,fold_3,weapon,04_telegram_youtube,telegram_youtube,,,images/img_00013609.jpg,datasets/splits/clean/fold_3/weapon/img_00013609.jpg,6ee0bb9aba2477748ffba27a16ec35de0b503c949adb8a670b2a170b1472ef8c,94e02bf3c6b2164502024b9d26ff7c78,340592,.jpg,clean,none,clean
img_00013625,fold_3,weapon,04_telegram_youtube,telegram_youtube,,,images/img_00013625.jpg,datasets/splits/clean/fold_3/weapon/img_00013625.jpg,dc16b328577c188de5d87582cc28fba547d8f0df67d281192c0e2a3de4db05e9,236832b88462018e52204518186e4434,160040,.jpg,clean,none,clean
img_00013629,fold_3,weapon,04_telegram_youtube,telegram_youtube,,,images/img_00013629.jpg,datasets/splits/clean/fold_3/weapon/img_00013629.jpg,51543a43330c00d42cdea1bcbb7493e82ecfa430b339af904a86da3de9ee5515,e69cc0c317d3c80e891369924313da20,329054,.jpg,clean,none,clean
img_00013631,fold_3,weapon,04_telegram_youtube,telegram_youtube,,,images/img_00013631.jpg,datasets/splits/clean/fold_3/weapon/img_00013631.jpg,0ce96ecd5fdcd3e344e9a63105340441aaa4f2a9f387f41bd4a7c5c08cd6787e,56e201f7ed7e44e1065508ba565e7d07,398715,.jpg,clean,none,clean
img_00013649,fold_3,weapon,04_telegram_youtube,telegram_youtube,,,images/img_00013649.jpg,datasets/splits/clean/fold_3/weapon/img_00013649.jpg,58415361300c1f052dc8f1d61a0cb0da8ada982cfa5cb203be0718a7ad7f854d,db0b3f59c5a0952afbeb072fa2e8ab35,113920,.jpg,clean,none,clean
img_00013651,fold_3,weapon,04_telegram_youtube,telegram_youtube,,,images/img_00013651.jpg,datasets/splits/clean/fold_3/weapon/img_00013651.jpg,d02310b2a8eec8e7b583793dfafe9eb36180216b84b6f36e4367f88ee2320034,def0890b8caa587c8aeb50201fb8d69d,116599,.jpg,clean,none,clean
img_00013652,fold_3,weapon,04_telegram_youtube,telegram_youtube,,,images/img_00013652.jpg,datasets/splits/clean/fold_3/weapon/img_00013652.jpg,2614471ba152ee6bb88f7105f05d8c1a8b78e42237c9a5c0ea05941175df7c07,ad9561540db201e72cf0ff95ecd567a7,231606,.jpg,clean,none,clean
img_00014374,fold_3,weapon,05_deepweb,deepweb,,,images/img_00014374.png,datasets/splits/clean/fold_3/weapon/img_00014374.png,17d971894651530c269bbdc514e4ae90e0975bdd8d49483d3ea0b6b4298f292e,2321c5d2d3b9c04d85a799d9680650c3,562208,.png,clean,none,clean
img_00014378,fold_3,weapon,05_deepweb,deepweb,,,images/img_00014378.webp,datasets/splits/clean/fold_3/weapon/img_00014378.webp,7dcf47b66e8fafd22daa90b253b9f68f1905622d820ea2d4a9ae8d3424ab0b3e,298cdc3b2c427cc362ed9c76a168d60a,11732,.webp,clean,none,clean
img_00014381,fold_3,weapon,05_deepweb,deepweb,,,images/img_00014381.webp,datasets/splits/clean/fold_3/weapon/img_00014381.webp,21d079dd3ff58a33266350fa214bebb7769d4d779ff274b4fd92f21f708c4957,2dc3494cbd93bcb5dea935b16580d790,7222,.webp,clean,none,clean
img_00014385,fold_3,weapon,05_deepweb,deepweb,,,images/img_00014385.png,datasets/splits/clean/fold_3/weapon/img_00014385.png,0ed8236398cf907a5260b5a1326e8035ec7b7c124b307642d6a90d2257288862,36668d50d7150892e20e6b5ce6de241f,824426,.png,clean,none,clean
img_00014386,fold_3,weapon,05_deepweb,deepweb,,,images/img_00014386.jpeg,datasets/splits/clean/fold_3/weapon/img_00014386.jpeg,63c9fd506627f007e0f07e19f67956e88dd69138e98eb55fdcfb24054bef4e66,3801ce841c59ba9a2f4174e64d2ef8b1,96031,.jpeg,clean,none,clean
img_00014393,fold_3,weapon,05_deepweb,deepweb,,,images/img_00014393.jpeg,datasets/splits/clean/fold_3/weapon/img_00014393.jpeg,9a73c55b164b9559421f5a68cd2f8c7f2a7a3afd6278f7f78d0d24ea238592f4,451a40da66cfbccd2829dd3fd9b9e3b8,28301,.jpeg,clean,none,clean
img_00014397,fold_3,weapon,05_deepweb,deepweb,,,images/img_00014397.webp,datasets/splits/clean/fold_3/weapon/img_00014397.webp,24e6843f748837229c6ea34da07eece435a53a8b891957ece4020ab2aca1a8dd,524fd429670e15af083f810bafef5a92,25020,.webp,clean,none,clean
img_00014399,fold_3,weapon,05_deepweb,deepweb,,,images/img_00014399.jpeg,datasets/splits/clean/fold_3/weapon/img_00014399.jpeg,150872ac11793def33c4f0697244c1e1c05f36cbb161f539abeda3adf84333e8,5a4357920a9dd6c91582211fd3d089f7,17189,.jpeg,clean,none,clean
img_00014419,fold_3,weapon,05_deepweb,deepweb,,,images/img_00014419.jpeg,datasets/splits/clean/fold_3/weapon/img_00014419.jpeg,2820fbada5cd769c45b4688042dec4d21263f20e0e54bed7c190c68d1a9ef874,9ef443c32736db3e37f2ce0242ae8b5c,22199,.jpeg,clean,none,clean
img_00014427,fold_3,weapon,05_deepweb,deepweb,,,images/img_00014427.png,datasets/splits/clean/fold_3/weapon/img_00014427.png,b786b0e1c8b54a473a4c5910fa90de9f3aa4349d1fd99264ef470e1fee4115cf,b8fdd7effbec1faf7e0402d326155604,74667,.png,clean,none,clean
img_00014429,fold_3,weapon,05_deepweb,deepweb,,,images/img_00014429.jpeg,datasets/splits/clean/fold_3/weapon/img_00014429.jpeg,9be99d25f42ae47f92cd601a3b4af745dedc6f2c6ffd1c3071cd6b0267c446bb,c11bf901a1636064a44822766023e758,50004,.jpeg,clean,none,clean
img_00014430,fold_3,weapon,05_deepweb,deepweb,,,images/img_00014430.jpeg,datasets/splits/clean/fold_3/weapon/img_00014430.jpeg,208f83ecc579b9fab153ad023d83b2d74c7713b8a70f219e53a09d51c1c7433f,c97b02384b305eecaa300ff264d49975,5458,.jpeg,clean,none,clean
img_00014432,fold_3,weapon,05_deepweb,deepweb,,,images/img_00014432.jpeg,datasets/splits/clean/fold_3/weapon/img_00014432.jpeg,4e33d12d64fca4f04a8fa428ceeb807ec9df306635a41c4db4f200ded67f198c,cdcb77f81c340837927625ad520be00e,26241,.jpeg,clean,none,clean
img_00014433,fold_3,weapon,05_deepweb,deepweb,,,images/img_00014433.jpeg,datasets/splits/clean/fold_3/weapon/img_00014433.jpeg,61bed507431dd41e2f227403c5c806358cdb177379da7544439525ed81874caa,d124f9c5365f055f41b5c1cf92ae807a,34702,.jpeg,clean,none,clean
img_00014445,fold_3,weapon,05_deepweb,deepweb,,,images/img_00014445.jpeg,datasets/splits/clean/fold_3/weapon/img_00014445.jpeg,e9a206a1edefdbcd641a7922b9eff9ca3a8ed92a8cf2c5aadbf2df30547bef95,ec1332005c67a3d6123cbca00e32cb45,89543,.jpeg,clean,none,clean
img_00014459,fold_3,weapon,05_deepweb,deepweb,,,images/img_00014459.jpeg,datasets/splits/clean/fold_3/weapon/img_00014459.jpeg,246507310a47be56890c461f789573268464a3f66eef54ff7cd9d6846218940b,0792bdbd5b2b9cdeebace32615b17b04,29785,.jpeg,clean,none,clean
img_00014462,fold_3,weapon,05_deepweb,deepweb,,,images/img_00014462.webp,datasets/splits/clean/fold_3/weapon/img_00014462.webp,7abbc1f4aadfb95e6e7b2c942ca35fec688e8fa32a518b4538cb3ca7859a71c7,0a266bacca86efe0a256cc886c9de182,24970,.webp,clean,none,clean
img_00014490,fold_3,weapon,05_deepweb,deepweb,,,images/img_00014490.jpeg,datasets/splits/clean/fold_3/weapon/img_00014490.jpeg,12403a1a9262375b4501b1b70e0f00df41fa3c13bac17a78a58716eaf3c05946,197142c52fb3e28bec6c4f76a7756acd,9885,.jpeg,clean,none,clean
img_00014510,fold_3,weapon,05_deepweb,deepweb,,,images/img_00014510.jpeg,datasets/splits/clean/fold_3/weapon/img_00014510.jpeg,354394664a71c300ca2d81b008990b080b8f777b08cb32e52af2a9876c95cc97,22deb748c950987a3551641ce208c6fe,39119,.jpeg,clean,none,clean
img_00014517,fold_3,weapon,05_deepweb,deepweb,,,images/img_00014517.jpeg,datasets/splits/clean/fold_3/weapon/img_00014517.jpeg,2eeb62270ac9c810793292765fc535770bf35b3f87127cf3f92c6f3702201e21,27b25ba2cc91ba07d68ec4914eff7e4e,14789,.jpeg,clean,none,clean
img_00012935,fold_4,non_weapon,03_google_scraped,google,,,images/img_00012935.jpg,datasets/splits/clean/fold_4/non_weapon/img_00012935.jpg,f8612d8baf6af33bb18b5ee2e3a8f1c6aa7b52f73901f4831e59cf3213c0faf2,884bbfe17142517768b475a5eb18a6f9,142764,.jpg,clean,none,clean
img_00012947,fold_4,non_weapon,03_google_scraped,google,,,images/img_00012947.png,datasets/splits/clean/fold_4/non_weapon/img_00012947.png,da67b02adfefd6eea52e1e0abe243acee991d93afeb15dd4e0fc90598e095f29,2561fc0dc387e3c586539add34c4a439,286721,.png,clean,none,clean
img_00012970,fold_4,non_weapon,03_google_scraped,google,,,images/img_00012970.jpg,datasets/splits/clean/fold_4/non_weapon/img_00012970.jpg,ad1ee45ab5eab4350873501140c66d981ff3146140355b7af181bee4cdea985f,5c80c411537e9407b44e74bf73808738,144628,.jpg,clean,none,clean
img_00013089,fold_4,non_weapon,03_google_scraped,google,,,images/img_00013089.png,datasets/splits/clean/fold_4/non_weapon/img_00013089.png,c8308ad89746328531b2bf0ddf9b672f5304c02a93dbd958b2cab0c3ece87d98,35cdf90a480de7d9e163ae7b6095a36d,521238,.png,clean,none,clean
img_00013108,fold_4,non_weapon,03_google_scraped,google,,,images/img_00013108.jpg,datasets/splits/clean/fold_4/non_weapon/img_00013108.jpg,3bb3e301000e525ce553213bc255d45d494c617dd78a7a0ef7027e903d81578d,2d621f86c85f36e1dd4bfbddab50a847,128574,.jpg,clean,none,clean
img_00013114,fold_4,non_weapon,03_google_scraped,google,,,images/img_00013114.jpg,datasets/splits/clean/fold_4/non_weapon/img_00013114.jpg,c5337d2f1ab404d3ec1de8e0a138d8c2af22982ef650a44abc31e09fd6c792ae,844ecdde2ea82e97c1167dd6a3c7da67,407174,.jpg,clean,none,clean
img_00013500,fold_4,non_weapon,04_telegram_youtube,telegram_youtube,,,images/img_00013500.jpg,datasets/splits/clean/fold_4/non_weapon/img_00013500.jpg,0c91d4d0f7b837fe3533c154f156376f6aa2c006c80aa20a78305025b1e64d3c,e4253fa1c62c590b66778bbd3f58add9,111553,.jpg,clean,none,clean
img_00013523,fold_4,non_weapon,04_telegram_youtube,telegram_youtube,,,images/img_00013523.jpg,datasets/splits/clean/fold_4/non_weapon/img_00013523.jpg,d71e5a9c85f2e75e17e3d0ead0270bb890d60cc9e8396ca08017b0159bff89c5,da3f86638de9803dfcb243a7bc83f326,143475,.jpg,clean,none,clean
img_00013551,fold_4,non_weapon,04_telegram_youtube,telegram_youtube,,,images/img_00013551.jpg,datasets/splits/clean/fold_4/non_weapon/img_00013551.jpg,42fce9f6607e9a408732f6139ff4ac752a0156edb8f5d40ce43f0d9fbc67c606,371d852b32a5e2b10c9609fb7a62e778,79354,.jpg,clean,none,clean
img_00013560,fold_4,non_weapon,04_telegram_youtube,telegram_youtube,,,images/img_00013560.jpg,datasets/splits/clean/fold_4/non_weapon/img_00013560.jpg,e6dccc3ab82d4514b080df331228d686d7caf1ef4cdf50693b6c8fa4ba7253e1,695f0b968792777deb47c34c2fabd789,106999,.jpg,clean,none,clean
img_00013600,fold_4,non_weapon,04_telegram_youtube,telegram_youtube,,,images/img_00013600.jpg,datasets/splits/clean/fold_4/non_weapon/img_00013600.jpg,9fc7cbd228b55c617b2ac00e28dff6f8caf621368a34a337656eb85a23e8e010,8e4d76e0101803f05cca04d3ffd9ca48,41090,.jpg,clean,none,clean
img_00013618,fold_4,non_weapon,04_telegram_youtube,telegram_youtube,,,images/img_00013618.jpg,datasets/splits/clean/fold_4/non_weapon/img_00013618.jpg,e45b9ed249f0332e096a7c626c18051a7f60db2f64df4221296275a9ed46ee0e,ebe1404bb16e82e6fb8d361e603538c2,86879,.jpg,clean,none,clean
img_00013801,fold_4,non_weapon,04_telegram_youtube,telegram_youtube,,,images/img_00013801.jpg,datasets/splits/clean/fold_4/non_weapon/img_00013801.jpg,773fcf5b8af1e38492ef4500c870ff321f940c01c3bbb847aa17eaa7d7e53ad6,b488382ea274aafe1a199d6f8932c746,172293,.jpg,clean,none,clean
img_00013866,fold_4,non_weapon,04_telegram_youtube,telegram_youtube,,,images/img_00013866.jpg,datasets/splits/clean/fold_4/non_weapon/img_00013866.jpg,6307601a2bed0d37e207ad4960126b1110a89c74a386b519f24ace3365925244,7b3b34bc9de4585c3a76745dd20a38bc,151769,.jpg,clean,none,clean
img_00013973,fold_4,non_weapon,04_telegram_youtube,telegram_youtube,,,images/img_00013973.jpg,datasets/splits/clean/fold_4/non_weapon/img_00013973.jpg,0f960ef096c469c12374249ec55b2453d7270bbd2a0272d86445654e4b9918cb,cdcc9e19f02f7de3ac2e2afacb8e82bf,73564,.jpg,clean,none,clean
img_00014144,fold_4,non_weapon,04_telegram_youtube,telegram_youtube,,,images/img_00014144.jpg,datasets/splits/clean/fold_4/non_weapon/img_00014144.jpg,6a81f929e801a1c6a1b52bb03f114fc0275a1692a99893904834b1f3f0e8652f,3ab0de405b62b6606f3b247dc2ffc4c2,74965,.jpg,clean,none,clean
img_00014151,fold_4,non_weapon,04_telegram_youtube,telegram_youtube,,,images/img_00014151.jpg,datasets/splits/clean/fold_4/non_weapon/img_00014151.jpg,2c2eff57e3428c2e0eaccebd192551e65e97308deacf29e6cfd1b4154dbbdd45,0ab8f7dfc8868ddaaff59845f2ebb51d,99702,.jpg,clean,none,clean
img_00014398,fold_4,non_weapon,05_deepweb,deepweb,,,images/img_00014398.jpeg,datasets/splits/clean/fold_4/non_weapon/img_00014398.jpeg,299823a92579df73b66d1e0a89dd30c657485d43929e2c6a9c26d13fb2e36ee1,589fb812f8a95729d9c695e8db19a388,62724,.jpeg,clean,none,clean
img_00014422,fold_4,non_weapon,05_deepweb,deepweb,,,images/img_00014422.jpeg,datasets/splits/clean/fold_4/non_weapon/img_00014422.jpeg,e710ca95413b3fa25075b7685b51623ae4cddf62f40ac4d5f11709788de41eda,abae3f70aeb3e38a5b72822508fbbdd9,22496,.jpeg,clean,none,clean
img_00014452,fold_4,non_weapon,05_deepweb,deepweb,,,images/img_00014452.jpeg,datasets/splits/clean/fold_4/non_weapon/img_00014452.jpeg,3e5432eca2aee3d74d101a5561a9ddc18897dc4bff7d9c3d2cd020e57fee8517,02a9ec69f02d874c976ad0fe3c81b02c,89560,.jpeg,clean,none,clean
img_00014454,fold_4,non_weapon,05_deepweb,deepweb,,,images/img_00014454.jpeg,datasets/splits/clean/fold_4/non_weapon/img_00014454.jpeg,1bb25d10fbae7410b0c7cfddaf04b24e82bcd10154aefc34da9bc1bf06108e8f,04fc80d55bb30b9b27e6517bf9d80d3e,37853,.jpeg,clean,none,clean
img_00014458,fold_4,non_weapon,05_deepweb,deepweb,,,images/img_00014458.jpeg,datasets/splits/clean/fold_4/non_weapon/img_00014458.jpeg,100a4de2aa7f66e34aca4e7c85c41d9fae2d474806d168b765cfa4a49dde8146,07754e2be9c67ac0e41927a43040f424,22015,.jpeg,clean,none,clean
img_00014466,fold_4,non_weapon,05_deepweb,deepweb,,,images/img_00014466.jpeg,datasets/splits/clean/fold_4/non_weapon/img_00014466.jpeg,762f77ac863324723cdaa48f4d3752c9302bece7c70958b592af3f16e203d58f,0aaad2962076ca514f1ccff7216d9430,25974,.jpeg,clean,none,clean
img_00014529,fold_4,non_weapon,05_deepweb,deepweb,,,images/img_00014529.jpeg,datasets/splits/clean/fold_4/non_weapon/img_00014529.jpeg,0049b183889e960cd52d92201f91d0b83f5127e7ff2304ce21ed4a94509206d4,2c8556cc8c2d71ae840d65c4d010ecf7,42085,.jpeg,clean,none,clean
img_00014535,fold_4,non_weapon,05_deepweb,deepweb,,,images/img_00014535.jpeg,datasets/splits/clean/fold_4/non_weapon/img_00014535.jpeg,350f07dfd1cf2f1f744adc25bdffc57723d134d5f065c7b938ef4a7455185b65,31233a0790eccbc89049ef4b63a0083c,15187,.jpeg,clean,none,clean
img_00014553,fold_4,non_weapon,05_deepweb,deepweb,,,images/img_00014553.jpeg,datasets/splits/clean/fold_4/non_weapon/img_00014553.jpeg,62acec6590c42a2ab6e3e47b1671da8c196c07fbd94d508af35027493311023c,3d597e0e309acdab1eb5033c6e2cf996,88536,.jpeg,clean,none,clean
img_00014572,fold_4,non_weapon,05_deepweb,deepweb,,,images/img_00014572.jpeg,datasets/splits/clean/fold_4/non_weapon/img_00014572.jpeg,37006424c8789a5188528020d626c6026142a0559f4989d0db03d06ea302294d,46a49cb83d39cc3b50474e8e4f669467,24129,.jpeg,clean,none,clean
img_00014573,fold_4,non_weapon,05_deepweb,deepweb,,,images/img_00014573.jpeg,datasets/splits/clean/fold_4/non_weapon/img_00014573.jpeg,0d726bd5f5a218dcba652846b9f94626c3cf7e4493347df067196210a2d52a85,46af504784f0760258137806ddd3a97a,22383,.jpeg,clean,none,clean
img_00014576,fold_4,non_weapon,05_deepweb,deepweb,,,images/img_00014576.png,datasets/splits/clean/fold_4/non_weapon/img_00014576.png,f43a4b1d7095c67fa71b7722c4aba5729b99335b7b171f17a28cd483807c17c8,475e124bfe505ed78fab48ccaa9c3f80,68501,.png,clean,none,clean
img_00014579,fold_4,non_weapon,05_deepweb,deepweb,,,images/img_00014579.png,datasets/splits/clean/fold_4/non_weapon/img_00014579.png,b8d42f0a0ea937fddcf1ea16a295b64c68b2c48fabef06eab999a4270c29962e,4a8a721e8f001070534f8c54c5996e02,25408,.png,clean,none,clean
img_00014590,fold_4,non_weapon,05_deepweb,deepweb,,,images/img_00014590.jpeg,datasets/splits/clean/fold_4/non_weapon/img_00014590.jpeg,547c81c97e5691f5273ed3c1b139a9bc89bc13f1db74f5c17995877d87e8cf9f,4f1bcd2a19c209a79ebb0bcfb354d239,21692,.jpeg,clean,none,clean
img_00014596,fold_4,non_weapon,05_deepweb,deepweb,,,images/img_00014596.png,datasets/splits/clean/fold_4/non_weapon/img_00014596.png,d8cafaac54dad22d069e17843fd9b02ec030fe9debb6a0e3a5f601e5d66ac0d1,52391bd4280e84fe1fef7ca5bffec104,69741,.png,clean,none,clean
img_00014602,fold_4,non_weapon,05_deepweb,deepweb,,,images/img_00014602.png,datasets/splits/clean/fold_4/non_weapon/img_00014602.png,f202f6bb1d8d9cde522c51b597e667204077b39f3526147fc4014bb691805d9e,547a22a44b5878b009143fd799e6f0ee,49772,.png,clean,none,clean
img_00014624,fold_4,non_weapon,05_deepweb,deepweb,,,images/img_00014624.jpeg,datasets/splits/clean/fold_4/non_weapon/img_00014624.jpeg,cbaf29ae3af6c12664bbae6e57904ad3585c4d948bd4eb1c9c9d37b00672bddd,61da3f95c1b33032565742353f3d3c1d,25981,.jpeg,clean,none,clean
img_00014636,fold_4,non_weapon,05_deepweb,deepweb,,,images/img_00014636.jpeg,datasets/splits/clean/fold_4/non_weapon/img_00014636.jpeg,84d51036e0ddd2e23b580c8ccc717c137dd755db8163f34e2adc93ef4c0df534,6653ab6b0dd059292d82c2ad5180882e,293991,.jpeg,clean,none,clean
img_00014651,fold_4,non_weapon,05_deepweb,deepweb,,,images/img_00014651.webp,datasets/splits/clean/fold_4/non_weapon/img_00014651.webp,e47e8582447bf7d2140e0434f7fcb76389a5c1b47c441743cd54e785d03adac3,6f1855cb39f3940951aa5baf1795ee28,26306,.webp,clean,none,clean
img_00014658,fold_4,non_weapon,05_deepweb,deepweb,,,images/img_00014658.png,datasets/splits/clean/fold_4/non_weapon/img_00014658.png,5b01680f988a8c8f663d3e2db22ba0039b1f9570440822d1a9ac12595956a7ae,728d01ee117d69b1e96c5328596577b2,53408,.png,clean,none,clean
img_00014668,fold_4,non_weapon,05_deepweb,deepweb,,,images/img_00014668.png,datasets/splits/clean/fold_4/non_weapon/img_00014668.png,4bae56607d8e78ef5074a20999e59f92562c46b91e12afc7fec4d5b3e6cd6366,7797b47f9d002ff19949aba400fa4780,158520,.png,clean,none,clean
img_00014669,fold_4,non_weapon,05_deepweb,deepweb,,,images/img_00014669.jpeg,datasets/splits/clean/fold_4/non_weapon/img_00014669.jpeg,55d9d545122940c3968479318b5fc07262a693318fbbebadb71f0daadeb588d8,779a1f8fefb1916ebd00981ad73b9d42,31821,.jpeg,clean,none,clean
img_00014675,fold_4,non_weapon,05_deepweb,deepweb,,,images/img_00014675.jpeg,datasets/splits/clean/fold_4/non_weapon/img_00014675.jpeg,d84659dff4791e2a003bfced792012f9af6879d23bf1726e29bb50bd1a28d64a,7acb64fccf5f55bd36ebbe853f39ab00,11162,.jpeg,clean,none,clean
img_00014677,fold_4,non_weapon,05_deepweb,deepweb,,,images/img_00014677.jpeg,datasets/splits/clean/fold_4/non_weapon/img_00014677.jpeg,8cd6b2e42f62ea2ac227fe820901114afcd6a94c99bdb2d8046b3b902ca50748,7bef4938980a8e6bf91cd6a47a012772,61329,.jpeg,clean,none,clean
img_00014680,fold_4,non_weapon,05_deepweb,deepweb,,,images/img_00014680.png,datasets/splits/clean/fold_4/non_weapon/img_00014680.png,f6b8ba7c8ebb0b0163bc466330993cfec8284e5a36615d7b9d55f4e6b5b08188,7d407752316fe65db23b7bd537d9b91f,361695,.png,clean,none,clean
img_00014690,fold_4,non_weapon,05_deepweb,deepweb,,,images/img_00014690.jpeg,datasets/splits/clean/fold_4/non_weapon/img_00014690.jpeg,9bf9cec4ef58cad855ed1d179391c976169183498e0d8e6f1d941384cfe4adcc,833b15804249ac6ca5973c0333782458,16330,.jpeg,clean,none,clean
img_00014710,fold_4,non_weapon,05_deepweb,deepweb,,,images/img_00014710.jpeg,datasets/splits/clean/fold_4/non_weapon/img_00014710.jpeg,3ae01836ef13e1944fc4032c3ab5a3bb4dd1ca48198b369f475d59ee4d99f20f,8d1ecff8f0d9992fae2fd24f1010d1d1,24748,.jpeg,clean,none,clean
img_00014711,fold_4,non_weapon,05_deepweb,deepweb,,,images/img_00014711.png,datasets/splits/clean/fold_4/non_weapon/img_00014711.png,d3095435978d869f07ba51850734bcbf140f4a2fdf8f35015a758bd04a53daff,8e6536f5e934c6c3d3edbcb0bce807ab,13860,.png,clean,none,clean
img_00014717,fold_4,non_weapon,05_deepweb,deepweb,,,images/img_00014717.jpeg,datasets/splits/clean/fold_4/non_weapon/img_00014717.jpeg,1e041d052861ae0e5bf9de480b91b3875b1df85a3b8fb2639d79ecf7fdea2f95,94e5a5f445de9f6c4decf33004f4ce47,15907,.jpeg,clean,none,clean
img_00014730,fold_4,non_weapon,05_deepweb,deepweb,,,images/img_00014730.webp,datasets/splits/clean/fold_4/non_weapon/img_00014730.webp,54ee51b5c8cf097bf14151a35a641a6f20cee558141d0dff5164e158c98b6d57,9a6af6c1b43fe12b74701404fae51857,14104,.webp,clean,none,clean
img_00014734,fold_4,non_weapon,05_deepweb,deepweb,,,images/img_00014734.jpeg,datasets/splits/clean/fold_4/non_weapon/img_00014734.jpeg,704a0e7c97b606735ebd5e4aef9f8862f2aabec2391f31dc01ade7386d4aa541,9b87582148c02ea43e7751d93dc4fe31,758383,.jpeg,clean,none,clean
img_00014737,fold_4,non_weapon,05_deepweb,deepweb,,,images/img_00014737.webp,datasets/splits/clean/fold_4/non_weapon/img_00014737.webp,9eaa027f1c863a3d6de283db9365b53c95cbd9b6e9d780ad7a733fe04e322456,9cc7b0440911b906ba5bbbc890efae4a,24766,.webp,clean,none,clean
img_00014739,fold_4,non_weapon,05_deepweb,deepweb,,,images/img_00014739.png,datasets/splits/clean/fold_4/non_weapon/img_00014739.png,da8f7ede00e8f07bc775a790474164ec354209c2a5ea66ab6f46a3eb12f2b2b9,9d5be47d5f4cb7b42e6d9ae3af552dcb,28689,.png,clean,none,clean
img_00014748,fold_4,non_weapon,05_deepweb,deepweb,,,images/img_00014748.png,datasets/splits/clean/fold_4/non_weapon/img_00014748.png,b9b83f9c65bcb46019a5d574795e5fdb66a30c01430dd54126cb5da25a0e6dc0,a22557b82e922eac41b10f4195068ac2,177042,.png,clean,none,clean
img_00014754,fold_4,non_weapon,05_deepweb,deepweb,,,images/img_00014754.jpeg,datasets/splits/clean/fold_4/non_weapon/img_00014754.jpeg,bdab72cb23ddfcd73eab2915297c417ebe9844b1f51ddfe185d1d909787bb745,a6052ca1810b00de2d70bfbc9ad4ed04,12334,.jpeg,clean,none,clean
img_00014764,fold_4,non_weapon,05_deepweb,deepweb,,,images/img_00014764.jpeg,datasets/splits/clean/fold_4/non_weapon/img_00014764.jpeg,0cd7ff30bf6f703b4faf0db56cd119cc359047286ec726da978121029393f946,ab2792a1c90d1c58001acbe1b719ef20,24162,.jpeg,clean,none,clean
img_00014776,fold_4,non_weapon,05_deepweb,deepweb,,,images/img_00014776.jpeg,datasets/splits/clean/fold_4/non_weapon/img_00014776.jpeg,62f15d333f0d5c7a25c0609baaf4d3e32ef425a4a0d8f5edcf7e221814c99b45,aef3f50eac3c1ba9a945f2dd75640d23,16631,.jpeg,clean,none,clean
img_00014783,fold_4,non_weapon,05_deepweb,deepweb,,,images/img_00014783.png,datasets/splits/clean/fold_4/non_weapon/img_00014783.png,16b1aa5848601e0b9ecf2d73b2f90427719463ed7af12c75d7dbb937a73ba639,b31e0450382b4df447f8883e54484c76,61471,.png,clean,none,clean
img_00014784,fold_4,non_weapon,05_deepweb,deepweb,,,images/img_00014784.png,datasets/splits/clean/fold_4/non_weapon/img_00014784.png,54a5f5caebaa226a49da42e05ea09f157d6de0554aa916b849e8d5f5859d0cc5,b340e7c40922d6ff07d6b72a8bda5ca0,32454,.png,clean,none,clean
img_00014789,fold_4,non_weapon,05_deepweb,deepweb,,,images/img_00014789.png,datasets/splits/clean/fold_4/non_weapon/img_00014789.png,fac1cbff26bb06715d0fe231008688acea2d03bcd5213d74e33f8ee0f750ff27,b58fdb3e6379b9daf61b601d9bcc07b3,142187,.png,clean,none,clean
img_00014794,fold_4,non_weapon,05_deepweb,deepweb,,,images/img_00014794.png,datasets/splits/clean/fold_4/non_weapon/img_00014794.png,7b7f6ee003d520a912a2324be6906480dbc837456d968cbf89a3c333589aafd7,b79aa6ac42986f3f4d7555a5bbbeb37e,85849,.png,clean,none,clean
img_00014810,fold_4,non_weapon,05_deepweb,deepweb,,,images/img_00014810.png,datasets/splits/clean/fold_4/non_weapon/img_00014810.png,33a54b696d94fc0594823eefffea7bae0519d1fdd4d40e79edf678c734692538,bdd32e124a23a2cda269bbe9d3ef5a0a,783804,.png,clean,none,clean
img_00014824,fold_4,non_weapon,05_deepweb,deepweb,,,images/img_00014824.jpeg,datasets/splits/clean/fold_4/non_weapon/img_00014824.jpeg,85dedd7d0646286c151b4f15f4f2ba6a2c69a7543dcf75c31a6c033366745cf3,c2ce8a8b24334934dfff277f032bba15,53344,.jpeg,clean,none,clean
img_00014829,fold_4,non_weapon,05_deepweb,deepweb,,,images/img_00014829.jpeg,datasets/splits/clean/fold_4/non_weapon/img_00014829.jpeg,547827320686835fe043e3fbfdc9db9625c07f4db14fe8ef96f5fda3ca2a6040,c4b91e97cc035864e5a5f1a0d561d036,26345,.jpeg,clean,none,clean
img_00014833,fold_4,non_weapon,05_deepweb,deepweb,,,images/img_00014833.png,datasets/splits/clean/fold_4/non_weapon/img_00014833.png,dd1e0e5713fe486dc6e933a809a29c440aeea22b930e1d07d7f6a7e6cadd2a77,c71a30deb39030e469fed70b7e60e55b,140757,.png,clean,none,clean
img_00014843,fold_4,non_weapon,05_deepweb,deepweb,,,images/img_00014843.jpeg,datasets/splits/clean/fold_4/non_weapon/img_00014843.jpeg,5c9d65f26368f6b743568966c2b13c6add097c7fb6d0194b5009442c2b076305,cedae4ed5ed7b93b9b601ed10dd59ef4,48660,.jpeg,clean,none,clean
img_00014852,fold_4,non_weapon,05_deepweb,deepweb,,,images/img_00014852.png,datasets/splits/clean/fold_4/non_weapon/img_00014852.png,5566f8a59e666e4b88fb6157f8c21a6c580e3c0adcb3cf69e1e288b02b2dc785,d1d7ae159adc28e26207f27a4da3d2b5,207235,.png,clean,none,clean
img_00014856,fold_4,non_weapon,05_deepweb,deepweb,,,images/img_00014856.png,datasets/splits/clean/fold_4/non_weapon/img_00014856.png,3beec9d56c254359a44191286395347d54389346b6dc8f1819283cda62224ab3,d2fe8bd73a7454ed14caed730cc5598c,78031,.png,clean,none,clean
img_00014905,fold_4,non_weapon,05_deepweb,deepweb,,,images/img_00014905.jpeg,datasets/splits/clean/fold_4/non_weapon/img_00014905.jpeg,fa0bb689b9fae4ded8669d90683e1ed53da03e9d055f3858fea5882156ae29fe,ef1c7421cb75c19b57be993542614740,13895,.jpeg,clean,none,clean
img_00014911,fold_4,non_weapon,05_deepweb,deepweb,,,images/img_00014911.png,datasets/splits/clean/fold_4/non_weapon/img_00014911.png,a72b4b7fa7fd40390f3e7411397cbe74b2eac20ceef173b192720cfe27256448,f48fce5eab08e6cf2532501bca8a05ba,67879,.png,clean,none,clean
img_00014915,fold_4,non_weapon,05_deepweb,deepweb,,,images/img_00014915.png,datasets/splits/clean/fold_4/non_weapon/img_00014915.png,041d48fc1b62141e71a10fdc35261d19d0699021604e92cf09de520101deeb53,f5a78c8a98c8e0fb9adea085b4604769,15394,.png,clean,none,clean
img_00014930,fold_4,non_weapon,05_deepweb,deepweb,,,images/img_00014930.png,datasets/splits/clean/fold_4/non_weapon/img_00014930.png,0517a8f0995d4aeb2cb8c7139aea1d390ca9d06921abc18f725260bfa8a4cbf6,fe620d293d3646a1b26657440c2313b0,36017,.png,clean,none,clean
img_00014931,fold_4,non_weapon,05_deepweb,deepweb,,,images/img_00014931.webp,datasets/splits/clean/fold_4/non_weapon/img_00014931.webp,dde518ee0e0afa6b63f14cadf7e6f46edb69332210ebcd95404a079683bfce35,fee1aa3764fbdcfe5462d42b3405b7f6,35666,.webp,clean,none,clean
img_00014947,fold_4,non_weapon,05_deepweb,deepweb,,,images/img_00014947.jpeg,datasets/splits/clean/fold_4/non_weapon/img_00014947.jpeg,fb527de4d36ae100c83290c009c60a72c8bfecc96af3e780a84c4b1cc9fa91c8,091f0aeace5a0c99e5cdba7401d80ee5,12443,.jpeg,clean,none,clean
img_00014966,fold_4,non_weapon,05_deepweb,deepweb,,,images/img_00014966.jpeg,datasets/splits/clean/fold_4/non_weapon/img_00014966.jpeg,d60896bca6c57b587352b60f04cc2750ba6b5c905c2984d6e595b6e41cc010b0,16df57a8dd537fa5ea76d6b98ac4c5c5,31999,.jpeg,clean,none,clean
img_00014970,fold_4,non_weapon,05_deepweb,deepweb,,,images/img_00014970.jpeg,datasets/splits/clean/fold_4/non_weapon/img_00014970.jpeg,055ead15faef29c59e8ec56f80898f341dfe7ceab5983b720acac5dbf5d23b21,189bba8bc2c36f667d8de2b41572f017,308866,.jpeg,clean,none,clean
img_00014985,fold_4,non_weapon,05_deepweb,deepweb,,,images/img_00014985.jpeg,datasets/splits/clean/fold_4/non_weapon/img_00014985.jpeg,71891bbe22175b844b2d8bdaefd10d84f3d83333b67e5c0f3ce9f67a2fc71b6c,215c65169c6afb504750878cb8089775,35829,.jpeg,clean,none,clean
img_00014995,fold_4,non_weapon,05_deepweb,deepweb,,,images/img_00014995.jpeg,datasets/splits/clean/fold_4/non_weapon/img_00014995.jpeg,54927deeec0d6c21d8bc89dc5b65becb415de1c357d0e44a4eec681353f07a66,2ae1a1efaaa6b79fd25aa63056a99f50,323759,.jpeg,clean,none,clean
img_00015001,fold_4,non_weapon,05_deepweb,deepweb,,,images/img_00015001.jpeg,datasets/splits/clean/fold_4/non_weapon/img_00015001.jpeg,92d3d8d51010b2360bccfc4f30df042835a01e8fb728a000b45f586de94ba3cf,2fe835431c8017c8212496f602f102ae,24290,.jpeg,clean,none,clean
img_00015025,fold_4,non_weapon,05_deepweb,deepweb,,,images/img_00015025.png,datasets/splits/clean/fold_4/non_weapon/img_00015025.png,9259bf3912f0787100343e8728ad24754748c977a942c56df46e905d4099aef5,3e6d534a723f517d8cb0fff5d656092d,104784,.png,clean,none,clean
img_00015026,fold_4,non_weapon,05_deepweb,deepweb,,,images/img_00015026.png,datasets/splits/clean/fold_4/non_weapon/img_00015026.png,b84fd8fa901927b37596c6e275e9056c1306afa052546c139aeba23ec7b94ecf,3ebb209f0f82dbebf0a2a8994de98d8c,62263,.png,clean,none,clean
img_00015043,fold_4,non_weapon,05_deepweb,deepweb,,,images/img_00015043.png,datasets/splits/clean/fold_4/non_weapon/img_00015043.png,74f14526ab04055b7a2d4f4e7e4b9b1d698ea0d7b5e07dbedeb7db0db5c1ef4b,4906a4aaeb9dbed4674e31c710dab671,109672,.png,clean,none,clean
img_00015053,fold_4,non_weapon,05_deepweb,deepweb,,,images/img_00015053.jpeg,datasets/splits/clean/fold_4/non_weapon/img_00015053.jpeg,b63c68d4cece875071c0c00404d430f5ad02d6c8b29789b2b39900780b34b82d,520a3a2a71aa14b164020e0cf79e17e9,11936,.jpeg,clean,none,clean
img_00015057,fold_4,non_weapon,05_deepweb,deepweb,,,images/img_00015057.jpeg,datasets/splits/clean/fold_4/non_weapon/img_00015057.jpeg,837942ebe9bf471fd4f38c6a064dcc27452df1a5665b336c29d41cb0a2f09a8d,5438fa28a9019161fa66b11a53c81185,607916,.jpeg,clean,none,clean
img_00015073,fold_4,non_weapon,05_deepweb,deepweb,,,images/img_00015073.jpeg,datasets/splits/clean/fold_4/non_weapon/img_00015073.jpeg,38392120a1fd4b30e6e5d180da6ed43741aa75dd16cb10f62323fd02eea3e396,5f5d785095696df1ac6baf06c3288304,95814,.jpeg,clean,none,clean
img_00015085,fold_4,non_weapon,05_deepweb,deepweb,,,images/img_00015085.jpeg,datasets/splits/clean/fold_4/non_weapon/img_00015085.jpeg,6915748424bce1b0f954a84ffc495c2d6770e8c27826bc25ebddb4745bccbfda,64d00fd0b6395c1a70a48b858c394191,18434,.jpeg,clean,none,clean
img_00015100,fold_4,non_weapon,05_deepweb,deepweb,,,images/img_00015100.png,datasets/splits/clean/fold_4/non_weapon/img_00015100.png,2932c4aeca7fd4b18b0e92901f16f4c115d91708327cecfa326df9cc38ff6880,6cce580f56473768ca11518aa20dfde8,112071,.png,clean,none,clean
img_00015106,fold_4,non_weapon,05_deepweb,deepweb,,,images/img_00015106.webp,datasets/splits/clean/fold_4/non_weapon/img_00015106.webp,0e5256165c751518ea61f963c6a6a0e71ec7566084889cba6ea715ef77b197f2,6ee15962fb0078efaf568ba484405a53,45498,.webp,clean,none,clean
img_00015123,fold_4,non_weapon,05_deepweb,deepweb,,,images/img_00015123.jpeg,datasets/splits/clean/fold_4/non_weapon/img_00015123.jpeg,9ba84d7258f9cd45827e534c065e04db0a447bf9b81b8e4bd838c6797bd69a7e,7b8dcca5bd041b39e85a0e00211fb23b,27431,.jpeg,clean,none,clean
img_00015139,fold_4,non_weapon,05_deepweb,deepweb,,,images/img_00015139.jpeg,datasets/splits/clean/fold_4/non_weapon/img_00015139.jpeg,829944e1dbcd0f9096fc0dc25c9d0fdd5fdf2e644438c9bed9c970b3acb2a3ae,844bd6a34dbfb8b6ccf7a4e9ca9bef51,18629,.jpeg,clean,none,clean
img_00015140,fold_4,non_weapon,05_deepweb,deepweb,,,images/img_00015140.jpeg,datasets/splits/clean/fold_4/non_weapon/img_00015140.jpeg,433b87fe9d745571ce3c7e47c790ad8a2dda7534f69150fcc1081c4fc5a66e90,8458210c25cf85708762ff04a5f3572a,29764,.jpeg,clean,none,clean
img_00015148,fold_4,non_weapon,05_deepweb,deepweb,,,images/img_00015148.png,datasets/splits/clean/fold_4/non_weapon/img_00015148.png,ac921d8335b0fd7d636e68d741c817f07c83a85bfe64239061f93486a966a4c1,894a08953176164901d3271d82d1aadb,107716,.png,clean,none,clean
img_00015149,fold_4,non_weapon,05_deepweb,deepweb,,,images/img_00015149.jpeg,datasets/splits/clean/fold_4/non_weapon/img_00015149.jpeg,2c083f33f4c5ff422a98087d4953f7850cce01a8b0fe3886806bdba368227e51,8971184eec49b65f5fdd7843f7f1f669,31022,.jpeg,clean,none,clean
img_00015155,fold_4,non_weapon,05_deepweb,deepweb,,,images/img_00015155.jpeg,datasets/splits/clean/fold_4/non_weapon/img_00015155.jpeg,b27462a168f22ccd4a800c5081c7a0697e2c1ec364fbe6da32e3d1e5a0caa168,8ded144d8cb0d47a76ce58a2d481d879,22936,.jpeg,clean,none,clean
img_00015161,fold_4,non_weapon,05_deepweb,deepweb,,,images/img_00015161.webp,datasets/splits/clean/fold_4/non_weapon/img_00015161.webp,2654276cd332967f67ee39dc07edc6cb52b68a407dda597c994adfd196e73156,92ae7a5ec1d5e89bcdfe4c44ab80d649,10342,.webp,clean,none,clean
img_00015165,fold_4,non_weapon,05_deepweb,deepweb,,,images/img_00015165.png,datasets/splits/clean/fold_4/non_weapon/img_00015165.png,d1876bd501f4ad7de4c275a6bc6bbb68d8222fa69a180a2381ccd9d388a66fe2,95ebe60d8e02b46f8fc6bf96806420b6,717745,.png,clean,none,clean
img_00015175,fold_4,non_weapon,05_deepweb,deepweb,,,images/img_00015175.png,datasets/splits/clean/fold_4/non_weapon/img_00015175.png,f48c5991efea850e037aced12f700e7ed850c1c13c03b2608412a4ab1174fe73,9cc46b81ddaedccbb655a33959aaa611,123473,.png,clean,none,clean
img_00015211,fold_4,non_weapon,05_deepweb,deepweb,,,images/img_00015211.png,datasets/splits/clean/fold_4/non_weapon/img_00015211.png,436766c4c0b465a243eb6875a0709e112116924cad0e6beb6821501abb1e91ca,afe76a4a5ca3a9cc5c6cf77f8aeaf57a,125831,.png,clean,none,clean
img_00015219,fold_4,non_weapon,05_deepweb,deepweb,,,images/img_00015219.jpeg,datasets/splits/clean/fold_4/non_weapon/img_00015219.jpeg,37e3ecb4a8bf581046567da0434bb54235cb72cd87caa035a631c3b50d5e49dd,b7dff1afa99beb2ddf4bb1ae9d8d9269,17548,.jpeg,clean,none,clean
img_00015268,fold_4,non_weapon,05_deepweb,deepweb,,,images/img_00015268.png,datasets/splits/clean/fold_4/non_weapon/img_00015268.png,c865ebdd8018b73582bfd866c0c9a4ffe8ad7da4c48ffcf3265e8ab62b271224,d665bd37f5a1b99134b383e50998a9dc,38523,.png,clean,none,clean
img_00015277,fold_4,non_weapon,05_deepweb,deepweb,,,images/img_00015277.jpeg,datasets/splits/clean/fold_4/non_weapon/img_00015277.jpeg,5ebb17d83ee95bd3de8247a24a2fb0508a054988a1f037373325eb367816e2a7,df40eb464012de0090276c36ab938d2f,24436,.jpeg,clean,none,clean
img_00015283,fold_4,non_weapon,05_deepweb,deepweb,,,images/img_00015283.png,datasets/splits/clean/fold_4/non_weapon/img_00015283.png,7292b3a5cc396f3d8f3dd8750163ea0ea9ce260ee9c70b07138ca20018dfce90,e5535ade2c1ea3bababc3469a9e280ca,287755,.png,clean,none,clean
img_00015304,fold_4,non_weapon,05_deepweb,deepweb,,,images/img_00015304.jpeg,datasets/splits/clean/fold_4/non_weapon/img_00015304.jpeg,3f9817ee706b6bf85b129d6b1f45a61d1160e41e4d47586b1de9c3948a15f0a7,eff3ec2bdbde8c6a927d96f0ba0ef988,15766,.jpeg,clean,none,clean
img_00000020,fold_4,weapon,01_kaggle_weapon,kaggle,,,images/img_00000020.jpeg,datasets/splits/clean/fold_4/weapon/img_00000020.jpeg,69f1b2e9a1945edacb78acbe7d33021cb549a42879cfde1ad73a9205d789c0c8,07e879667806da59edb769da8fd19692,53511,.jpeg,clean,none,clean
img_00000022,fold_4,weapon,01_kaggle_weapon,kaggle,,,images/img_00000022.jpeg,datasets/splits/clean/fold_4/weapon/img_00000022.jpeg,5401e0d351375c934eccb9eeb02db3b7bde60a34f785e9ab747a5bbc45dc5498,ba03a3a244138651b6a479762377835d,41249,.jpeg,clean,none,clean
img_00000035,fold_4,weapon,01_kaggle_weapon,kaggle,,,images/img_00000035.jpeg,datasets/splits/clean/fold_4/weapon/img_00000035.jpeg,c27d63aa78099bf560602fd5b19a605bb34737bad5158588891ed60d9e258be2,39224de80caa13e0a7e1b14b01b3e640,125139,.jpeg,clean,none,clean
img_00000037,fold_4,weapon,01_kaggle_weapon,kaggle,,,images/img_00000037.jpeg,datasets/splits/clean/fold_4/weapon/img_00000037.jpeg,29656949e96a839d4a7292ebbab646b36d974ed1f4fbc8e9a1d096214f2354d3,4822663a334d95fc5aa9ec665a8e044f,159412,.jpeg,clean,none,clean
img_00000040,fold_4,weapon,01_kaggle_weapon,kaggle,,,images/img_00000040.jpeg,datasets/splits/clean/fold_4/weapon/img_00000040.jpeg,4c499ed0a64deea84293bd42fadcaff9ee980764113827b745250f0932928316,20755c802ac016d88147fffc58bf6a5e,29958,.jpeg,clean,none,clean
img_00000126,fold_4,weapon,01_kaggle_weapon,kaggle,,,images/img_00000126.jpeg,datasets/splits/clean/fold_4/weapon/img_00000126.jpeg,fe973ca118e8e33758a29d64cb0d2e46356feca802b397b36d3a19c133fc495f,a7b334192f374f9f1f15de147cba3b69,105381,.jpeg,clean,none,clean
img_00000130,fold_4,weapon,01_kaggle_weapon,kaggle,,,images/img_00000130.jpeg,datasets/splits/clean/fold_4/weapon/img_00000130.jpeg,0db44874ae62c532c231ba1d82b8117d2701561b824facc3d310fbf657e18bb3,c0638bbf9e46aa7eefadec576a563254,230636,.jpeg,clean,none,clean
img_00000131,fold_4,weapon,01_kaggle_weapon,kaggle,,,images/img_00000131.jpeg,datasets/splits/clean/fold_4/weapon/img_00000131.jpeg,fd099285453b789e059e6a26def826b5ee0acda60e621d6dbad985e54e61a098,09cdb5437d738b6c329467f19b79821d,134648,.jpeg,clean,none,clean
img_00000133,fold_4,weapon,01_kaggle_weapon,kaggle,,,images/img_00000133.jpeg,datasets/splits/clean/fold_4/weapon/img_00000133.jpeg,e4320d322b310c716d2886b88ad19ef2783b95ab996b046b9e6afae72b931620,a017df90277ba7de0b4e0eff9a4e4308,64427,.jpeg,clean,none,clean
img_00000143,fold_4,weapon,01_kaggle_weapon,kaggle,,,images/img_00000143.jpeg,datasets/splits/clean/fold_4/weapon/img_00000143.jpeg,165a322d3865296d214562a6a3425ac873b843c1aa7b6e7764aa08678ac6b862,f579515c22044d53ff73c2f83bc622c0,14539,.jpeg,clean,none,clean
img_00000149,fold_4,weapon,01_kaggle_weapon,kaggle,,,images/img_00000149.jpeg,datasets/splits/clean/fold_4/weapon/img_00000149.jpeg,e3ec341f5d9062c8a04bbdafc7b37f49b8d1289271c19fc9618b6f6c43e2efe8,ebd00e2fefc7b923c7bea6eadcba5643,28104,.jpeg,clean,none,clean
img_00000150,fold_4,weapon,01_kaggle_weapon,kaggle,,,images/img_00000150.jpeg,datasets/splits/clean/fold_4/weapon/img_00000150.jpeg,1bd3cf87a1178c3f3405487230e7ccedd92a0af10a98e9514c50df2cee600e22,20c84ce07088f6c56bba6cc824a6c431,107141,.jpeg,clean,none,clean
img_00000154,fold_4,weapon,01_kaggle_weapon,kaggle,,,images/img_00000154.jpeg,datasets/splits/clean/fold_4/weapon/img_00000154.jpeg,514aee12c1f504518fc12d5774e1b3fc6e7565b15d7670642e3394f6e4dd7bde,bb3d635dc4a41600e66adb4ebdc0e157,48836,.jpeg,clean,none,clean
img_00000218,fold_4,weapon,01_kaggle_weapon,kaggle,,,images/img_00000218.jpeg,datasets/splits/clean/fold_4/weapon/img_00000218.jpeg,829e75fa3f72a157c21917cd5c2f7ec5c0f1e83a36f1c9814ce1314d1d0aeee0,9e184c9e7994091b0790d5f3c705ccff,213243,.jpeg,clean,none,clean
img_00000221,fold_4,weapon,01_kaggle_weapon,kaggle,,,images/img_00000221.png,datasets/splits/clean/fold_4/weapon/img_00000221.png,a3e1916dd7ec12fad6bd6fd094327dab663f4105183b86c96ba91e14d8003c12,f149daf185d70f6ddf006c2a0e4d2f0a,208544,.png,clean,none,clean
img_00000238,fold_4,weapon,01_kaggle_weapon,kaggle,,,images/img_00000238.jpeg,datasets/splits/clean/fold_4/weapon/img_00000238.jpeg,deaaf37f7823897f7f994e88e2f8ec55f5fdde7e6d8dcae67cb85552a2481801,c813a8c94aeae9df7b035e6a93da75df,1367887,.jpeg,clean,none,clean
img_00000241,fold_4,weapon,01_kaggle_weapon,kaggle,,,images/img_00000241.jpeg,datasets/splits/clean/fold_4/weapon/img_00000241.jpeg,71a4e97a114da0d1af98aec2e188c949d94c2714ef5d5bfa13fa35e02f6a2bbe,55bcd9388f9ec57c3a9dc12aacec8613,2030086,.jpeg,clean,none,clean
img_00000327,fold_4,weapon,01_kaggle_weapon,kaggle,,,images/img_00000327.jpeg,datasets/splits/clean/fold_4/weapon/img_00000327.jpeg,f504972e4cf3e08e91c08fc1ede257879161ee06d706a99fc9c73da915ca5ad7,19609e2c5af91646e956f8243ff22fc3,117102,.jpeg,clean,none,clean
img_00000332,fold_4,weapon,01_kaggle_weapon,kaggle,,,images/img_00000332.jpeg,datasets/splits/clean/fold_4/weapon/img_00000332.jpeg,b225f01bf8d2a61965446f2f25312f912315acf5d43ed8bf2ed2b58cfa7f812d,0101e13cf2e4b28054a9678b547083f7,635290,.jpeg,clean,none,clean
img_00000352,fold_4,weapon,01_kaggle_weapon,kaggle,,,images/img_00000352.jpeg,datasets/splits/clean/fold_4/weapon/img_00000352.jpeg,44c53e0b31021936482ff984c31342c9fd13e089de76f7b4262f3f6f8682c34a,29d3e6d825a833434da0f93b57c2c623,321669,.jpeg,clean,none,clean
img_00000464,fold_4,weapon,02_deepfirearm,deepfirearm,,,images/img_00000464.jpg,datasets/splits/clean/fold_4/weapon/img_00000464.jpg,b7c2e9e221ddf29841c4310a78097497f5e9bcd146b82f9516674f080c866841,0bb5ef8984b9eb512102031f725a07d4,69985,.jpg,clean,none,clean
img_00000468,fold_4,weapon,02_deepfirearm,deepfirearm,,,images/img_00000468.jpg,datasets/splits/clean/fold_4/weapon/img_00000468.jpg,91d0261b3afbbff7ec237b32202de316b5df85bf736a0a8941bac49f4e5ee308,fd80a2e687225b77c878bbc3d25d7230,135751,.jpg,clean,none,clean
img_00000477,fold_4,weapon,02_deepfirearm,deepfirearm,,,images/img_00000477.jpg,datasets/splits/clean/fold_4/weapon/img_00000477.jpg,9c800564499292fda0d37a25bffb0cc9daeb693543f9f62fc42689a132906a47,5b2c4e332faf5d1b354b3f4ed07e2a23,96849,.jpg,clean,none,clean
img_00000480,fold_4,weapon,02_deepfirearm,deepfirearm,,,images/img_00000480.jpg,datasets/splits/clean/fold_4/weapon/img_00000480.jpg,d4a7d87113910a22c43778086eae0c4b030598dc803bc84b62feabe3611ba2b3,76e8c6be323f54346e22e53edffd830c,204718,.jpg,clean,none,clean
img_00000482,fold_4,weapon,02_deepfirearm,deepfirearm,,,images/img_00000482.jpg,datasets/splits/clean/fold_4/weapon/img_00000482.jpg,cd9e1efda56d7c122f60a155ee7a4d7ffa6c039703335bd88e38b5b5ce4235e1,d7e97f90f4c649c40118a5c1e35d5765,202307,.jpg,clean,none,clean
img_00000603,fold_4,weapon,02_deepfirearm,deepfirearm,,,images/img_00000603.jpg,datasets/splits/clean/fold_4/weapon/img_00000603.jpg,22a41f152e583f50ee655c7af605407ea78cab3bf658c031735f3d88fb38ccbb,c8b1b1db08deafda67c4eb4b1391199e,27035,.jpg,clean,none,clean
img_00000650,fold_4,weapon,02_deepfirearm,deepfirearm,,,images/img_00000650.jpg,datasets/splits/clean/fold_4/weapon/img_00000650.jpg,9d07d8fd57fe560be49fceb0f9ef0010d9d53052ec780fab1fc944f6ad6f7b7a,1e767d613f24fa29e5f5425fe5e21178,194029,.jpg,clean,none,clean
img_00000693,fold_4,weapon,02_deepfirearm,deepfirearm,,,images/img_00000693.jpg,datasets/splits/clean/fold_4/weapon/img_00000693.jpg,424c0847e1706a05bb06599e984f12c6dcfed03f8a9ff16b432b7975cc233504,08aee07a296ec84034bacc4060a6ef4f,33830,.jpg,clean,none,clean
img_00000728,fold_4,weapon,02_deepfirearm,deepfirearm,,,images/img_00000728.jpg,datasets/splits/clean/fold_4/weapon/img_00000728.jpg,fa24be71202410f4fdb79f075c3443344f1951187f4cfb944dd4ce88ea65f1ba,82702d4c1237ad16b9024aa767730be9,62355,.jpg,clean,none,clean
img_00000815,fold_4,weapon,02_deepfirearm,deepfirearm,,,images/img_00000815.jpg,datasets/splits/clean/fold_4/weapon/img_00000815.jpg,ec367c703ea946b1b1053db38ddbe0a57e9359a5d7ec06267799e312cfd0ba06,3d897d0bb8bf7aaa8aba87085fe3ef86,100016,.jpg,clean,none,clean
img_00000816,fold_4,weapon,02_deepfirearm,deepfirearm,,,images/img_00000816.jpg,datasets/splits/clean/fold_4/weapon/img_00000816.jpg,68bb98a9484942d089865d8b06e9fb2debbf3776dc877059230f2c883903fedf,d741ab0ba61def55d777f9bb14fd420a,68534,.jpg,clean,none,clean
img_00000838,fold_4,weapon,02_deepfirearm,deepfirearm,,,images/img_00000838.jpg,datasets/splits/clean/fold_4/weapon/img_00000838.jpg,0b110c143264aa99ba2c6da7867ce8dc44ac015433fcab7ad361be22871b353f,c3bb8a05bde44dc63a3060350aaa3d93,160016,.jpg,clean,none,clean
img_00001132,fold_4,weapon,02_deepfirearm,deepfirearm,,,images/img_00001132.jpg,datasets/splits/clean/fold_4/weapon/img_00001132.jpg,030f5fd7af7660c8dec6810c1b6eac3a3ce86713b2fa31047824c2f76d2be1f7,de175bccd29d00923815dc8f74f5892f,84346,.jpg,clean,none,clean
img_00008533,fold_4,weapon,02_deepfirearm,deepfirearm,,,images/img_00008533.jpg,datasets/splits/clean/fold_4/weapon/img_00008533.jpg,79d7c23fba17058bd1c427c59fce2e594eb673002876916ebdf0f6bec20bc128,f2f1512bbb4842c87596964a3e2949cb,46199,.jpg,clean,none,clean
img_00008536,fold_4,weapon,02_deepfirearm,deepfirearm,,,images/img_00008536.jpg,datasets/splits/clean/fold_4/weapon/img_00008536.jpg,85b9c6b99fbf91cc7a532e452a7803f5145e03a34a876ab48d271b0c91997e5f,af82a412419ff91b7f340d2e11c49f8e,40973,.jpg,clean,none,clean
img_00009540,fold_4,weapon,02_deepfirearm,deepfirearm,,,images/img_00009540.jpg,datasets/splits/clean/fold_4/weapon/img_00009540.jpg,31024cb227fbacee6446e65ae3f3c1e0601ff2bee3e17e7755b7c5edbdfb230b,12b200d0859bb48a730ecce25f781c36,2230021,.jpg,clean,none,clean
img_00009546,fold_4,weapon,02_deepfirearm,deepfirearm,,,images/img_00009546.jpg,datasets/splits/clean/fold_4/weapon/img_00009546.jpg,7958b31781c2fce05af79a6a1ac5e387b33ca5209f7ecb29e26159a5053cde25,abd653bdb71264d9d75aab34184aa2a1,88975,.jpg,clean,none,clean
img_00009550,fold_4,weapon,02_deepfirearm,deepfirearm,,,images/img_00009550.jpg,datasets/splits/clean/fold_4/weapon/img_00009550.jpg,0a8e05599cc6d12d6d8213550453f1dfe164feb2f4e538811690f95ce18996d6,49c4575648d3f922ff1dfbde2f73cb6d,112014,.jpg,clean,none,clean
img_00010401,fold_4,weapon,02_deepfirearm,deepfirearm,,,images/img_00010401.jpg,datasets/splits/clean/fold_4/weapon/img_00010401.jpg,043c15672ae1f9da4fd7dd086e55cb3de227a18f3f79fa672781fee7476ef6f7,529714f2a1cdee2c184d5fd32309c961,54087,.jpg,clean,none,clean
img_00010550,fold_4,weapon,02_deepfirearm,deepfirearm,,,images/img_00010550.jpg,datasets/splits/clean/fold_4/weapon/img_00010550.jpg,cf3b78a34b7bc4bd2012a82ee754ab2429227d43cb89d95ed8fd3b990f7676f7,df11ab90147e05c2f47f3179218728b1,1504301,.jpg,clean,none,clean
img_00012677,fold_4,weapon,03_google_scraped,google,,,images/img_00012677.png,datasets/splits/clean/fold_4/weapon/img_00012677.png,584350afd25adce0c1be1b490efaa91c2d2ab8eff7f3b41a204b847f47de3ab2,e3e8c3dfd45326ce7d5e7937ba720834,8159248,.png,clean,none,clean
img_00012683,fold_4,weapon,03_google_scraped,google,,,images/img_00012683.jpg,datasets/splits/clean/fold_4/weapon/img_00012683.jpg,37b6fd05072d421ce8134834c0740e57e83756fc5741d9a24194c3e96f9f69a3,bce33ef0e07d582fde4e04b5e56fb67d,76465,.jpg,clean,none,clean
img_00012686,fold_4,weapon,03_google_scraped,google,,,images/img_00012686.jpg,datasets/splits/clean/fold_4/weapon/img_00012686.jpg,c7fbe61821d006584c7f698c2689955bf16484c9d2875aff2fa5149a944e093f,c7dfe07deeb16041536d2686967e0823,73276,.jpg,clean,none,clean
img_00012689,fold_4,weapon,03_google_scraped,google,,,images/img_00012689.jpg,datasets/splits/clean/fold_4/weapon/img_00012689.jpg,10f7992fa692e3c82fa1f5ab14ab8c98774c5c83a3ac6fd8083f5797319e84aa,7add1edf520fd1a11a1589dbcf48519e,99463,.jpg,clean,none,clean
img_00012693,fold_4,weapon,03_google_scraped,google,,,images/img_00012693.jpg,datasets/splits/clean/fold_4/weapon/img_00012693.jpg,b3f31d9217e67724cd40294d48ce588f1f76211e04a6998007d9cbf8c77ec0e5,6cc82ea930feac355fcabc5800859ee9,210567,.jpg,clean,none,clean
img_00012698,fold_4,weapon,03_google_scraped,google,,,images/img_00012698.png,datasets/splits/clean/fold_4/weapon/img_00012698.png,7bfa1492bc7916d770075adf3d9ed56beeea7832189b5cf57177d055844c9679,e35d08d716dccb995ea6a6972dac6d40,129835,.png,clean,none,clean
img_00012722,fold_4,weapon,03_google_scraped,google,,,images/img_00012722.jpg,datasets/splits/clean/fold_4/weapon/img_00012722.jpg,7d12fb229c5bba6d6f9d373c611299b45b580333b3992e048841fa960923828e,17158587f4285ea0875d8b7edfce048a,250627,.jpg,clean,none,clean
img_00012741,fold_4,weapon,03_google_scraped,google,,,images/img_00012741.png,datasets/splits/clean/fold_4/weapon/img_00012741.png,67d82f296bc58a5de50ae1151f5179549a7e93e1ac1d0937afcb9236db04c87f,dcdccc58638834e6b1cd4bed61205577,258607,.png,clean,none,clean
img_00012749,fold_4,weapon,03_google_scraped,google,,,images/img_00012749.jpg,datasets/splits/clean/fold_4/weapon/img_00012749.jpg,18ddb904342f722068ccd52e26b22902ec297a77b901e5a634f8ed967e009660,9d8fd86ff6e6c0666da64d3351106b09,188388,.jpg,clean,none,clean
img_00012751,fold_4,weapon,03_google_scraped,google,,,images/img_00012751.jpg,datasets/splits/clean/fold_4/weapon/img_00012751.jpg,80ab6d3bc54935ac6b94254f60670bd8f61b3fbe7cf466ca93e81f1c26b7ab91,52d1b45e9dbc55b92da69b8a5ae1fa37,46466,.jpg,clean,none,clean
img_00012827,fold_4,weapon,03_google_scraped,google,,,images/img_00012827.jpg,datasets/splits/clean/fold_4/weapon/img_00012827.jpg,bf2496abe1532cca921c780670e9829c483810b5e12267110fcd0224cdc99a55,1781775360c500d3070ce3300fb7f95f,139796,.jpg,clean,none,clean
img_00012917,fold_4,weapon,03_google_scraped,google,,,images/img_00012917.jpg,datasets/splits/clean/fold_4/weapon/img_00012917.jpg,a89c181ea95b9b668bdbda26518cf9cbf6ae837c1bbf6d2ede292c414a247694,c3a7e9c5b432981897df70b96188d611,250873,.jpg,clean,none,clean
img_00012940,fold_4,weapon,03_google_scraped,google,,,images/img_00012940.jpg,datasets/splits/clean/fold_4/weapon/img_00012940.jpg,acb1d6fb77d016ce3f35997de5907be12f73acb685a0737f75cd64a1d393ea94,aef201691c5fe96143e579807ee676b8,1365993,.jpg,clean,none,clean
img_00012950,fold_4,weapon,03_google_scraped,google,,,images/img_00012950.jpg,datasets/splits/clean/fold_4/weapon/img_00012950.jpg,df61c1e258dbbbd7389654b9d83e5699d436327ecdaa891447349b4f7dbbc046,1d8e5e4185410f9ad7672fc409425a90,267082,.jpg,clean,none,clean
img_00012955,fold_4,weapon,03_google_scraped,google,,,images/img_00012955.jpg,datasets/splits/clean/fold_4/weapon/img_00012955.jpg,0c63c3de223a957d9117752f67f33105f4b01989504692a0161857980e454aa7,1b13b7a5d13ffa47d9514c11886ac02d,85929,.jpg,clean,none,clean
img_00013118,fold_4,weapon,03_google_scraped,google,,,images/img_00013118.jpg,datasets/splits/clean/fold_4/weapon/img_00013118.jpg,74cbf4d1e16089744b4add769592c505e84289aee5dcf43e26ba2df71bb76e9f,ebc847dd14207cbde8316c8a6d71d6d3,703382,.jpg,clean,none,clean
img_00013133,fold_4,weapon,03_google_scraped,google,,,images/img_00013133.jpg,datasets/splits/clean/fold_4/weapon/img_00013133.jpg,680dc85319510f58bc1f806c4e8fe8f9fc66097ee9a3879ed7ec1174a6289f2a,8636319deb679a3ce3908d77397195b8,19495,.jpg,clean,none,clean
img_00013140,fold_4,weapon,03_google_scraped,google,,,images/img_00013140.jpg,datasets/splits/clean/fold_4/weapon/img_00013140.jpg,eeec590e2ba7051c283f707e16739347c06d9860d7772e9a83d3451e8999f644,dcd9ae07e631ee86ab7d8f6d0520acd9,97118,.jpg,clean,none,clean
img_00013142,fold_4,weapon,03_google_scraped,google,,,images/img_00013142.jpg,datasets/splits/clean/fold_4/weapon/img_00013142.jpg,a1cc487c5bc63421054f38b13be81f4e05f90062fe32a6d0144f58ffa072861d,8681ca5b7a1bf44ac9c4dd156f74a91e,1555087,.jpg,clean,none,clean
img_00013210,fold_4,weapon,03_google_scraped,google,,,images/img_00013210.png,datasets/splits/clean/fold_4/weapon/img_00013210.png,02f7dd664b1635f571ac163dedf2d7b9f10f5556fe04df97d011f502c8631e75,95d9c560c419d5046649bd15ffcfb0a7,11448736,.png,clean,none,clean
img_00013474,fold_4,weapon,04_telegram_youtube,telegram_youtube,,,images/img_00013474.jpg,datasets/splits/clean/fold_4/weapon/img_00013474.jpg,2afa48534d2ef80dd34df15742f9431dc1be84e9eed7c7aed6b34922cbc82a0a,08602742b93b75be4dc1cb6b86003e02,331440,.jpg,clean,none,clean
img_00013478,fold_4,weapon,04_telegram_youtube,telegram_youtube,,,images/img_00013478.jpg,datasets/splits/clean/fold_4/weapon/img_00013478.jpg,254e8331ea84a3a96a8fdcbfd42cb2354d21493259212dc62ca467cf3dcd14de,24da918eae2d49fd12bdfe905a31ef47,73575,.jpg,clean,none,clean
img_00013530,fold_4,weapon,04_telegram_youtube,telegram_youtube,,,images/img_00013530.jpg,datasets/splits/clean/fold_4/weapon/img_00013530.jpg,7dc3b527e0f8c89c702f1a52d6220328ba661ee7a7b72ad8f3a5650afcbd56fe,c0c36fe28fbea1b2ca1a238b761461b5,304559,.jpg,clean,none,clean
img_00013544,fold_4,weapon,04_telegram_youtube,telegram_youtube,,,images/img_00013544.jpg,datasets/splits/clean/fold_4/weapon/img_00013544.jpg,6763dee99be7c0851aaaedeb7bad1b3fcd1d0c6e1afc47f854f77a02e1a673fe,8934332f1ccf8f10aba01262cf9d756a,489772,.jpg,clean,none,clean
img_00013546,fold_4,weapon,04_telegram_youtube,telegram_youtube,,,images/img_00013546.jpg,datasets/splits/clean/fold_4/weapon/img_00013546.jpg,3c939d4f435aa05d31d508a25382a23ef4579dcc38ef5a7c59949ac698e02e57,ab00a8ffafa147b92df4bddd5e61dc48,146769,.jpg,clean,none,clean
img_00013568,fold_4,weapon,04_telegram_youtube,telegram_youtube,,,images/img_00013568.jpg,datasets/splits/clean/fold_4/weapon/img_00013568.jpg,35065c85fd3bc880da0fd36a3938786c0609224518b58cb67d3d6e28c637f6a0,7eee3468a06bb998d2b72cee13ce78a9,189949,.jpg,clean,none,clean
img_00013573,fold_4,weapon,04_telegram_youtube,telegram_youtube,,,images/img_00013573.jpg,datasets/splits/clean/fold_4/weapon/img_00013573.jpg,c82b8a0d649b6cec96658f655b859ab9176399083bf294eccdceb0a18be4afb2,69bbaa07ac8447f1b00f3fd71f628ef3,222756,.jpg,clean,none,clean
img_00013576,fold_4,weapon,04_telegram_youtube,telegram_youtube,,,images/img_00013576.jpg,datasets/splits/clean/fold_4/weapon/img_00013576.jpg,0913510166105aa2cd2030d1c27d0aaa81bae1fd530738f457636ab302586186,92812a6c270cf9b5344418f640fa554d,235705,.jpg,clean,none,clean
img_00013580,fold_4,weapon,04_telegram_youtube,telegram_youtube,,,images/img_00013580.jpg,datasets/splits/clean/fold_4/weapon/img_00013580.jpg,2f181bfe6704e82ea90dddc76eae2f38308f165af69ec25f8c2df8af23bd4bef,be8258acb8ba58d744beb6d424745ff2,283845,.jpg,clean,none,clean
img_00013586,fold_4,weapon,04_telegram_youtube,telegram_youtube,,,images/img_00013586.jpg,datasets/splits/clean/fold_4/weapon/img_00013586.jpg,ce9532fb0efa696e2be685425f99c3e68f7ad0d584f50b2216652a4273fb98f8,8160114e517bedb48a8843f1c4834efc,141374,.jpg,clean,none,clean
img_00013592,fold_4,weapon,04_telegram_youtube,telegram_youtube,,,images/img_00013592.jpg,datasets/splits/clean/fold_4/weapon/img_00013592.jpg,5181dd129cd016c5556499f895b49a83f293ddc52f0755e8f8a314523416bc34,1b17db020fc089cbf7e47ad4198cc68e,267639,.jpg,clean,none,clean
img_00013594,fold_4,weapon,04_telegram_youtube,telegram_youtube,,,images/img_00013594.jpg,datasets/splits/clean/fold_4/weapon/img_00013594.jpg,eaa7c000413ab51f2fb4405ee4cd68962d8be25009deb4c648f9f1e9205c8cbf,9142ef9e3d491555cf2512049d441610,298439,.jpg,clean,none,clean
img_00013604,fold_4,weapon,04_telegram_youtube,telegram_youtube,,,images/img_00013604.jpg,datasets/splits/clean/fold_4/weapon/img_00013604.jpg,1c5f03bed7b125ef82df211dafd4c2dda034593326e44961448f5009b48e69fe,07adfb1b78bd07d6414809c751516f03,180066,.jpg,clean,none,clean
img_00013606,fold_4,weapon,04_telegram_youtube,telegram_youtube,,,images/img_00013606.jpg,datasets/splits/clean/fold_4/weapon/img_00013606.jpg,2f0626219aa6bdd667b618dfeaa77947ec2bfe255b857c2e84c7baa9d71442e3,459b99821c7e01909fd46757450d9fec,150153,.jpg,clean,none,clean
img_00013607,fold_4,weapon,04_telegram_youtube,telegram_youtube,,,images/img_00013607.jpg,datasets/splits/clean/fold_4/weapon/img_00013607.jpg,385cb7b800e2c424f7786d154c9fb0d250b3f0f8e6b429fc5cbc941fba9707e1,73505a22cef28e55db0e430dd77c9060,143515,.jpg,clean,none,clean
img_00013619,fold_4,weapon,04_telegram_youtube,telegram_youtube,,,images/img_00013619.jpg,datasets/splits/clean/fold_4/weapon/img_00013619.jpg,f68b0aa2dbda07e831e6aa8a46560e1791c1bdeb55f040f6471b178c048e5a5f,51412be01d74595f1f0d3c6d050a81e3,229063,.jpg,clean,none,clean
img_00013623,fold_4,weapon,04_telegram_youtube,telegram_youtube,,,images/img_00013623.jpg,datasets/splits/clean/fold_4/weapon/img_00013623.jpg,42c38f7af78c1cae657719cacf0e1a1b9f674e4eb58ba0a81a890dd670154faa,b9cec83c22b107de903d2b5b9a43b3b6,185982,.jpg,clean,none,clean
img_00013627,fold_4,weapon,04_telegram_youtube,telegram_youtube,,,images/img_00013627.jpg,datasets/splits/clean/fold_4/weapon/img_00013627.jpg,ded307069914066eb27b2f7a397e5ac7c8c7e66e95f9b567963c1a59858f7a0a,4baa6aaa0bd44c37fe686cf67e8a3363,101219,.jpg,clean,none,clean
img_00013630,fold_4,weapon,04_telegram_youtube,telegram_youtube,,,images/img_00013630.jpg,datasets/splits/clean/fold_4/weapon/img_00013630.jpg,1f806c47afcf8264f9077f6548c0f59526ad40488945e739e3b4cb137bac68f9,face418b3a0add72a06d6f288431d5b0,97412,.jpg,clean,none,clean
img_00013635,fold_4,weapon,04_telegram_youtube,telegram_youtube,,,images/img_00013635.jpg,datasets/splits/clean/fold_4/weapon/img_00013635.jpg,b7a9a6002a479ea25618feb8b6ca1df85a2887f300054dfde53a5842ea1b0554,cb75299cfc99cb09cf5536da8ed20dd8,330035,.jpg,clean,none,clean
img_00014366,fold_4,weapon,05_deepweb,deepweb,,,images/img_00014366.jpeg,datasets/splits/clean/fold_4/weapon/img_00014366.jpeg,846552cd67e7382c2fc84f4dbc445f6c9fc652586d0d8180eee6ce060b668d6f,13bca1eb4dc90642d5d702a9ac1c22e1,53512,.jpeg,clean,none,clean
img_00014369,fold_4,weapon,05_deepweb,deepweb,,,images/img_00014369.jpeg,datasets/splits/clean/fold_4/weapon/img_00014369.jpeg,025df06cc400f429262039899ba08c36440bda275b2476a6895978e4f7777ba5,1507f2014665ae26774efa20f65c4e55,157598,.jpeg,clean,none,clean
img_00014371,fold_4,weapon,05_deepweb,deepweb,,,images/img_00014371.jpeg,datasets/splits/clean/fold_4/weapon/img_00014371.jpeg,e3939f284658ff4d45be07b488eb85eb452daa976a534a0d5be3e6a82e41be47,1ab5697f2d767d534ad0933b2296cc17,2666246,.jpeg,clean,none,clean
img_00014376,fold_4,weapon,05_deepweb,deepweb,,,images/img_00014376.jpeg,datasets/splits/clean/fold_4/weapon/img_00014376.jpeg,4973e0adc4a1b3d40a0b7f736ba9c853884337d153cdef34b43315e0fa38c903,271e04cfec1fa4753017cbed96b18e0a,86799,.jpeg,clean,none,clean
img_00014379,fold_4,weapon,05_deepweb,deepweb,,,images/img_00014379.jpeg,datasets/splits/clean/fold_4/weapon/img_00014379.jpeg,a16c9e28640e2e0ffa756f9fc9d37feb63cae5a3ed224f6078672ca2895665e9,2a29e266d51e10e8ac57d7d39b5f7c02,34633,.jpeg,clean,none,clean
img_00014387,fold_4,weapon,05_deepweb,deepweb,,,images/img_00014387.jpeg,datasets/splits/clean/fold_4/weapon/img_00014387.jpeg,a6d45de1ee165e5953c92f781ccdbf9c800aea202dd4970144f7d26b03babca8,399a7ee0c00e75479b1b966873a4661e,5318,.jpeg,clean,none,clean
img_00014391,fold_4,weapon,05_deepweb,deepweb,,,images/img_00014391.jpeg,datasets/splits/clean/fold_4/weapon/img_00014391.jpeg,a5e74951c9abb98a71bc5b1aa9b947eff4d4ae676f66e790662f6c5abe88c9da,4154dd84e819385e07ee8d16bcf16983,26813,.jpeg,clean,none,clean
img_00014402,fold_4,weapon,05_deepweb,deepweb,,,images/img_00014402.jpeg,datasets/splits/clean/fold_4/weapon/img_00014402.jpeg,30636b53bf9ddc698fcb58717aeb594417b9a408ff6af0a3f36d54aa8016f67b,5f489731128c38ca8d7c279e1dda08c7,6587,.jpeg,clean,none,clean
img_00014403,fold_4,weapon,05_deepweb,deepweb,,,images/img_00014403.jpeg,datasets/splits/clean/fold_4/weapon/img_00014403.jpeg,fab82c7f058e893f194c8979b5e7213c9aaa10cd54a3c229782c1e461e489c4c,613b43d5003c387bd21ac7462f527fae,269940,.jpeg,clean,none,clean
img_00014420,fold_4,weapon,05_deepweb,deepweb,,,images/img_00014420.jpeg,datasets/splits/clean/fold_4/weapon/img_00014420.jpeg,c85c143b950df89aa29483b04384d74b74ac55eda8a611fa858aeb03de5c2be0,a4b140916aa21b46595466cd4d033fb6,52663,.jpeg,clean,none,clean
img_00014421,fold_4,weapon,05_deepweb,deepweb,,,images/img_00014421.jpeg,datasets/splits/clean/fold_4/weapon/img_00014421.jpeg,5ec28869f486b5facd47e37844ec901fc132586a442c444bdab4735aaaba0434,a844a26f58b8b6f39347d7f7c135aac7,29303,.jpeg,clean,none,clean
img_00014423,fold_4,weapon,05_deepweb,deepweb,,,images/img_00014423.webp,datasets/splits/clean/fold_4/weapon/img_00014423.webp,48158a263c921accf5800cca7f4e6e52d7eaa1f068c24aa9b0752fb88069dae6,ac87b677ef97b4eff226ae30929b737a,8906,.webp,clean,none,clean
img_00014435,fold_4,weapon,05_deepweb,deepweb,,,images/img_00014435.webp,datasets/splits/clean/fold_4/weapon/img_00014435.webp,a276641956004c504c50a5774dd881fd889530dbff931e03c08a3d4d699244c9,dd5b34d8678f58e21e43b1874a9323ff,54002,.webp,clean,none,clean
img_00014440,fold_4,weapon,05_deepweb,deepweb,,,images/img_00014440.jpeg,datasets/splits/clean/fold_4/weapon/img_00014440.jpeg,465c7444384fec6ea817fd52dfabaf108542195db669dc1cd31a735b83cce741,e5605457c426819c2e6472580c80750a,15592,.jpeg,clean,none,clean
img_00014441,fold_4,weapon,05_deepweb,deepweb,,,images/img_00014441.jpeg,datasets/splits/clean/fold_4/weapon/img_00014441.jpeg,238b4a140f8e067cceb77349d33d64874c0a50bbc8eb51d2253ce0f1b77b590a,e6a46c92c6614ec5e51c81aaacd5cdf9,13658,.jpeg,clean,none,clean
img_00014461,fold_4,weapon,05_deepweb,deepweb,,,images/img_00014461.jpeg,datasets/splits/clean/fold_4/weapon/img_00014461.jpeg,3fa8fd0e13d124cf36758464b9a9405635fed0a18d72644d5b2876be5afd86ef,08b1afa00281e380697bab94a2458531,22219,.jpeg,clean,none,clean
img_00014471,fold_4,weapon,05_deepweb,deepweb,,,images/img_00014471.jpeg,datasets/splits/clean/fold_4/weapon/img_00014471.jpeg,5b0dd3a1adeac6836347d4061e4a5894e277289f5f11fe38dabf251d4e8d841e,0dc5f0539bcdd81573eb7818f0de157f,9376,.jpeg,clean,none,clean
img_00014513,fold_4,weapon,05_deepweb,deepweb,,,images/img_00014513.jpeg,datasets/splits/clean/fold_4/weapon/img_00014513.jpeg,50a1fb85788c601b92d124c3295e28c3332c065fc7e01c0f61bc8e3b2f997324,256779d33fda73fc0f15f8e8dd1efb0a,21046,.jpeg,clean,none,clean
img_00014520,fold_4,weapon,05_deepweb,deepweb,,,images/img_00014520.jpeg,datasets/splits/clean/fold_4/weapon/img_00014520.jpeg,fd11b752a1aceed9e79cf9009934f5cd84a9e5b3250de9971cd6d8cb08eca268,28f5a9175b10597d1feb5ec94eed3d5c,8464,.jpeg,clean,none,clean
img_00014530,fold_4,weapon,05_deepweb,deepweb,,,images/img_00014530.jpeg,datasets/splits/clean/fold_4/weapon/img_00014530.jpeg,0a8363bf52a436fd7e87743af9f3592242ba9993e8142f531642e63b68c655fd,2dc253856c4b2b0502794861b5fffb44,7368,.jpeg,clean,none,clean
img_00012872,fold_5,non_weapon,03_google_scraped,google,,,images/img_00012872.jpg,datasets/splits/clean/fold_5/non_weapon/img_00012872.jpg,7639ba10481f814742de7142bd8677cd7d3557e0175031766f063a39e9f39101,9b222b8026afc4cc9685afb83793c6b9,30392,.jpg,clean,none,clean
img_00012881,fold_5,non_weapon,03_google_scraped,google,,,images/img_00012881.jpg,datasets/splits/clean/fold_5/non_weapon/img_00012881.jpg,5c737cf8f9b914adb67ff0198ba300bc18cd18da9d1b454924508178fa065dfc,50d89031d387b7978cbd54bf59f3621d,63593,.jpg,clean,none,clean
img_00012939,fold_5,non_weapon,03_google_scraped,google,,,images/img_00012939.jpg,datasets/splits/clean/fold_5/non_weapon/img_00012939.jpg,97a6a15fdf46c661552853446300053278fe00e3b0ab171872afea37af291a8c,1d9fb9445fbb06df6c749484e1e7602d,209376,.jpg,clean,none,clean
img_00012987,fold_5,non_weapon,03_google_scraped,google,,,images/img_00012987.jpg,datasets/splits/clean/fold_5/non_weapon/img_00012987.jpg,41fa23586d3c691f61701ad6a3d30b6d4efc8acec1011366720e7533ee4f5c3d,29f1b4e7cdd1a7af703f92485a7e0afb,423173,.jpg,clean,none,clean
img_00012996,fold_5,non_weapon,03_google_scraped,google,,,images/img_00012996.jpg,datasets/splits/clean/fold_5/non_weapon/img_00012996.jpg,0dedc8ddebe72d72e963db75c250d9d44b596e9a105df1bb88e67753a45270f0,ad3ef7fa8e4c37dcfcd172fa9a5730df,136146,.jpg,clean,none,clean
img_00013080,fold_5,non_weapon,03_google_scraped,google,,,images/img_00013080.jpg,datasets/splits/clean/fold_5/non_weapon/img_00013080.jpg,6c1c5aa1e96d95ac4ed9bde22428cc7eb1fb0e837aae990fee5efeebac444f32,57d29656f651555acbc1df3b258a1c1f,71296,.jpg,clean,none,clean
img_00013505,fold_5,non_weapon,04_telegram_youtube,telegram_youtube,,,images/img_00013505.jpg,datasets/splits/clean/fold_5/non_weapon/img_00013505.jpg,d65c02746440bf439eaf4c0d40a2c731cee76987cdb0208542271a6b2ad07491,bca80ee950b4bf9a08811e139375b8b7,67356,.jpg,clean,none,clean
img_00013556,fold_5,non_weapon,04_telegram_youtube,telegram_youtube,,,images/img_00013556.jpg,datasets/splits/clean/fold_5/non_weapon/img_00013556.jpg,db695e54ff740677d6c924f1e9bc4c5939e2f292205fc65fd9893c3dfa9dbc5a,b3c9763456853d4a5efad78ac48901f6,142593,.jpg,clean,none,clean
img_00013558,fold_5,non_weapon,04_telegram_youtube,telegram_youtube,,,images/img_00013558.jpg,datasets/splits/clean/fold_5/non_weapon/img_00013558.jpg,c68148d30b32490378d503eda965a5700f807e2b5e58a14392faa77213424d9a,e28418712ee96722dd8bf71392a87425,105239,.jpg,clean,none,clean
img_00013595,fold_5,non_weapon,04_telegram_youtube,telegram_youtube,,,images/img_00013595.jpg,datasets/splits/clean/fold_5/non_weapon/img_00013595.jpg,21d924e3d41e544e093bf1904138b748d416eaac12347d775b4632c250e1ca45,184d711b786c0ab401fa031fa9e100c7,55781,.jpg,clean,none,clean
img_00013617,fold_5,non_weapon,04_telegram_youtube,telegram_youtube,,,images/img_00013617.jpg,datasets/splits/clean/fold_5/non_weapon/img_00013617.jpg,1f872da4d9f0a0bcac3dcf76ccfb61802872cd624fbc64251ab713339ebd0f95,68f77984b6f70396c7bab53f000dd5ae,103762,.jpg,clean,none,clean
img_00013804,fold_5,non_weapon,04_telegram_youtube,telegram_youtube,,,images/img_00013804.jpg,datasets/splits/clean/fold_5/non_weapon/img_00013804.jpg,98a5e6dae41208ded8f0d988163cf9abb7dce637630ad42140e18339a01cf2da,dcc21bf295c51860d9e8569f96ec6651,124010,.jpg,clean,none,clean
img_00013984,fold_5,non_weapon,04_telegram_youtube,telegram_youtube,,,images/img_00013984.jpg,datasets/splits/clean/fold_5/non_weapon/img_00013984.jpg,193929766fadb251b8ea1388d57d907c2170d4dcd30cb46e69084a8fb9263039,df41e114a2788b6476dd769172b2ad75,77663,.jpg,clean,none,clean
img_00014000,fold_5,non_weapon,04_telegram_youtube,telegram_youtube,,,images/img_00014000.jpg,datasets/splits/clean/fold_5/non_weapon/img_00014000.jpg,07a260744dde4b203ff1e27ded1f23548c8c6a513c18167fbb0058b385b4b4e0,1caa04d26f6943ac937c9d373a5fa8bf,31110,.jpg,clean,none,clean
img_00014122,fold_5,non_weapon,04_telegram_youtube,telegram_youtube,,,images/img_00014122.jpg,datasets/splits/clean/fold_5/non_weapon/img_00014122.jpg,82d85207578bff8ba0354448f702fcc6fd7aa36870c3f877da3bf76464d14679,19032ea4cc0c1f2b460c44ebc1240dc6,131160,.jpg,clean,none,clean
img_00014138,fold_5,non_weapon,04_telegram_youtube,telegram_youtube,,,images/img_00014138.jpg,datasets/splits/clean/fold_5/non_weapon/img_00014138.jpg,2c03bfd8963c0589031e56b41780334ee3a472bad14ec2b1aea9f539b88a283c,13fb0e831d5d0889369853124b8b864d,122965,.jpg,clean,none,clean
img_00014152,fold_5,non_weapon,04_telegram_youtube,telegram_youtube,,,images/img_00014152.jpg,datasets/splits/clean/fold_5/non_weapon/img_00014152.jpg,dda3937c0652e182f6673c39eff81627319ce2d8e34bc148699e2d89e2f45456,2baf1f1c872c366663fa94b4fa3cdb4c,43114,.jpg,clean,none,clean
img_00014375,fold_5,non_weapon,05_deepweb,deepweb,,,images/img_00014375.jpeg,datasets/splits/clean/fold_5/non_weapon/img_00014375.jpeg,6f83e085fe154cb4261804ac8f1d8497a6fbcbe2f2120eb5d7644b09699fc524,253f35cc57c462f6b97faf760b38562d,20004,.jpeg,clean,none,clean
img_00014409,fold_5,non_weapon,05_deepweb,deepweb,,,images/img_00014409.jpeg,datasets/splits/clean/fold_5/non_weapon/img_00014409.jpeg,11e9652e20ba9da8ad92ad0dcf826b50dbe24a7434e9b8850dae9c9a6cd4c6e0,73ef19d005ab1c09541bd6f562e240a1,23134,.jpeg,clean,none,clean
img_00014412,fold_5,non_weapon,05_deepweb,deepweb,,,images/img_00014412.jpeg,datasets/splits/clean/fold_5/non_weapon/img_00014412.jpeg,f6cecf0170e6362b566740b531b284e1b2b087e413d6004309c82eb3b079f278,885ea5ad0af8fd808d7fb53950ff55e6,22184,.jpeg,clean,none,clean
img_00014416,fold_5,non_weapon,05_deepweb,deepweb,,,images/img_00014416.jpeg,datasets/splits/clean/fold_5/non_weapon/img_00014416.jpeg,308f5fb965e3df86ab0b3af77a47a11fde2add7a4d822dc98ae0b856f686ac3d,9545f8cf6740855f3f15bc63264e14e9,340752,.jpeg,clean,none,clean
img_00014426,fold_5,non_weapon,05_deepweb,deepweb,,,images/img_00014426.jpeg,datasets/splits/clean/fold_5/non_weapon/img_00014426.jpeg,b69a0d568c7990075f360f787df85f0b47725e7013c98834f388f8a7b7394bee,b797e01876072a69eb349cb523594a05,37867,.jpeg,clean,none,clean
img_00014431,fold_5,non_weapon,05_deepweb,deepweb,,,images/img_00014431.jpeg,datasets/splits/clean/fold_5/non_weapon/img_00014431.jpeg,cb57e1148731d15edb22b7c71a1ee02a264e7b3430718b30f72e421c5c40d4f3,cad00c7204a8d51210d232efef24f7ce,16907,.jpeg,clean,none,clean
img_00014451,fold_5,non_weapon,05_deepweb,deepweb,,,images/img_00014451.jpeg,datasets/splits/clean/fold_5/non_weapon/img_00014451.jpeg,02a8ab4a7412cb93938084ff91975608792ee3f896f298c5649f27dd1b400e70,026b6787c0ec736581f1fd6a9591ea8c,24765,.jpeg,clean,none,clean
img_00014457,fold_5,non_weapon,05_deepweb,deepweb,,,images/img_00014457.webp,datasets/splits/clean/fold_5/non_weapon/img_00014457.webp,195748bc827ca9b98eba1479b275d1acebc920730f92a79a03facaee94ebe88a,06b9283d64dd70a1063023842599e509,44872,.webp,clean,none,clean
img_00014467,fold_5,non_weapon,05_deepweb,deepweb,,,images/img_00014467.png,datasets/splits/clean/fold_5/non_weapon/img_00014467.png,6d583b18b885f5fc13cc94ea388e670c910b20fc3b96489fec7ec3dcf2977c5a,0b48c971c72ed86d6e5cd18d49ade5f0,178492,.png,clean,none,clean
img_00014470,fold_5,non_weapon,05_deepweb,deepweb,,,images/img_00014470.jpeg,datasets/splits/clean/fold_5/non_weapon/img_00014470.jpeg,5d184243562f9ec3f2a90a9b83bff2393705be2143888564b65e61f5b34605e0,0c5761f2fd869d2a20e71515246967d0,20624,.jpeg,clean,none,clean
img_00014479,fold_5,non_weapon,05_deepweb,deepweb,,,images/img_00014479.jpeg,datasets/splits/clean/fold_5/non_weapon/img_00014479.jpeg,3da3f621b9318daaf5e88a5049f8a1f5eb6210de606d6f8a438818b9c79339fd,12bc656fb048e0e6a0486bb63e87fe08,192368,.jpeg,clean,none,clean
img_00014521,fold_5,non_weapon,05_deepweb,deepweb,,,images/img_00014521.png,datasets/splits/clean/fold_5/non_weapon/img_00014521.png,933dfb988b3aad71a7c26fa734f2d293f440b12163817d99556f5dd41f0b528e,2973e5683577bf8d6b9b1e89849f2c12,47502,.png,clean,none,clean
img_00014523,fold_5,non_weapon,05_deepweb,deepweb,,,images/img_00014523.png,datasets/splits/clean/fold_5/non_weapon/img_00014523.png,97f9b178ac1993f88da781196e578ab29bf0c10719198f339dee78427b641ddc,2ac7730f9e17db1117d2ce16d0d93d44,64703,.png,clean,none,clean
img_00014527,fold_5,non_weapon,05_deepweb,deepweb,,,images/img_00014527.jpeg,datasets/splits/clean/fold_5/non_weapon/img_00014527.jpeg,58163c95ca925262d7f4ef856e2ccfa2d54b434f437b71d30c9a1a7d88104b8e,2c61b1ffbdaf1466fac550bdc6d869f4,31884,.jpeg,clean,none,clean
img_00014532,fold_5,non_weapon,05_deepweb,deepweb,,,images/img_00014532.png,datasets/splits/clean/fold_5/non_weapon/img_00014532.png,8f1eca324e7c9ce6229402a0401943880c7b067abd7a9bbca6bf3e76bb2428ab,2f171aad11cd46dc9884828165af4fc9,18267,.png,clean,none,clean
img_00014540,fold_5,non_weapon,05_deepweb,deepweb,,,images/img_00014540.png,datasets/splits/clean/fold_5/non_weapon/img_00014540.png,c4a18d6c44766c9b65802cb11adc1e9381d1fe8750fda17f8ca0991f2e1d764d,32ddc5b16cf0ae4ea2b171057e20bc8f,13949,.png,clean,none,clean
img_00014555,fold_5,non_weapon,05_deepweb,deepweb,,,images/img_00014555.jpeg,datasets/splits/clean/fold_5/non_weapon/img_00014555.jpeg,a102d1821e7598820acd7f674959f6e759570a1e35912e86f74bacb1bbe19875,3e1e192e217487d46fa7781fdfe38751,25289,.jpeg,clean,none,clean
img_00014561,fold_5,non_weapon,05_deepweb,deepweb,,,images/img_00014561.jpeg,datasets/splits/clean/fold_5/non_weapon/img_00014561.jpeg,e182c78ccc0ea609d627880990199f0b1fb4cc1e6d21228975ddcf277f1c33b8,40225c46c4d4f031eadf337702cb8cc5,82333,.jpeg,clean,none,clean
img_00014637,fold_5,non_weapon,05_deepweb,deepweb,,,images/img_00014637.jpeg,datasets/splits/clean/fold_5/non_weapon/img_00014637.jpeg,b9a475843fdfdd6cc26fb74e23b94bd8a12cf1a6fa1959d9060470ed61df4449,673290854b62f607b6dd878e1e1c4d3b,16554,.jpeg,clean,none,clean
img_00014638,fold_5,non_weapon,05_deepweb,deepweb,,,images/img_00014638.png,datasets/splits/clean/fold_5/non_weapon/img_00014638.png,88a7658f2f3135a91b06ab9f47cd729e3739def57c8a00276c097e99b293c156,67a45f6447085de6cf6b17856ffcc5c0,13346,.png,clean,none,clean
img_00014639,fold_5,non_weapon,05_deepweb,deepweb,,,images/img_00014639.png,datasets/splits/clean/fold_5/non_weapon/img_00014639.png,8072046deb749b208dd113b63c3f07a2fb48b13a47deb897d948d4b4c140358b,68182ba5e9fef77f9e2bc32500c8d979,23594,.png,clean,none,clean
img_00014647,fold_5,non_weapon,05_deepweb,deepweb,,,images/img_00014647.jpeg,datasets/splits/clean/fold_5/non_weapon/img_00014647.jpeg,f99d3009e5d7ddc651ef77b07b5e6128ec0c07d6b7ff05920547c60a14e2d42c,6aa581680583010085ef1e7d2c28f5cf,32195,.jpeg,clean,none,clean
img_00014655,fold_5,non_weapon,05_deepweb,deepweb,,,images/img_00014655.jpeg,datasets/splits/clean/fold_5/non_weapon/img_00014655.jpeg,f79931e734eab178b1d43b79fcd588f710ed1f2581ce894143703e02c0c364bf,70fb881381041377e4b498d19bd40a83,22806,.jpeg,clean,none,clean
img_00014665,fold_5,non_weapon,05_deepweb,deepweb,,,images/img_00014665.jpeg,datasets/splits/clean/fold_5/non_weapon/img_00014665.jpeg,144236ade676732459b1d94fd17cba3e6f21ed0a5b6b76f56723f340f9574924,75d6c85e34268d0662ede4e7da32f04c,77260,.jpeg,clean,none,clean
img_00014679,fold_5,non_weapon,05_deepweb,deepweb,,,images/img_00014679.png,datasets/splits/clean/fold_5/non_weapon/img_00014679.png,1738d1622510ec6df16e46607ade11d174ad929184ca21097b882575cad233a0,7d3f7cd39d9fc12a636c103d0849f136,94061,.png,clean,none,clean
img_00014685,fold_5,non_weapon,05_deepweb,deepweb,,,images/img_00014685.jpeg,datasets/splits/clean/fold_5/non_weapon/img_00014685.jpeg,fdf1aab001712e052b4378e88a188e2942b05e59973be22f563b542461a9c2e4,7f0af53822fa2ed2f2a8c45bf13b2a13,62984,.jpeg,clean,none,clean
img_00014698,fold_5,non_weapon,05_deepweb,deepweb,,,images/img_00014698.jpeg,datasets/splits/clean/fold_5/non_weapon/img_00014698.jpeg,35ad78e5e30b68f188e3124c2f19fde4d9c1a1e047bd658467a77b47401d4438,854f065c67d16ed1124d61406ee2be96,29538,.jpeg,clean,none,clean
img_00014703,fold_5,non_weapon,05_deepweb,deepweb,,,images/img_00014703.png,datasets/splits/clean/fold_5/non_weapon/img_00014703.png,1646b74e23f9358e6fb61dbcb23379a12e8f9c9cdc115cd81757f863b5eb16bf,8952047018c27740b71f18dc8bd12eee,10943,.png,clean,none,clean
img_00014707,fold_5,non_weapon,05_deepweb,deepweb,,,images/img_00014707.png,datasets/splits/clean/fold_5/non_weapon/img_00014707.png,0c1464a23c2aeb05922bf84787a981189683906225b1fba0bf4245a4bc1181ee,8b2f04cc701efc12531185a1ed9eccb8,84085,.png,clean,none,clean
img_00014715,fold_5,non_weapon,05_deepweb,deepweb,,,images/img_00014715.png,datasets/splits/clean/fold_5/non_weapon/img_00014715.png,1cffe9f02ece55b96def6e555083a61d312648dd4be37e30d8246e938a5bb686,9338eaff063f1950436d2e8954434329,54970,.png,clean,none,clean
img_00014718,fold_5,non_weapon,05_deepweb,deepweb,,,images/img_00014718.jpeg,datasets/splits/clean/fold_5/non_weapon/img_00014718.jpeg,0004ba18af36a4d7677bd07918a78794549b72bdafc556f751b3277d71b0580d,94f9c7eb539c990a44c291e8f3815a9f,46642,.jpeg,clean,none,clean
img_00014721,fold_5,non_weapon,05_deepweb,deepweb,,,images/img_00014721.jpeg,datasets/splits/clean/fold_5/non_weapon/img_00014721.jpeg,6b5c36a657d47fa6049f6b0888c177bb7c803418e38b1389251e98e9c3ce0cbc,96b6ad32497e3dccfc54309bbdb0ff21,12587,.jpeg,clean,none,clean
img_00014722,fold_5,non_weapon,05_deepweb,deepweb,,,images/img_00014722.jpeg,datasets/splits/clean/fold_5/non_weapon/img_00014722.jpeg,e301a983e0a848f7a05b54d7da7b51e87ed54df8d3c5d8ae52f41c74d88bd80e,97698efc962d06811b3a2ec4b089818e,7437,.jpeg,clean,none,clean
img_00014724,fold_5,non_weapon,05_deepweb,deepweb,,,images/img_00014724.png,datasets/splits/clean/fold_5/non_weapon/img_00014724.png,68f5f814f45cc87db5f71800f03e15230f5d3f2eef76b705ccf233840cd9085f,9907605c815eb36c70b04ba6ae2e2b8d,359296,.png,clean,none,clean
img_00014749,fold_5,non_weapon,05_deepweb,deepweb,,,images/img_00014749.png,datasets/splits/clean/fold_5/non_weapon/img_00014749.png,3d574f2e09f56ecbc0ef3b70e699c9c33c483799451740b0773c6434867ef49c,a4661c17c77e2ef33a0fbd08989235af,95090,.png,clean,none,clean
img_00014750,fold_5,non_weapon,05_deepweb,deepweb,,,images/img_00014750.jpeg,datasets/splits/clean/fold_5/non_weapon/img_00014750.jpeg,76d6f81d7b08aedde24053f26182bb969811796091dc0f23a4c7bf785da6c98f,a4861354430a51cf23dc847a4284b968,38852,.jpeg,clean,none,clean
img_00014761,fold_5,non_weapon,05_deepweb,deepweb,,,images/img_00014761.png,datasets/splits/clean/fold_5/non_weapon/img_00014761.png,ae48d348f85eb100473dca812711e62c39e08d09a13dbfd986afb5a715021e9e,a921801a30c054e6e7bcbe8ff5614663,14775,.png,clean,none,clean
img_00014765,fold_5,non_weapon,05_deepweb,deepweb,,,images/img_00014765.png,datasets/splits/clean/fold_5/non_weapon/img_00014765.png,a7ee3377ac7c94cca6269c62b0c9d1a98701d3a05a73c0cfb68707170edbdeec,ab6bc308846515104e8a84ada1f24d28,66664,.png,clean,none,clean
img_00014770,fold_5,non_weapon,05_deepweb,deepweb,,,images/img_00014770.jpeg,datasets/splits/clean/fold_5/non_weapon/img_00014770.jpeg,8dcb358dfd1dc1bbc9a1913dee097a58358d4907c1f608679666a15e00c62814,ad9f4be3ef0bb83a7816dc77fcff26f8,21344,.jpeg,clean,none,clean
img_00014777,fold_5,non_weapon,05_deepweb,deepweb,,,images/img_00014777.png,datasets/splits/clean/fold_5/non_weapon/img_00014777.png,5b6be1fbb0008509e4d59807b6ed3b38d90e9ec941f0bd0ad9471639b0b7c6f6,b1384f8712e60488464d94de0d059443,277162,.png,clean,none,clean
img_00014814,fold_5,non_weapon,05_deepweb,deepweb,,,images/img_00014814.png,datasets/splits/clean/fold_5/non_weapon/img_00014814.png,fab279cac739ede3ad45111cec7e282d731dd0c9fb1fa3c35f84c98d1c46d442,be65666c520f3898603e6bb62fead578,14193,.png,clean,none,clean
img_00014836,fold_5,non_weapon,05_deepweb,deepweb,,,images/img_00014836.png,datasets/splits/clean/fold_5/non_weapon/img_00014836.png,1b10124f731c02b4bb1295ed5881e25a012b67af75c45290fa1166cb031e14fc,c9112da9ef052ab73eb834f0cf422abd,382189,.png,clean,none,clean
img_00014840,fold_5,non_weapon,05_deepweb,deepweb,,,images/img_00014840.png,datasets/splits/clean/fold_5/non_weapon/img_00014840.png,06d75b0043b0c09bc948bb4bcd8f361f0c272199d23ce6f56b8717ecedfd1e16,cb24b129a2962c7c9dad4562182cb1ff,37297,.png,clean,none,clean
img_00014845,fold_5,non_weapon,05_deepweb,deepweb,,,images/img_00014845.png,datasets/splits/clean/fold_5/non_weapon/img_00014845.png,ec8fc9e737e77f75e36b84f065c89c41a34ac5bb606c05a5f59de3785fa6ddec,cf76e03887fdac2ce8c952b5679332f4,92629,.png,clean,none,clean
img_00014855,fold_5,non_weapon,05_deepweb,deepweb,,,images/img_00014855.jpeg,datasets/splits/clean/fold_5/non_weapon/img_00014855.jpeg,16e11bc8f53b5027044f604136b535be0f806e62ee0fa69fb2aaebab8e9a5ee9,d29974e9e6aec6af8d840745d3dc088b,21235,.jpeg,clean,none,clean
img_00014859,fold_5,non_weapon,05_deepweb,deepweb,,,images/img_00014859.png,datasets/splits/clean/fold_5/non_weapon/img_00014859.png,efe211c9f0c6b0b2f9101b5ee583cd84ec8217d1d952f9ede79f6b32e2f33904,d44cb4b54f6d5493dd61369a21aa13ee,152493,.png,clean,none,clean
img_00014871,fold_5,non_weapon,05_deepweb,deepweb,,,images/img_00014871.jpeg,datasets/splits/clean/fold_5/non_weapon/img_00014871.jpeg,b1cc224fe0f3c6333c87ea72fecbdbce5cf426b5502a64e25af2b98bc7776936,de185538d9e25c6ee7dc1298f75d4188,16723,.jpeg,clean,none,clean
img_00014890,fold_5,non_weapon,05_deepweb,deepweb,,,images/img_00014890.jpeg,datasets/splits/clean/fold_5/non_weapon/img_00014890.jpeg,98f3bc7887f2ecb0275a3caf4a700ec3a69a1a2b29ec534f3e9f8fab90e63014,e553ab11038a8f65b11abfba794d13c3,84846,.jpeg,clean,none,clean
img_00014894,fold_5,non_weapon,05_deepweb,deepweb,,,images/img_00014894.png,datasets/splits/clean/fold_5/non_weapon/img_00014894.png,4d5fbd984395e04fc9ac441bf8c19525c8e8e0243e5d8d3eb9b75151cd1628db,e7a3cf5aa165b1ca49d33b34b75fa369,27885,.png,clean,none,clean
img_00014895,fold_5,non_weapon,05_deepweb,deepweb,,,images/img_00014895.jpeg,datasets/splits/clean/fold_5/non_weapon/img_00014895.jpeg,6537682d843147c4c0444f442448ab82dabc0f5361772be97ffcc6c2950eaff9,e7e7c97766ec05263a4003684ccd6ace,17359,.jpeg,clean,none,clean
img_00014896,fold_5,non_weapon,05_deepweb,deepweb,,,images/img_00014896.jpeg,datasets/splits/clean/fold_5/non_weapon/img_00014896.jpeg,2e86eb22324bc510d1a2809ae30ea34fd65cfa14b495fbadc366eb0dfcfaeac1,e81691401ee520bd337d6f787b20ec22,25029,.jpeg,clean,none,clean
img_00014903,fold_5,non_weapon,05_deepweb,deepweb,,,images/img_00014903.jpeg,datasets/splits/clean/fold_5/non_weapon/img_00014903.jpeg,e865bc19892397455c0a5a8814b81c50463fddfd972242cdea68865430202920,ee20edc87e599fc19f4bb516066003da,24733,.jpeg,clean,none,clean
img_00014917,fold_5,non_weapon,05_deepweb,deepweb,,,images/img_00014917.jpeg,datasets/splits/clean/fold_5/non_weapon/img_00014917.jpeg,00c4f0f970ee177971ec2d10708e8e1f7be3904cea22f9e85d17751627a24b1f,f6a362a476267762b2e2a3d21b3db3b2,20247,.jpeg,clean,none,clean
img_00014919,fold_5,non_weapon,05_deepweb,deepweb,,,images/img_00014919.jpeg,datasets/splits/clean/fold_5/non_weapon/img_00014919.jpeg,c797a1d86844e38d781aa1afc1d9097a82960049d31ec2d4d821ee451e994905,f7ce7db764cb84ece39e6a62ec3a2229,13488,.jpeg,clean,none,clean
img_00014926,fold_5,non_weapon,05_deepweb,deepweb,,,images/img_00014926.png,datasets/splits/clean/fold_5/non_weapon/img_00014926.png,99b6ef4d999c6825d644a66ecadcaa7ff60b1572ea93e870151392e615777675,fa5596266b193f382b041d37ffe53166,22548,.png,clean,none,clean
img_00014933,fold_5,non_weapon,05_deepweb,deepweb,,,images/img_00014933.jpeg,datasets/splits/clean/fold_5/non_weapon/img_00014933.jpeg,07de4dd21a1894c93c9f3c1bc59110c011b07de6e04785bc510d5098acfcc17a,ffe957f85af5637290188de5349a7886,25240,.jpeg,clean,none,clean
img_00014940,fold_5,non_weapon,05_deepweb,deepweb,,,images/img_00014940.webp,datasets/splits/clean/fold_5/non_weapon/img_00014940.webp,75e94c63d5940f52cc2673b137dfb4ad97fe79d95731c5ec8b85b011b91b1a1f,0431cf8b3779c2fca622161686c04c60,10046,.webp,clean,none,clean
img_00014941,fold_5,non_weapon,05_deepweb,deepweb,,,images/img_00014941.png,datasets/splits/clean/fold_5/non_weapon/img_00014941.png,43616e97c0694887fe638b90d30e4bad77d8868b30c6e62dc3d6d38bbd661c6e,06027b51d60f7b7775c34be0840bca0a,1562413,.png,clean,none,clean
img_00015011,fold_5,non_weapon,05_deepweb,deepweb,,,images/img_00015011.png,datasets/splits/clean/fold_5/non_weapon/img_00015011.png,9f30e257f067c481fdd3be78c3cd87c1e112ecdc9cd31bf06dc55615f9ba6df6,377b7b89b3822ca408be9a15d31b9c0f,87468,.png,clean,none,clean
img_00015012,fold_5,non_weapon,05_deepweb,deepweb,,,images/img_00015012.png,datasets/splits/clean/fold_5/non_weapon/img_00015012.png,2938801da29037394513b75f4e43ea443d490dd7a74b42e11ed6e0f7f3d1383f,37df2d680df30fedada9d5f33947fa6f,239315,.png,clean,none,clean
img_00015022,fold_5,non_weapon,05_deepweb,deepweb,,,images/img_00015022.png,datasets/splits/clean/fold_5/non_weapon/img_00015022.png,dfb64b1c9a40329eaf9198f0ce1e3c7a73b11cb8ead688101928799c011a00b9,3d51844e8a7d11e9c894fad931d8dd5e,108308,.png,clean,none,clean
img_00015023,fold_5,non_weapon,05_deepweb,deepweb,,,images/img_00015023.jpeg,datasets/splits/clean/fold_5/non_weapon/img_00015023.jpeg,3f1c7d22e6101e0a7ab5cf70e7d89dec064311804d36deca6fb740e6b3d3cd92,3de4317d4bd05aaca21ad4311642ea92,13130,.jpeg,clean,none,clean
img_00015040,fold_5,non_weapon,05_deepweb,deepweb,,,images/img_00015040.jpeg,datasets/splits/clean/fold_5/non_weapon/img_00015040.jpeg,3d9fea8f96c296438ee73ab4b29161cd30697fdfc4a6f8ff68331b5de2292fdb,4899c76f5c6fbf5bad19b143b3b25e90,19011,.jpeg,clean,none,clean
img_00015051,fold_5,non_weapon,05_deepweb,deepweb,,,images/img_00015051.jpeg,datasets/splits/clean/fold_5/non_weapon/img_00015051.jpeg,7e66cb3a9ad9afc1ab59699e34b6c3eefcbded83d4fccc155d1e44af8b847c7d,4f7788b77fb1d4e80ab66d01bf372248,12000,.jpeg,clean,none,clean
img_00015059,fold_5,non_weapon,05_deepweb,deepweb,,,images/img_00015059.jpeg,datasets/splits/clean/fold_5/non_weapon/img_00015059.jpeg,6f629694e70dde6a3055bf001acf4d0c32a4e01684815f7a7e6b1ef82a86750f,54fd81bd948d181434a22babcac50900,57324,.jpeg,clean,none,clean
img_00015066,fold_5,non_weapon,05_deepweb,deepweb,,,images/img_00015066.jpeg,datasets/splits/clean/fold_5/non_weapon/img_00015066.jpeg,c217f5d4d6b6346a1c44f622a9587d7a03ff91a03920a8b5b22a424b3b84020c,59f02bd3c858e2db3c445b37385c7bd7,29041,.jpeg,clean,none,clean
img_00015077,fold_5,non_weapon,05_deepweb,deepweb,,,images/img_00015077.png,datasets/splits/clean/fold_5/non_weapon/img_00015077.png,30ea23076cc9cf4a2fa315042776d7b296fdab3ce63945f926c3e35f7406d3a1,60431428a9965e42d3fb6c0a639ddb2f,109708,.png,clean,none,clean
img_00015090,fold_5,non_weapon,05_deepweb,deepweb,,,images/img_00015090.jpeg,datasets/splits/clean/fold_5/non_weapon/img_00015090.jpeg,8dd5426cad741001a02307373d2cefba36c23cce37a3a8f019fea5baebaa9bdc,69913de5c00f1313cad5329e6aed7434,15266,.jpeg,clean,none,clean
img_00015101,fold_5,non_weapon,05_deepweb,deepweb,,,images/img_00015101.jpeg,datasets/splits/clean/fold_5/non_weapon/img_00015101.jpeg,521bdd7bf5a3525808a0fc52c42564ef6eae6a6b83bc85aa5ae52950a80722ae,6d7c5d764fc66c63858acdb03078e4d7,19896,.jpeg,clean,none,clean
img_00015102,fold_5,non_weapon,05_deepweb,deepweb,,,images/img_00015102.png,datasets/splits/clean/fold_5/non_weapon/img_00015102.png,fd498695a24be3a4479b9beff7b3549b37ab33407c0a57f3cc896e0f86d09c47,6e441f098c15e432514a7bbb5a129bb4,25410,.png,clean,none,clean
img_00015104,fold_5,non_weapon,05_deepweb,deepweb,,,images/img_00015104.jpeg,datasets/splits/clean/fold_5/non_weapon/img_00015104.jpeg,9ee096ad474eb26c801ccf4df8ab3d916084bdb7b96c2cbab35da5e111e6f0c3,6e989eb426ff71d2754ae96cec691e8c,27380,.jpeg,clean,none,clean
img_00015118,fold_5,non_weapon,05_deepweb,deepweb,,,images/img_00015118.jpeg,datasets/splits/clean/fold_5/non_weapon/img_00015118.jpeg,659f3079d6196689e37c3cea8574fe743737ec36c92605a0dfa36ebea54290b6,798505422d331c3ca7e512a80fb16b03,12541,.jpeg,clean,none,clean
img_00015130,fold_5,non_weapon,05_deepweb,deepweb,,,images/img_00015130.jpeg,datasets/splits/clean/fold_5/non_weapon/img_00015130.jpeg,561a60b523702c1ceced9bb0cf951c63616b51217069889c627b3f81bc4bef21,7f16c5494193947b3db21552fadb5208,45361,.jpeg,clean,none,clean
img_00015131,fold_5,non_weapon,05_deepweb,deepweb,,,images/img_00015131.jpeg,datasets/splits/clean/fold_5/non_weapon/img_00015131.jpeg,079da093cd9225b1bfdb41664664864053724ada0bc5dce25860f4d0d2a6680b,80a2067817783a60343bc64b0f1cac0a,67179,.jpeg,clean,none,clean
img_00015156,fold_5,non_weapon,05_deepweb,deepweb,,,images/img_00015156.jpeg,datasets/splits/clean/fold_5/non_weapon/img_00015156.jpeg,ba3c552ddae6ead50711d7c1e89a0fa89bd6231ca92a9fce81b3a5121201a0cd,8efa4e92d4a16f40ca0c62b00a90c266,14950,.jpeg,clean,none,clean
img_00015167,fold_5,non_weapon,05_deepweb,deepweb,,,images/img_00015167.png,datasets/splits/clean/fold_5/non_weapon/img_00015167.png,40c3c0ea38e0e5ddf5e0708d12ddf5a634e04c266c4a1de0936c79fad8cb0471,965ffe4b2d9e63210979a9f9407eee7b,277631,.png,clean,none,clean
img_00015168,fold_5,non_weapon,05_deepweb,deepweb,,,images/img_00015168.webp,datasets/splits/clean/fold_5/non_weapon/img_00015168.webp,7d1aa59e1cac8de3f7c4dee993accc9de266f5b8e4a6fe229c8f1d1d0d2f0958,972ad67b61c11fa9ce7a817d938a63d4,321610,.webp,clean,none,clean
img_00015196,fold_5,non_weapon,05_deepweb,deepweb,,,images/img_00015196.jpeg,datasets/splits/clean/fold_5/non_weapon/img_00015196.jpeg,59306136c3a3811eb2f5bd634c2d04e0bb3dd986ce84a480a016f7021634321a,a6ad2485b8e541476eb092263b97964b,38880,.jpeg,clean,none,clean
img_00015229,fold_5,non_weapon,05_deepweb,deepweb,,,images/img_00015229.jpeg,datasets/splits/clean/fold_5/non_weapon/img_00015229.jpeg,c8bd07f2a940e930586336376abd9293d2ccd04674f9ca3dd47ce19e8dc65461,bd7ef2b497805c6fab5a2a939e5d8ab5,333563,.jpeg,clean,none,clean
img_00015246,fold_5,non_weapon,05_deepweb,deepweb,,,images/img_00015246.jpeg,datasets/splits/clean/fold_5/non_weapon/img_00015246.jpeg,24d9ab6324ec94eb6127d4c15e512532ea322d5ffd28e0318922a7d04ebfdaef,c93fe3ede8b3c40cae3a42397fca1fd8,28322,.jpeg,clean,none,clean
img_00015260,fold_5,non_weapon,05_deepweb,deepweb,,,images/img_00015260.jpeg,datasets/splits/clean/fold_5/non_weapon/img_00015260.jpeg,2208c3518d88af6592fa98e587e05e3640ab4cf6694fc84b0ee0d6029c1adb61,d19761db45ac7acf40eeb9ccc37fc51a,50569,.jpeg,clean,none,clean
img_00015272,fold_5,non_weapon,05_deepweb,deepweb,,,images/img_00015272.jpeg,datasets/splits/clean/fold_5/non_weapon/img_00015272.jpeg,0632bb388de73d027a327cf94a746ff6931c8ed46bf852b0e2f09f3e82707f46,da99edf348eb11c6e45300590e9c5b37,42112,.jpeg,clean,none,clean
img_00015298,fold_5,non_weapon,05_deepweb,deepweb,,,images/img_00015298.jpeg,datasets/splits/clean/fold_5/non_weapon/img_00015298.jpeg,57f34832bdd1f27dcbc141b39aae8eb5fb9105b8eceec46229798002a6674912,edb335dbe91a6aa9973ead43edc6cbbe,17439,.jpeg,clean,none,clean
img_00000002,fold_5,weapon,01_kaggle_weapon,kaggle,,,images/img_00000002.jpg,datasets/splits/clean/fold_5/weapon/img_00000002.jpg,7a7d8e2da32ca3cd887666524285720c66283cc691b7075ec48510003d1b724b,4f5084550df74ff3d07dd96b254fc8a3,104110,.jpg,clean,none,clean
img_00000005,fold_5,weapon,01_kaggle_weapon,kaggle,,,images/img_00000005.jpg,datasets/splits/clean/fold_5/weapon/img_00000005.jpg,80634cc6bac7fd5a77fe211611d5e9186b6a3694c0b287c11632c4e844fe549e,e697612d7461f0e9611b11610c85b53c,50590,.jpg,clean,none,clean
img_00000031,fold_5,weapon,01_kaggle_weapon,kaggle,,,images/img_00000031.jpeg,datasets/splits/clean/fold_5/weapon/img_00000031.jpeg,329c9b874b82dbdbf1d42c01185cba8b44e103b97b02659f398f050401acd10c,fef7219044672b59ebb027a24bc2237b,233537,.jpeg,clean,none,clean
img_00000137,fold_5,weapon,01_kaggle_weapon,kaggle,,,images/img_00000137.jpeg,datasets/splits/clean/fold_5/weapon/img_00000137.jpeg,a067e1901e7313cd6da70b97b1b62e8b07525d7855e11bf106e50e412d81ae08,adbcc2290b134f9bec09ec3822e8c9a8,441293,.jpeg,clean,none,clean
img_00000139,fold_5,weapon,01_kaggle_weapon,kaggle,,,images/img_00000139.jpeg,datasets/splits/clean/fold_5/weapon/img_00000139.jpeg,33c069e03fdcecc4628be28b3317b0da9aafbf010980633a8489781741809c52,cbc3c43be7c6252775402d3282c0865f,40990,.jpeg,clean,none,clean
img_00000145,fold_5,weapon,01_kaggle_weapon,kaggle,,,images/img_00000145.jpeg,datasets/splits/clean/fold_5/weapon/img_00000145.jpeg,c82e8dc9fd181021c6438dc38f2bca814dfe0dfd16a0e367adf64931fedb91ff,353a20f11fc84073fa828b5f50c47d3b,44779,.jpeg,clean,none,clean
img_00000156,fold_5,weapon,01_kaggle_weapon,kaggle,,,images/img_00000156.jpeg,datasets/splits/clean/fold_5/weapon/img_00000156.jpeg,c331fbcbc63b354172bfc6977741240f8f0d61bd6e8c2917c00b3fbddf9a4c56,71c92abcbe360ab880e66e87dfe0f53e,92802,.jpeg,clean,none,clean
img_00000157,fold_5,weapon,01_kaggle_weapon,kaggle,,,images/img_00000157.jpeg,datasets/splits/clean/fold_5/weapon/img_00000157.jpeg,40de046c486cd629e4e4f4c068ba0fc990819778b0755d4ffd089da19891e854,4b255c6c6c9173c0746025dba029daf7,755018,.jpeg,clean,none,clean
img_00000161,fold_5,weapon,01_kaggle_weapon,kaggle,,,images/img_00000161.jpeg,datasets/splits/clean/fold_5/weapon/img_00000161.jpeg,1cfb2d5bca4b2a0f041ddae5a0798a3611da19d6237e94d451f0301d8782fd5a,1bbb76a39afc20fe871d2e1c52fa287b,96315,.jpeg,clean,none,clean
img_00000163,fold_5,weapon,01_kaggle_weapon,kaggle,,,images/img_00000163.jpeg,datasets/splits/clean/fold_5/weapon/img_00000163.jpeg,e97a4ad59f9f63dbd298b909d5aa5b7f27d738015018e970524ab7863d1c41e7,b44fbaf1aed3a2b5bbddb8ff40d87d19,75438,.jpeg,clean,none,clean
img_00000168,fold_5,weapon,01_kaggle_weapon,kaggle,,,images/img_00000168.jpeg,datasets/splits/clean/fold_5/weapon/img_00000168.jpeg,948b21d06f447cf3b824ac0335e16b5ae96588b64bb9b5ff5116a161961e5cb7,364faa8ba9b6f588a5d31a87463eebc5,56537,.jpeg,clean,none,clean
img_00000169,fold_5,weapon,01_kaggle_weapon,kaggle,,,images/img_00000169.jpeg,datasets/splits/clean/fold_5/weapon/img_00000169.jpeg,83b245081858ffb88f14254705fd0744ec4a39e5712ec7600cbc1e9d43d438d9,11153a6b53a2944aa0adccd3862481fa,256120,.jpeg,clean,none,clean
img_00000243,fold_5,weapon,01_kaggle_weapon,kaggle,,,images/img_00000243.jpeg,datasets/splits/clean/fold_5/weapon/img_00000243.jpeg,b1dd3567cd4a467169f3f916840111fdf98d9c915f186b0d1e383ed27e8fbec9,85bd6debfd53b4de92ef9edc9b6eafa0,36071,.jpeg,clean,none,clean
img_00000299,fold_5,weapon,01_kaggle_weapon,kaggle,,,images/img_00000299.jpeg,datasets/splits/clean/fold_5/weapon/img_00000299.jpeg,15c4e03e8977e4af19b60ef9193c64a894fc69087b9242f1373ffee55ddd7b3b,474343947625cecf94f26feca89e95cc,6198137,.jpeg,clean,none,clean
img_00000307,fold_5,weapon,01_kaggle_weapon,kaggle,,,images/img_00000307.jpeg,datasets/splits/clean/fold_5/weapon/img_00000307.jpeg,bc1a2c6380fa99c983dad529ebbfb3700172f9f905f45321f0e17720996959e7,7f26a4de0c76e0184e102f4f77d81be1,162023,.jpeg,clean,none,clean
img_00000315,fold_5,weapon,01_kaggle_weapon,kaggle,,,images/img_00000315.jpeg,datasets/splits/clean/fold_5/weapon/img_00000315.jpeg,11827b5fa86aa3c64fe28fb5677b759b014100a03e1f88b224364248975f4bdf,358c3aebc6285cc8aa0c5d82391566fb,354246,.jpeg,clean,none,clean
img_00000318,fold_5,weapon,01_kaggle_weapon,kaggle,,,images/img_00000318.jpeg,datasets/splits/clean/fold_5/weapon/img_00000318.jpeg,80bc469cb170f1b9f287702199cf48c8649bdc3cfa27c08a6201e2974b366cdf,66f6a76e2e8cca87263d51cee9c6353d,131215,.jpeg,clean,none,clean
img_00000321,fold_5,weapon,01_kaggle_weapon,kaggle,,,images/img_00000321.jpeg,datasets/splits/clean/fold_5/weapon/img_00000321.jpeg,a70e7a97bb7c7de1994db1525dcf260eb1b5ae996e548eee01ab2d44dadcc0ac,142146ac9d38ba96d7af8c77986ecc84,670051,.jpeg,clean,none,clean
img_00000323,fold_5,weapon,01_kaggle_weapon,kaggle,,,images/img_00000323.jpeg,datasets/splits/clean/fold_5/weapon/img_00000323.jpeg,f214fbd3bebd0a6ba0ed9b43446ec8e2f25991c0efba424051c6e8501a4eed55,254e3a1f38854af07d1fe65b82daf267,99679,.jpeg,clean,none,clean
img_00000340,fold_5,weapon,01_kaggle_weapon,kaggle,,,images/img_00000340.jpeg,datasets/splits/clean/fold_5/weapon/img_00000340.jpeg,42b0ca23b2cc893ed55e257ebfdbe172ff035f5bea4ac887c35db1d02056bdf5,5ba88aa056b573efb788c1027f0c5e6b,580041,.jpeg,clean,none,clean
img_00000465,fold_5,weapon,02_deepfirearm,deepfirearm,,,images/img_00000465.jpg,datasets/splits/clean/fold_5/weapon/img_00000465.jpg,9114f32a61d39e3babcffc3bccdd40d5094f080b7b8d1ea4781bd8a12b78466b,b0edf858b75585e666e6931a0918f395,20540,.jpg,clean,none,clean
img_00000467,fold_5,weapon,02_deepfirearm,deepfirearm,,,images/img_00000467.jpg,datasets/splits/clean/fold_5/weapon/img_00000467.jpg,8a4e003685f43434c485c954b5e4caeae9b8c6ff7d50267452425e47faf30e2c,f823be792b6b998ad09042d8601e8a80,46160,.jpg,clean,none,clean
img_00000531,fold_5,weapon,02_deepfirearm,deepfirearm,,,images/img_00000531.jpg,datasets/splits/clean/fold_5/weapon/img_00000531.jpg,ac2029d0f417aff7a9842dea3620e78375c3350d785f1826b319cbf04e223e35,f59927881097d6ff5626aac123a87c50,199229,.jpg,clean,none,clean
img_00000566,fold_5,weapon,02_deepfirearm,deepfirearm,,,images/img_00000566.jpg,datasets/splits/clean/fold_5/weapon/img_00000566.jpg,cc809eb94f213247fdc69f0eea0ae0851b0848fc9da98cf6f1ad1474590b079e,45775a700f3a7dba2cb6d1e9400d8628,526139,.jpg,clean,none,clean
img_00000568,fold_5,weapon,02_deepfirearm,deepfirearm,,,images/img_00000568.jpg,datasets/splits/clean/fold_5/weapon/img_00000568.jpg,a27f6f690323dca928dbacbe69a49fd853f755c839f826cc19459cbf2f3ab1f7,d7ecf365de9f4b45917def548ad4bcc8,34299,.jpg,clean,none,clean
img_00000649,fold_5,weapon,02_deepfirearm,deepfirearm,,,images/img_00000649.jpg,datasets/splits/clean/fold_5/weapon/img_00000649.jpg,c2064749de933aaa1bc2480a70e1b72be2599754e92ff0b203cdaa01c08bd0c8,d815d47bd642f01f5ded2cdffc3d40a6,311365,.jpg,clean,none,clean
img_00000803,fold_5,weapon,02_deepfirearm,deepfirearm,,,images/img_00000803.jpg,datasets/splits/clean/fold_5/weapon/img_00000803.jpg,7141a81e2e879ac3a072234d3df3d1295b57d28c699ec58b486facdfb5aa622a,da9ffa604ada130de34a3986caff69f9,834306,.jpg,clean,none,clean
img_00000814,fold_5,weapon,02_deepfirearm,deepfirearm,,,images/img_00000814.jpg,datasets/splits/clean/fold_5/weapon/img_00000814.jpg,2dddb568e6bae7817b8c4d7f35067ff91720d16f2f3aee8a0d4732b7e960af7d,5a438b5b523ae5d08257a0de4aeb65d5,160063,.jpg,clean,none,clean
img_00000837,fold_5,weapon,02_deepfirearm,deepfirearm,,,images/img_00000837.jpg,datasets/splits/clean/fold_5/weapon/img_00000837.jpg,73745737c25d1fb159fe5f79d26979baeaca4a88befc66cb38b67576ca56e81e,e826ecfb5f1025deb8f5da51e5f7c129,32115,.jpg,clean,none,clean
img_00000840,fold_5,weapon,02_deepfirearm,deepfirearm,,,images/img_00000840.jpg,datasets/splits/clean/fold_5/weapon/img_00000840.jpg,e036acc79813589b59e5fc9d78eb2a866b40dcdf17c37361e282ef7e2635f0ef,4867117a56df67fcf5e09bf19d2e110d,77893,.jpg,clean,none,clean
img_00000841,fold_5,weapon,02_deepfirearm,deepfirearm,,,images/img_00000841.jpg,datasets/splits/clean/fold_5/weapon/img_00000841.jpg,5d09c6023af9f70230b453f68f5a28c4afa4fd42c74027791d3d19ab03caa086,935600409effc2e1624a403b1b0b659f,666986,.jpg,clean,none,clean
img_00003524,fold_5,weapon,02_deepfirearm,deepfirearm,,,images/img_00003524.jpg,datasets/splits/clean/fold_5/weapon/img_00003524.jpg,969e91856eba4e5a175401ac906de0731438023ebc1c8169c7c6210b26cb9140,1b360e54e02f1ee79518d7a96a223fae,32425,.jpg,clean,none,clean
img_00003529,fold_5,weapon,02_deepfirearm,deepfirearm,,,images/img_00003529.jpg,datasets/splits/clean/fold_5/weapon/img_00003529.jpg,28bbf5f3e62e219db4c7a94321eda3dbc8b6662455de25b74910d46f0bc6d0c6,900e399733e89416c361c327d6bbd982,71907,.jpg,clean,none,clean
img_00004534,fold_5,weapon,02_deepfirearm,deepfirearm,,,images/img_00004534.jpg,datasets/splits/clean/fold_5/weapon/img_00004534.jpg,c12482821dd2aaad91bf17f33800f793fd599595c599343a0bfb7a8e150a6805,efac83aebd986e97e8163d2d4f865971,45127,.jpg,clean,none,clean
img_00008534,fold_5,weapon,02_deepfirearm,deepfirearm,,,images/img_00008534.jpg,datasets/splits/clean/fold_5/weapon/img_00008534.jpg,3c127b406e1d4e5d02148cbf444c95c3a56a44d2b9909565f1256cb7794e5d6c,50edf76728940fe0fdf27d76f9455a89,55636,.jpg,clean,none,clean
img_00008535,fold_5,weapon,02_deepfirearm,deepfirearm,,,images/img_00008535.jpg,datasets/splits/clean/fold_5/weapon/img_00008535.jpg,5a27ed12ffbe7b13731d2f2e18b15506fe8dfacccf4a89beed61881962c98122,a022905a37e737822c2c6cb9242fe6d1,154181,.jpg,clean,none,clean
img_00008542,fold_5,weapon,02_deepfirearm,deepfirearm,,,images/img_00008542.jpg,datasets/splits/clean/fold_5/weapon/img_00008542.jpg,45579bd8aa1598b83c18fa4078cdcf71aca2d5185cb1727ced3dde166fa81791,d850600af64ad5158ec019d38c20bca8,57829,.jpg,clean,none,clean
img_00010544,fold_5,weapon,02_deepfirearm,deepfirearm,,,images/img_00010544.jpg,datasets/splits/clean/fold_5/weapon/img_00010544.jpg,7d09a178d07067000edada6560d9d7e277a58dadd3188689470541809cf2d27d,7b35d5ea9f42439f7f3893ced039068e,1124771,.jpg,clean,none,clean
img_00010547,fold_5,weapon,02_deepfirearm,deepfirearm,,,images/img_00010547.jpg,datasets/splits/clean/fold_5/weapon/img_00010547.jpg,1472f967a0041cafdb71e97ceacf7fdd7a8e0c9526b83c58321563421b308521,6c6e54ee4c9102fcc73022f99737dca3,85837,.jpg,clean,none,clean
img_00011551,fold_5,weapon,02_deepfirearm,deepfirearm,,,images/img_00011551.jpg,datasets/splits/clean/fold_5/weapon/img_00011551.jpg,0c5d7fab3fdb403c53556221cff8e4feb91239592f11f22bdeca819f61e23aa5,0f360fadbf3e7119aee01c5919074c27,133178,.jpg,clean,none,clean
img_00012634,fold_5,weapon,03_google_scraped,google,,,images/img_00012634.jpg,datasets/splits/clean/fold_5/weapon/img_00012634.jpg,351a53f1caccbe9c9ab503338331f05e154e22f23ce734c19732353ac5316f42,a1455e8dcc9a00fe3ebfd183b273a336,39730,.jpg,clean,none,clean
img_00012639,fold_5,weapon,03_google_scraped,google,,,images/img_00012639.jpg,datasets/splits/clean/fold_5/weapon/img_00012639.jpg,8a2fda9023cbf4e85fdc00bd9e581784f27b86cb3ca504baae0b204397b67e71,57a460619ebe4e79894239dffd24f0a0,748631,.jpg,clean,none,clean
img_00012684,fold_5,weapon,03_google_scraped,google,,,images/img_00012684.jpg,datasets/splits/clean/fold_5/weapon/img_00012684.jpg,a5db7c4e7bfb832708c7256e10da8934cd17bd3258570bff4e55708222e127e0,d914ebc576d9d0a13c6d6d485558a41c,146348,.jpg,clean,none,clean
img_00012688,fold_5,weapon,03_google_scraped,google,,,images/img_00012688.jpg,datasets/splits/clean/fold_5/weapon/img_00012688.jpg,12019a2829f8db2755154647fbfeeab975e07694359eadd7ec21022dbce6ebc6,d9b3d2281f980e3d3b0e368218c8cf40,154585,.jpg,clean,none,clean
img_00012716,fold_5,weapon,03_google_scraped,google,,,images/img_00012716.jpg,datasets/splits/clean/fold_5/weapon/img_00012716.jpg,61db5e3633af9e85bb9a8c843e6b8ffbef7a9fcca832063a5f01cbc691ab1f5e,411511ebf3a0fcd0fdef120ba31a1848,24598,.jpg,clean,none,clean
img_00012746,fold_5,weapon,03_google_scraped,google,,,images/img_00012746.jpg,datasets/splits/clean/fold_5/weapon/img_00012746.jpg,35ca99e2489670be3477816c4ec9c17561701047612d0f5dfddb3179a4a26ab5,e6e1c72eb95c6d99f663cef81943379e,145201,.jpg,clean,none,clean
img_00012747,fold_5,weapon,03_google_scraped,google,,,images/img_00012747.jpg,datasets/splits/clean/fold_5/weapon/img_00012747.jpg,edd6979e1d82d0711bc88d9ba500dce1350c13da5d150fce9f5385e9e388f4e9,dbabd0f64af86d54ef0cc092dd103909,122871,.jpg,clean,none,clean
img_00012750,fold_5,weapon,03_google_scraped,google,,,images/img_00012750.jpg,datasets/splits/clean/fold_5/weapon/img_00012750.jpg,8cb596855643555c7063e27df9789b13dca33e66b90b5931dbfb75ca4a52a8c0,d3dc0797b0872386b796be3e908083ed,167532,.jpg,clean,none,clean
img_00012752,fold_5,weapon,03_google_scraped,google,,,images/img_00012752.jpg,datasets/splits/clean/fold_5/weapon/img_00012752.jpg,7c3e1b9daae64538b147bd9d05a80559e58be682c4ef2729a1a4a9863314ba83,82730f78d9ddce804d75d38fc5acf59d,113915,.jpg,clean,none,clean
img_00012758,fold_5,weapon,03_google_scraped,google,,,images/img_00012758.jpg,datasets/splits/clean/fold_5/weapon/img_00012758.jpg,1a02812f927be1e3f86e4f2abaf39a2713ce234808911dfc22e5dc4b2dd0269e,b82d3058f1eb37801af4230d36dc0836,243983,.jpg,clean,none,clean
img_00012810,fold_5,weapon,03_google_scraped,google,,,images/img_00012810.jpg,datasets/splits/clean/fold_5/weapon/img_00012810.jpg,3df2cfade0e8f53bd1ec0733a9f3835213326a608b5cd9b7b8c2d89bd7a1fe44,738f9b9dad8cc871f4ba536b4b060981,34830,.jpg,clean,none,clean
img_00012898,fold_5,weapon,03_google_scraped,google,,,images/img_00012898.jpg,datasets/splits/clean/fold_5/weapon/img_00012898.jpg,6ec29f353ebcb83a9eb8eec2122757066b9e6968d3e18cf0450f4e8969e4ac7b,2855cf57b1690da6bfeefde59607222f,1395523,.jpg,clean,none,clean
img_00012900,fold_5,weapon,03_google_scraped,google,,,images/img_00012900.jpg,datasets/splits/clean/fold_5/weapon/img_00012900.jpg,45968d589b0b8a145cf0f37768f475a7c19853fffd23a3ec0e182e56616b368b,eaaca797b04ba4ed4f7aa5520ac1b041,785006,.jpg,clean,none,clean
img_00012909,fold_5,weapon,03_google_scraped,google,,,images/img_00012909.jpg,datasets/splits/clean/fold_5/weapon/img_00012909.jpg,393a6ca248b654392937f2413de070ecc6319b989e5aa500385194ec07cd732c,b8497cfb7481fdfb5912947b81fcfa9a,328728,.jpg,clean,none,clean
img_00012914,fold_5,weapon,03_google_scraped,google,,,images/img_00012914.jpg,datasets/splits/clean/fold_5/weapon/img_00012914.jpg,0fe5f8dae684234ecef0d83bb3699ef82a0cd2397934861da10a583c044c5164,2ae4d3e225ab5efeafe909db93014dd7,296794,.jpg,clean,none,clean
img_00012963,fold_5,weapon,03_google_scraped,google,,,images/img_00012963.jpg,datasets/splits/clean/fold_5/weapon/img_00012963.jpg,6624a9d1a26e2de934d5a484300ea086f1321a1b3b98d1549a290867528799a3,3693017f47dbc23ca4b63884557ca6f6,957680,.jpg,clean,none,clean
img_00012972,fold_5,weapon,03_google_scraped,google,,,images/img_00012972.jpg,datasets/splits/clean/fold_5/weapon/img_00012972.jpg,c1e45e97e75ae69e2ef03aedae91b2efc187ff3cc33b613a599ee66d6ca45772,e80bd20408c945213b49d265c85f62ba,34901,.jpg,clean,none,clean
img_00013014,fold_5,weapon,03_google_scraped,google,,,images/img_00013014.jpg,datasets/splits/clean/fold_5/weapon/img_00013014.jpg,dc7a7f665f46147cf4d9bf6ce755bc99742be3cfc43fa0e14252dd7719093964,3c313fdfa4b43f1fde08661a30793313,156004,.jpg,clean,none,clean
img_00013123,fold_5,weapon,03_google_scraped,google,,,images/img_00013123.jpg,datasets/splits/clean/fold_5/weapon/img_00013123.jpg,9d59eae6c8bc601615befda4ebfca35372308c96df28f928df35521c04be5ace,129307fcca7b32480e15555cfd616388,34898,.jpg,clean,none,clean
img_00013144,fold_5,weapon,03_google_scraped,google,,,images/img_00013144.jpg,datasets/splits/clean/fold_5/weapon/img_00013144.jpg,747ade9701ac68d130009835a504d405377a2f5d1ce2f73f715667cb1107feee,f3f332ae12ce3b0009ed3fd2e46eb1e8,759881,.jpg,clean,none,clean
img_00013504,fold_5,weapon,04_telegram_youtube,telegram_youtube,,,images/img_00013504.jpg,datasets/splits/clean/fold_5/weapon/img_00013504.jpg,2213ffb3f95be127bb876b41409f5021014c27f349906398b9bd2b038282f9d1,803105190126d4fbbe3641652b178bc9,102290,.jpg,clean,none,clean
img_00013522,fold_5,weapon,04_telegram_youtube,telegram_youtube,,,images/img_00013522.jpg,datasets/splits/clean/fold_5/weapon/img_00013522.jpg,18f338d68e26bacc00c7378ceaa3f1deda3330b6fdaf64fdb46cd61043b5a6f1,3fa55c0bf4f16e6bba036a18a1582a64,131222,.jpg,clean,none,clean
img_00013533,fold_5,weapon,04_telegram_youtube,telegram_youtube,,,images/img_00013533.jpg,datasets/splits/clean/fold_5/weapon/img_00013533.jpg,81cde293c50a1fd1edae353b662b272431666c73abfb7b1dca6b7004b9d0e6e4,540f4e720f4ccc6cf48808c009279566,359389,.jpg,clean,none,clean
img_00013536,fold_5,weapon,04_telegram_youtube,telegram_youtube,,,images/img_00013536.jpg,datasets/splits/clean/fold_5/weapon/img_00013536.jpg,dcce5fda180f2433afca672b30d9c4ee13216de4bbd48835d9cded5026b6ed4f,bc7de43c9fefb9b7e8a36b466cac25c3,293643,.jpg,clean,none,clean
img_00013538,fold_5,weapon,04_telegram_youtube,telegram_youtube,,,images/img_00013538.jpg,datasets/splits/clean/fold_5/weapon/img_00013538.jpg,a9546f32b8500eeeff24c6860a04041c59f4ac538fb386d1a49b83e772532b74,c738ab6ab95acded144b3ce79c5162f1,277343,.jpg,clean,none,clean
img_00013567,fold_5,weapon,04_telegram_youtube,telegram_youtube,,,images/img_00013567.jpg,datasets/splits/clean/fold_5/weapon/img_00013567.jpg,c138637612d9dacc667b9de9f145711ae9ab820d1a63818375280d2719789120,2acf1496dbed8c30c67fc720f60f1ba6,421265,.jpg,clean,none,clean
img_00013569,fold_5,weapon,04_telegram_youtube,telegram_youtube,,,images/img_00013569.jpg,datasets/splits/clean/fold_5/weapon/img_00013569.jpg,6aa10e9972a41f7ecf2a60bddbfe3d5793e38257269cdcfef295fce86e9b7ff0,8b235df9375df580928438329445b9cf,131740,.jpg,clean,none,clean
img_00013570,fold_5,weapon,04_telegram_youtube,telegram_youtube,,,images/img_00013570.jpg,datasets/splits/clean/fold_5/weapon/img_00013570.jpg,deda6ec2cf8cb51f569ee8043ec6ffa98a0a241386ab1e93a279b0bf512c2f06,f6d93f7669c9ca4c05407e7fb1cd7c33,143370,.jpg,clean,none,clean
img_00013581,fold_5,weapon,04_telegram_youtube,telegram_youtube,,,images/img_00013581.jpg,datasets/splits/clean/fold_5/weapon/img_00013581.jpg,2af856f48860f568d302109f84d29e2181975abbe554334f4ef17be2c59cd1c5,ba6ccd141a0dc21ef65b6b6ab67c9d59,412690,.jpg,clean,none,clean
img_00013584,fold_5,weapon,04_telegram_youtube,telegram_youtube,,,images/img_00013584.jpg,datasets/splits/clean/fold_5/weapon/img_00013584.jpg,16fa3dd2f7454309ebc11e34367c9ec769de5aefd98bbd89fef341891223360e,cd861949f96595be22f2ba512b78f976,335237,.jpg,clean,none,clean
img_00013590,fold_5,weapon,04_telegram_youtube,telegram_youtube,,,images/img_00013590.jpg,datasets/splits/clean/fold_5/weapon/img_00013590.jpg,affbe657a011b1c4d92554a9c0f15b58645bec94d2b2b70a3546c8be9d568da3,209632861eecc694482d0b9792f014e4,160905,.jpg,clean,none,clean
img_00013591,fold_5,weapon,04_telegram_youtube,telegram_youtube,,,images/img_00013591.jpg,datasets/splits/clean/fold_5/weapon/img_00013591.jpg,77b7418b1c365803b8a722e77f16a247c27199c7478734bec75a182f4d31f907,0946f44441282507dcf71fd0b28c01bb,175794,.jpg,clean,none,clean
img_00013596,fold_5,weapon,04_telegram_youtube,telegram_youtube,,,images/img_00013596.jpg,datasets/splits/clean/fold_5/weapon/img_00013596.jpg,49797de8b7b037f83c8f6092e266b55cc4cc673448ad85b006361d20ab70b939,d2257aa4fd9725695c1497886e72f174,102732,.jpg,clean,none,clean
img_00013603,fold_5,weapon,04_telegram_youtube,telegram_youtube,,,images/img_00013603.jpg,datasets/splits/clean/fold_5/weapon/img_00013603.jpg,02f5d00cfff218768dbe116c25d12bac71d8f57a88896b99657d2cabf3d9c3cd,05491988fd2b5a4776235494c8d1e35b,57466,.jpg,clean,none,clean
img_00013624,fold_5,weapon,04_telegram_youtube,telegram_youtube,,,images/img_00013624.jpg,datasets/splits/clean/fold_5/weapon/img_00013624.jpg,138c340e8fcc1fc993ecc183e9c0e0569276dedaa59d96b1aa5d9b76afbdbd3b,f431a16a940edebbd110f8b610a8ed61,283278,.jpg,clean,none,clean
img_00013628,fold_5,weapon,04_telegram_youtube,telegram_youtube,,,images/img_00013628.jpg,datasets/splits/clean/fold_5/weapon/img_00013628.jpg,4b28dc69d320987cfad36521b21142f90d2f88bb9d0f507f5d3203345acc02b2,bacd340ad76f216f77b0e854d4d82c9c,83918,.jpg,clean,none,clean
img_00013639,fold_5,weapon,04_telegram_youtube,telegram_youtube,,,images/img_00013639.jpg,datasets/splits/clean/fold_5/weapon/img_00013639.jpg,3bf5e21bfe2880669b605af3e7296fc6721bfa62b80dcb1f071ab11c98b7813d,b11d66408dbea148b1ad4b802792e58f,93693,.jpg,clean,none,clean
img_00013643,fold_5,weapon,04_telegram_youtube,telegram_youtube,,,images/img_00013643.jpg,datasets/splits/clean/fold_5/weapon/img_00013643.jpg,08a3c0f55ede56426e242bdbe75a14a836f903521fb8f7d39c3dfeedb4b4e71c,e5f02f005366bb68e7c14a589408e5c9,524093,.jpg,clean,none,clean
img_00013644,fold_5,weapon,04_telegram_youtube,telegram_youtube,,,images/img_00013644.jpg,datasets/splits/clean/fold_5/weapon/img_00013644.jpg,7dc86a8df0a01e3c6f8a9c3c8c5ea29e34eecfec9fa7a5a47dc6a325b6b1fadf,765b7e2e8d3bbad8ced129f375f8c1d2,278363,.jpg,clean,none,clean
img_00013655,fold_5,weapon,04_telegram_youtube,telegram_youtube,,,images/img_00013655.jpg,datasets/splits/clean/fold_5/weapon/img_00013655.jpg,fa6618b6ccbe90fe6eda6dc96abcd88b4b3c04dd6529a5aedee0ede468f71703,9168ff528f193a651f24556bc8359c6e,75741,.jpg,clean,none,clean
img_00014377,fold_5,weapon,05_deepweb,deepweb,,,images/img_00014377.jpeg,datasets/splits/clean/fold_5/weapon/img_00014377.jpeg,ae99a52049fe48ba54be67ef601b0bab8ea6ef2ecac348b48aabdb889ffd9309,28096e8e17a88e04b5f4bd1e1c57761e,97768,.jpeg,clean,none,clean
img_00014380,fold_5,weapon,05_deepweb,deepweb,,,images/img_00014380.jpeg,datasets/splits/clean/fold_5/weapon/img_00014380.jpeg,91f73e6d1d01cf5d5e982ef480a3c61dbc87bda7a6e8ae150ebd53fbe400c155,2cfaddd8ae3f1ff97ac15674f4e0f012,16793,.jpeg,clean,none,clean
img_00014388,fold_5,weapon,05_deepweb,deepweb,,,images/img_00014388.jpeg,datasets/splits/clean/fold_5/weapon/img_00014388.jpeg,021306b98074a82061352bb6d6d950cb7aa19406ea931237070ff46ea66b4b04,3b90f3e7ded0f8c476f3d0f59a96f4be,76585,.jpeg,clean,none,clean
img_00014390,fold_5,weapon,05_deepweb,deepweb,,,images/img_00014390.jpeg,datasets/splits/clean/fold_5/weapon/img_00014390.jpeg,fc5ae2ef3b147a70c4aa7be3931f22bf61ba8338e64d65f788c75160248f9fa6,40ee04dfc811be458e8e99ad59110a85,170253,.jpeg,clean,none,clean
img_00014394,fold_5,weapon,05_deepweb,deepweb,,,images/img_00014394.webp,datasets/splits/clean/fold_5/weapon/img_00014394.webp,3f5aea086d4b9eba61097ed5ce77a842ae64e709f4827e9e02f53679440f2fc4,4c72dc58c7ca4011e2bda5378cc3dc6f,31114,.webp,clean,none,clean
img_00014400,fold_5,weapon,05_deepweb,deepweb,,,images/img_00014400.jpeg,datasets/splits/clean/fold_5/weapon/img_00014400.jpeg,2766c4cd66d58e86ae6b040a0aed2a10238d5c5db41ed6bda2a1d91c278434a5,5c0c4a8906953a9d99c2d1022b832f24,43049,.jpeg,clean,none,clean
img_00014401,fold_5,weapon,05_deepweb,deepweb,,,images/img_00014401.webp,datasets/splits/clean/fold_5/weapon/img_00014401.webp,683ef8dedb277a5da6d54cbc207020014d58056da3e06b1ba5a9baac456799ee,5e1a8b15b8278e594757383feb0a14ad,95752,.webp,clean,none,clean
img_00014405,fold_5,weapon,05_deepweb,deepweb,,,images/img_00014405.webp,datasets/splits/clean/fold_5/weapon/img_00014405.webp,76403ea8d012593021bbc3bf2a5598d9cabd098d107890d5a7786036387ce5ea,683c88cc79edc17bfab550568b8e3fcc,70472,.webp,clean,none,clean
img_00014406,fold_5,weapon,05_deepweb,deepweb,,,images/img_00014406.jpeg,datasets/splits/clean/fold_5/weapon/img_00014406.jpeg,eadd3321c5641806c1a816edc42e0870d1ef9fb72dca67d22ea90b8269bc93b4,695c4e41ace401c980fe80d1e3ba3130,73066,.jpeg,clean,none,clean
img_00014411,fold_5,weapon,05_deepweb,deepweb,,,images/img_00014411.jpeg,datasets/splits/clean/fold_5/weapon/img_00014411.jpeg,fe76e1abfe07eb9a2bdb99f46f1a668453899dc3414450a4162aeb64bc2a2be8,87ae2cdb4a2818bd601286cd6c9b1c8c,17132,.jpeg,clean,none,clean
img_00014415,fold_5,weapon,05_deepweb,deepweb,,,images/img_00014415.jpeg,datasets/splits/clean/fold_5/weapon/img_00014415.jpeg,338e114a4b0f702916bf205ea07d46fa7b728b81513990c6afc24773b0010c58,923a345670652d01178694d63ad13c9a,22418,.jpeg,clean,none,clean
img_00014418,fold_5,weapon,05_deepweb,deepweb,,,images/img_00014418.jpeg,datasets/splits/clean/fold_5/weapon/img_00014418.jpeg,c277a634c5b88cf8c6283fe2ca97e4f7eebcf02c56cf4b2f5c0c831533bc905f,9ee124e11fed1d0591b83ab5b1bd717b,896736,.jpeg,clean,none,clean
img_00014424,fold_5,weapon,05_deepweb,deepweb,,,images/img_00014424.jpeg,datasets/splits/clean/fold_5/weapon/img_00014424.jpeg,4d520395df750a3c27073fe991c1d79da5fea13da54b78559fae501d927f67db,b11e52396da3862c3e94190283fbc7f5,36072,.jpeg,clean,none,clean
img_00014439,fold_5,weapon,05_deepweb,deepweb,,,images/img_00014439.jpeg,datasets/splits/clean/fold_5/weapon/img_00014439.jpeg,cb5e1668fe0aa7ebb4fa053e75a83e270c635e5fefe27e9fa5d9e4a3709fa74b,e49ce426d07f1fd401a05dc6044c538b,178824,.jpeg,clean,none,clean
img_00014444,fold_5,weapon,05_deepweb,deepweb,,,images/img_00014444.jpeg,datasets/splits/clean/fold_5/weapon/img_00014444.jpeg,40694461bb7aa134a4e9759356f9534574cff9b86b5fdcd71a442a91f3b44844,e944d4f70f8570f9534662666fd774b6,1417356,.jpeg,clean,none,clean
img_00014460,fold_5,weapon,05_deepweb,deepweb,,,images/img_00014460.webp,datasets/splits/clean/fold_5/weapon/img_00014460.webp,a0cdacd4884d549bb9aeed9c56c0a40954ac8f6db4a80fedc1b2346a0c042f09,088f3ad125de67a12969cc6f5bfc5e24,9528,.webp,clean,none,clean
img_00014492,fold_5,weapon,05_deepweb,deepweb,,,images/img_00014492.jpeg,datasets/splits/clean/fold_5/weapon/img_00014492.jpeg,919431273db21fef106e72c03faf2ec68e0ed53a57ac502a7881177760c5810c,1a7ccbb19b3aaf72c4e6503de6d69b03,44766,.jpeg,clean,none,clean
img_00014502,fold_5,weapon,05_deepweb,deepweb,,,images/img_00014502.jpeg,datasets/splits/clean/fold_5/weapon/img_00014502.jpeg,77057552a78ae19f72265489077e1467bede6a0a133d47021b66b56aa3528707,1f173e68d9aefff74ae1039f3ad85262,17302,.jpeg,clean,none,clean
img_00014516,fold_5,weapon,05_deepweb,deepweb,,,images/img_00014516.jpeg,datasets/splits/clean/fold_5/weapon/img_00014516.jpeg,200278bbb3fc0e2d3f8c9632ad6455575e59cd5c02b269dd3fee59e84e259a0f,27adf9190b2da3175c64e2fc8b7f7841,60443,.jpeg,clean,none,clean
img_00014522,fold_5,weapon,05_deepweb,deepweb,,,images/img_00014522.jpeg,datasets/splits/clean/fold_5/weapon/img_00014522.jpeg,a0e67293a008ba67a1af95bad2ba4dd9b328f3865bd385a37861c2446036a906,2a64da46f899a3c2f780b2c6a8fd7ea0,35888,.jpeg,clean,none,clean
