run_tag,created_at,candidate_id,manual_selected,selection_rank,reviewer_id,review_timestamp,selection_action,selection_notes,group_field,group_name,requested_cases_for_group,requested_cases_for_attack,case_bucket,xai_selection_reason,xai_priority_label,evaluated_model,evaluation_fold,sample_type,attack_family,attack_name,final_label,prediction,confidence,correct,clean_correct,original_image_id,generated_image_id,sample_id,image_relative_path,clean_relative_path,perturbed_relative_path,sha256_original,sha256_perturbed,md5_original,md5_perturbed
efficientnet_b0_chapter5_core_candidates_per_bucket_500_manual_per_bucket_3_target_predicted_label_chapter5_separate_assets_final,2026-05-23T08:10:49+00:00,efficientnet_b0__fold_5__clean_correct_weapon__clean__img_00000157,False,,,,,,case_bucket,clean_correct_weapon,3,,clean_correct_weapon,Clean weapon image correctly classified as weapon.,,efficientnet_b0,fold_5,clean,none,clean,weapon,weapon,1.0,True,True,img_00000157,img_00000157,img_00000157,datasets/splits/clean/fold_5/weapon/img_00000157.jpeg,,,,,,
efficientnet_b0_chapter5_core_candidates_per_bucket_500_manual_per_bucket_3_target_predicted_label_chapter5_separate_assets_final,2026-05-23T08:10:49+00:00,efficientnet_b0__fold_5__clean_correct_weapon__clean__img_00000837,False,,,,,,case_bucket,clean_correct_weapon,3,,clean_correct_weapon,Clean weapon image correctly classified as weapon.,,efficientnet_b0,fold_5,clean,none,clean,weapon,weapon,1.0,True,True,img_00000837,img_00000837,img_00000837,datasets/splits/clean/fold_5/weapon/img_00000837.jpg,,,,,,
efficientnet_b0_chapter5_core_candidates_per_bucket_500_manual_per_bucket_3_target_predicted_label_chapter5_separate_assets_final,2026-05-23T08:10:49+00:00,efficientnet_b0__fold_5__clean_correct_weapon__clean__img_00012716,True,1.0,Lello,2026-05-23T08:11:06+00:00,select,,case_bucket,clean_correct_weapon,3,,clean_correct_weapon,Clean weapon image correctly classified as weapon.,,efficientnet_b0,fold_5,clean,none,clean,weapon,weapon,1.0,True,True,img_00012716,img_00012716,img_00012716,datasets/splits/clean/fold_5/weapon/img_00012716.jpg,,,,,,
efficientnet_b0_chapter5_core_candidates_per_bucket_500_manual_per_bucket_3_target_predicted_label_chapter5_separate_assets_final,2026-05-23T08:10:49+00:00,efficientnet_b0__fold_5__clean_correct_weapon__clean__img_00014492,False,,,,,,case_bucket,clean_correct_weapon,3,,clean_correct_weapon,Clean weapon image correctly classified as weapon.,,efficientnet_b0,fold_5,clean,none,clean,weapon,weapon,1.0,True,True,img_00014492,img_00014492,img_00014492,datasets/splits/clean/fold_5/weapon/img_00014492.jpeg,,,,,,
efficientnet_b0_chapter5_core_candidates_per_bucket_500_manual_per_bucket_3_target_predicted_label_chapter5_separate_assets_final,2026-05-23T08:10:49+00:00,efficientnet_b0__fold_5__clean_correct_weapon__clean__img_00000841,False,,,,,,case_bucket,clean_correct_weapon,3,,clean_correct_weapon,Clean weapon image correctly classified as weapon.,,efficientnet_b0,fold_5,clean,none,clean,weapon,weapon,0.9999998807907104,True,True,img_00000841,img_00000841,img_00000841,datasets/splits/clean/fold_5/weapon/img_00000841.jpg,,,,,,
efficientnet_b0_chapter5_core_candidates_per_bucket_500_manual_per_bucket_3_target_predicted_label_chapter5_separate_assets_final,2026-05-23T08:10:49+00:00,efficientnet_b0__fold_5__clean_correct_weapon__clean__img_00013522,False,,,,,,case_bucket,clean_correct_weapon,3,,clean_correct_weapon,Clean weapon image correctly classified as weapon.,,efficientnet_b0,fold_5,clean,none,clean,weapon,weapon,0.9999998807907104,True,True,img_00013522,img_00013522,img_00013522,datasets/splits/clean/fold_5/weapon/img_00013522.jpg,,,,,,
efficientnet_b0_chapter5_core_candidates_per_bucket_500_manual_per_bucket_3_target_predicted_label_chapter5_separate_assets_final,2026-05-23T08:10:49+00:00,efficientnet_b0__fold_5__clean_correct_weapon__clean__img_00014415,False,,,,,,case_bucket,clean_correct_weapon,3,,clean_correct_weapon,Clean weapon image correctly classified as weapon.,,efficientnet_b0,fold_5,clean,none,clean,weapon,weapon,0.9999998807907104,True,True,img_00014415,img_00014415,img_00014415,datasets/splits/clean/fold_5/weapon/img_00014415.jpeg,,,,,,
efficientnet_b0_chapter5_core_candidates_per_bucket_500_manual_per_bucket_3_target_predicted_label_chapter5_separate_assets_final,2026-05-23T08:10:49+00:00,efficientnet_b0__fold_1__clean_correct_weapon__clean__img_00013620,False,,,,,,case_bucket,clean_correct_weapon,3,,clean_correct_weapon,Clean weapon image correctly classified as weapon.,,efficientnet_b0,fold_1,clean,none,clean,weapon,weapon,0.9999997615814208,True,True,img_00013620,img_00013620,img_00013620,datasets/splits/clean/fold_1/weapon/img_00013620.jpg,,,,,,
efficientnet_b0_chapter5_core_candidates_per_bucket_500_manual_per_bucket_3_target_predicted_label_chapter5_separate_assets_final,2026-05-23T08:10:49+00:00,efficientnet_b0__fold_5__clean_correct_weapon__clean__img_00013581,False,,,,,,case_bucket,clean_correct_weapon,3,,clean_correct_weapon,Clean weapon image correctly classified as weapon.,,efficientnet_b0,fold_5,clean,none,clean,weapon,weapon,0.9999997615814208,True,True,img_00013581,img_00013581,img_00013581,datasets/splits/clean/fold_5/weapon/img_00013581.jpg,,,,,,
efficientnet_b0_chapter5_core_candidates_per_bucket_500_manual_per_bucket_3_target_predicted_label_chapter5_separate_assets_final,2026-05-23T08:10:49+00:00,efficientnet_b0__fold_1__clean_correct_weapon__clean__img_00001144,False,,,,,,case_bucket,clean_correct_weapon,3,,clean_correct_weapon,Clean weapon image correctly classified as weapon.,,efficientnet_b0,fold_1,clean,none,clean,weapon,weapon,0.9999996423721312,True,True,img_00001144,img_00001144,img_00001144,datasets/splits/clean/fold_1/weapon/img_00001144.jpg,,,,,,
efficientnet_b0_chapter5_core_candidates_per_bucket_500_manual_per_bucket_3_target_predicted_label_chapter5_separate_assets_final,2026-05-23T08:10:49+00:00,efficientnet_b0__fold_1__clean_correct_weapon__clean__img_00014372,False,,,,,,case_bucket,clean_correct_weapon,3,,clean_correct_weapon,Clean weapon image correctly classified as weapon.,,efficientnet_b0,fold_1,clean,none,clean,weapon,weapon,0.9999996423721312,True,True,img_00014372,img_00014372,img_00014372,datasets/splits/clean/fold_1/weapon/img_00014372.webp,,,,,,
efficientnet_b0_chapter5_core_candidates_per_bucket_500_manual_per_bucket_3_target_predicted_label_chapter5_separate_assets_final,2026-05-23T08:10:49+00:00,efficientnet_b0__fold_1__clean_correct_weapon__clean__img_00014382,False,,,,,,case_bucket,clean_correct_weapon,3,,clean_correct_weapon,Clean weapon image correctly classified as weapon.,,efficientnet_b0,fold_1,clean,none,clean,weapon,weapon,0.9999996423721312,True,True,img_00014382,img_00014382,img_00014382,datasets/splits/clean/fold_1/weapon/img_00014382.jpeg,,,,,,
efficientnet_b0_chapter5_core_candidates_per_bucket_500_manual_per_bucket_3_target_predicted_label_chapter5_separate_assets_final,2026-05-23T08:10:49+00:00,efficientnet_b0__fold_5__clean_correct_weapon__clean__img_00014424,False,,,,,,case_bucket,clean_correct_weapon,3,,clean_correct_weapon,Clean weapon image correctly classified as weapon.,,efficientnet_b0,fold_5,clean,none,clean,weapon,weapon,0.9999996423721312,True,True,img_00014424,img_00014424,img_00014424,datasets/splits/clean/fold_5/weapon/img_00014424.jpeg,,,,,,
efficientnet_b0_chapter5_core_candidates_per_bucket_500_manual_per_bucket_3_target_predicted_label_chapter5_separate_assets_final,2026-05-23T08:10:49+00:00,efficientnet_b0__fold_1__clean_correct_weapon__clean__img_00000731,False,,,,,,case_bucket,clean_correct_weapon,3,,clean_correct_weapon,Clean weapon image correctly classified as weapon.,,efficientnet_b0,fold_1,clean,none,clean,weapon,weapon,0.9999995231628418,True,True,img_00000731,img_00000731,img_00000731,datasets/splits/clean/fold_1/weapon/img_00000731.jpg,,,,,,
efficientnet_b0_chapter5_core_candidates_per_bucket_500_manual_per_bucket_3_target_predicted_label_chapter5_separate_assets_final,2026-05-23T08:10:49+00:00,efficientnet_b0__fold_1__clean_correct_weapon__clean__img_00010551,False,,,,,,case_bucket,clean_correct_weapon,3,,clean_correct_weapon,Clean weapon image correctly classified as weapon.,,efficientnet_b0,fold_1,clean,none,clean,weapon,weapon,0.9999995231628418,True,True,img_00010551,img_00010551,img_00010551,datasets/splits/clean/fold_1/weapon/img_00010551.jpg,,,,,,
efficientnet_b0_chapter5_core_candidates_per_bucket_500_manual_per_bucket_3_target_predicted_label_chapter5_separate_assets_final,2026-05-23T08:10:49+00:00,efficientnet_b0__fold_5__clean_correct_weapon__clean__img_00000243,False,,,,,,case_bucket,clean_correct_weapon,3,,clean_correct_weapon,Clean weapon image correctly classified as weapon.,,efficientnet_b0,fold_5,clean,none,clean,weapon,weapon,0.9999995231628418,True,True,img_00000243,img_00000243,img_00000243,datasets/splits/clean/fold_5/weapon/img_00000243.jpeg,,,,,,
efficientnet_b0_chapter5_core_candidates_per_bucket_500_manual_per_bucket_3_target_predicted_label_chapter5_separate_assets_final,2026-05-23T08:10:49+00:00,efficientnet_b0__fold_4__clean_correct_weapon__clean__img_00000728,False,,,,,,case_bucket,clean_correct_weapon,3,,clean_correct_weapon,Clean weapon image correctly classified as weapon.,,efficientnet_b0,fold_4,clean,none,clean,weapon,weapon,0.9999994039535522,True,True,img_00000728,img_00000728,img_00000728,datasets/splits/clean/fold_4/weapon/img_00000728.jpg,,,,,,
efficientnet_b0_chapter5_core_candidates_per_bucket_500_manual_per_bucket_3_target_predicted_label_chapter5_separate_assets_final,2026-05-23T08:10:49+00:00,efficientnet_b0__fold_5__clean_correct_weapon__clean__img_00000145,False,,,,,,case_bucket,clean_correct_weapon,3,,clean_correct_weapon,Clean weapon image correctly classified as weapon.,,efficientnet_b0,fold_5,clean,none,clean,weapon,weapon,0.9999994039535522,True,True,img_00000145,img_00000145,img_00000145,datasets/splits/clean/fold_5/weapon/img_00000145.jpeg,,,,,,
efficientnet_b0_chapter5_core_candidates_per_bucket_500_manual_per_bucket_3_target_predicted_label_chapter5_separate_assets_final,2026-05-23T08:10:49+00:00,efficientnet_b0__fold_5__clean_correct_weapon__clean__img_00003524,True,2.0,Lello,2026-05-23T08:11:12+00:00,select,,case_bucket,clean_correct_weapon,3,,clean_correct_weapon,Clean weapon image correctly classified as weapon.,,efficientnet_b0,fold_5,clean,none,clean,weapon,weapon,0.9999994039535522,True,True,img_00003524,img_00003524,img_00003524,datasets/splits/clean/fold_5/weapon/img_00003524.jpg,,,,,,
efficientnet_b0_chapter5_core_candidates_per_bucket_500_manual_per_bucket_3_target_predicted_label_chapter5_separate_assets_final,2026-05-23T08:10:49+00:00,efficientnet_b0__fold_5__clean_correct_weapon__clean__img_00000568,False,,,,,,case_bucket,clean_correct_weapon,3,,clean_correct_weapon,Clean weapon image correctly classified as weapon.,,efficientnet_b0,fold_5,clean,none,clean,weapon,weapon,0.9999992847442628,True,True,img_00000568,img_00000568,img_00000568,datasets/splits/clean/fold_5/weapon/img_00000568.jpg,,,,,,
efficientnet_b0_chapter5_core_candidates_per_bucket_500_manual_per_bucket_3_target_predicted_label_chapter5_separate_assets_final,2026-05-23T08:10:49+00:00,efficientnet_b0__fold_5__clean_correct_weapon__clean__img_00010544,False,,,,,,case_bucket,clean_correct_weapon,3,,clean_correct_weapon,Clean weapon image correctly classified as weapon.,,efficientnet_b0,fold_5,clean,none,clean,weapon,weapon,0.9999992847442628,True,True,img_00010544,img_00010544,img_00010544,datasets/splits/clean/fold_5/weapon/img_00010544.jpg,,,,,,
efficientnet_b0_chapter5_core_candidates_per_bucket_500_manual_per_bucket_3_target_predicted_label_chapter5_separate_assets_final,2026-05-23T08:10:49+00:00,efficientnet_b0__fold_5__clean_correct_weapon__clean__img_00014439,False,,,,,,case_bucket,clean_correct_weapon,3,,clean_correct_weapon,Clean weapon image correctly classified as weapon.,,efficientnet_b0,fold_5,clean,none,clean,weapon,weapon,0.9999992847442628,True,True,img_00014439,img_00014439,img_00014439,datasets/splits/clean/fold_5/weapon/img_00014439.jpeg,,,,,,
efficientnet_b0_chapter5_core_candidates_per_bucket_500_manual_per_bucket_3_target_predicted_label_chapter5_separate_assets_final,2026-05-23T08:10:49+00:00,efficientnet_b0__fold_5__clean_correct_weapon__clean__img_00000137,False,,,,,,case_bucket,clean_correct_weapon,3,,clean_correct_weapon,Clean weapon image correctly classified as weapon.,,efficientnet_b0,fold_5,clean,none,clean,weapon,weapon,0.9999991655349731,True,True,img_00000137,img_00000137,img_00000137,datasets/splits/clean/fold_5/weapon/img_00000137.jpeg,,,,,,
efficientnet_b0_chapter5_core_candidates_per_bucket_500_manual_per_bucket_3_target_predicted_label_chapter5_separate_assets_final,2026-05-23T08:10:49+00:00,efficientnet_b0__fold_5__clean_correct_weapon__clean__img_00014411,False,,,,,,case_bucket,clean_correct_weapon,3,,clean_correct_weapon,Clean weapon image correctly classified as weapon.,,efficientnet_b0,fold_5,clean,none,clean,weapon,weapon,0.9999991655349731,True,True,img_00014411,img_00014411,img_00014411,datasets/splits/clean/fold_5/weapon/img_00014411.jpeg,,,,,,
efficientnet_b0_chapter5_core_candidates_per_bucket_500_manual_per_bucket_3_target_predicted_label_chapter5_separate_assets_final,2026-05-23T08:10:49+00:00,efficientnet_b0__fold_1__clean_correct_weapon__clean__img_00013585,False,,,,,,case_bucket,clean_correct_weapon,3,,clean_correct_weapon,Clean weapon image correctly classified as weapon.,,efficientnet_b0,fold_1,clean,none,clean,weapon,weapon,0.9999990463256836,True,True,img_00013585,img_00013585,img_00013585,datasets/splits/clean/fold_1/weapon/img_00013585.jpg,,,,,,
efficientnet_b0_chapter5_core_candidates_per_bucket_500_manual_per_bucket_3_target_predicted_label_chapter5_separate_assets_final,2026-05-23T08:10:49+00:00,efficientnet_b0__fold_1__clean_correct_weapon__clean__img_00014448,False,,,,,,case_bucket,clean_correct_weapon,3,,clean_correct_weapon,Clean weapon image correctly classified as weapon.,,efficientnet_b0,fold_1,clean,none,clean,weapon,weapon,0.9999990463256836,True,True,img_00014448,img_00014448,img_00014448,datasets/splits/clean/fold_1/weapon/img_00014448.jpeg,,,,,,
efficientnet_b0_chapter5_core_candidates_per_bucket_500_manual_per_bucket_3_target_predicted_label_chapter5_separate_assets_final,2026-05-23T08:10:49+00:00,efficientnet_b0__fold_5__clean_correct_weapon__clean__img_00013014,False,,,,,,case_bucket,clean_correct_weapon,3,,clean_correct_weapon,Clean weapon image correctly classified as weapon.,,efficientnet_b0,fold_5,clean,none,clean,weapon,weapon,0.9999990463256836,True,True,img_00013014,img_00013014,img_00013014,datasets/splits/clean/fold_5/weapon/img_00013014.jpg,,,,,,
efficientnet_b0_chapter5_core_candidates_per_bucket_500_manual_per_bucket_3_target_predicted_label_chapter5_separate_assets_final,2026-05-23T08:10:49+00:00,efficientnet_b0__fold_2__clean_correct_weapon__clean__img_00014392,False,,,,,,case_bucket,clean_correct_weapon,3,,clean_correct_weapon,Clean weapon image correctly classified as weapon.,,efficientnet_b0,fold_2,clean,none,clean,weapon,weapon,0.9999984502792358,True,True,img_00014392,img_00014392,img_00014392,datasets/splits/clean/fold_2/weapon/img_00014392.jpeg,,,,,,
efficientnet_b0_chapter5_core_candidates_per_bucket_500_manual_per_bucket_3_target_predicted_label_chapter5_separate_assets_final,2026-05-23T08:10:49+00:00,efficientnet_b0__fold_3__clean_correct_weapon__clean__img_00014385,False,,,,,,case_bucket,clean_correct_weapon,3,,clean_correct_weapon,Clean weapon image correctly classified as weapon.,,efficientnet_b0,fold_3,clean,none,clean,weapon,weapon,0.9999983310699464,True,True,img_00014385,img_00014385,img_00014385,datasets/splits/clean/fold_3/weapon/img_00014385.png,,,,,,
efficientnet_b0_chapter5_core_candidates_per_bucket_500_manual_per_bucket_3_target_predicted_label_chapter5_separate_assets_final,2026-05-23T08:10:49+00:00,efficientnet_b0__fold_1__clean_correct_weapon__clean__img_00013577,False,,,,,,case_bucket,clean_correct_weapon,3,,clean_correct_weapon,Clean weapon image correctly classified as weapon.,,efficientnet_b0,fold_1,clean,none,clean,weapon,weapon,0.9999979734420776,True,True,img_00013577,img_00013577,img_00013577,datasets/splits/clean/fold_1/weapon/img_00013577.jpg,,,,,,
efficientnet_b0_chapter5_core_candidates_per_bucket_500_manual_per_bucket_3_target_predicted_label_chapter5_separate_assets_final,2026-05-23T08:10:49+00:00,efficientnet_b0__fold_5__clean_correct_weapon__clean__img_00000566,False,,,,,,case_bucket,clean_correct_weapon,3,,clean_correct_weapon,Clean weapon image correctly classified as weapon.,,efficientnet_b0,fold_5,clean,none,clean,weapon,weapon,0.9999979734420776,True,True,img_00000566,img_00000566,img_00000566,datasets/splits/clean/fold_5/weapon/img_00000566.jpg,,,,,,
efficientnet_b0_chapter5_core_candidates_per_bucket_500_manual_per_bucket_3_target_predicted_label_chapter5_separate_assets_final,2026-05-23T08:10:49+00:00,efficientnet_b0__fold_4__clean_correct_weapon__clean__img_00012683,False,,,,,,case_bucket,clean_correct_weapon,3,,clean_correct_weapon,Clean weapon image correctly classified as weapon.,,efficientnet_b0,fold_4,clean,none,clean,weapon,weapon,0.9999977350234984,True,True,img_00012683,img_00012683,img_00012683,datasets/splits/clean/fold_4/weapon/img_00012683.jpg,,,,,,
efficientnet_b0_chapter5_core_candidates_per_bucket_500_manual_per_bucket_3_target_predicted_label_chapter5_separate_assets_final,2026-05-23T08:10:49+00:00,efficientnet_b0__fold_5__clean_correct_weapon__clean__img_00014406,False,,,,,,case_bucket,clean_correct_weapon,3,,clean_correct_weapon,Clean weapon image correctly classified as weapon.,,efficientnet_b0,fold_5,clean,none,clean,weapon,weapon,0.9999977350234984,True,True,img_00014406,img_00014406,img_00014406,datasets/splits/clean/fold_5/weapon/img_00014406.jpeg,,,,,,
efficientnet_b0_chapter5_core_candidates_per_bucket_500_manual_per_bucket_3_target_predicted_label_chapter5_separate_assets_final,2026-05-23T08:10:49+00:00,efficientnet_b0__fold_2__clean_correct_weapon__clean__img_00013578,False,,,,,,case_bucket,clean_correct_weapon,3,,clean_correct_weapon,Clean weapon image correctly classified as weapon.,,efficientnet_b0,fold_2,clean,none,clean,weapon,weapon,0.999997615814209,True,True,img_00013578,img_00013578,img_00013578,datasets/splits/clean/fold_2/weapon/img_00013578.jpg,,,,,,
efficientnet_b0_chapter5_core_candidates_per_bucket_500_manual_per_bucket_3_target_predicted_label_chapter5_separate_assets_final,2026-05-23T08:10:49+00:00,efficientnet_b0__fold_5__clean_correct_weapon__clean__img_00014516,False,,,,,,case_bucket,clean_correct_weapon,3,,clean_correct_weapon,Clean weapon image correctly classified as weapon.,,efficientnet_b0,fold_5,clean,none,clean,weapon,weapon,0.9999974966049194,True,True,img_00014516,img_00014516,img_00014516,datasets/splits/clean/fold_5/weapon/img_00014516.jpeg,,,,,,
efficientnet_b0_chapter5_core_candidates_per_bucket_500_manual_per_bucket_3_target_predicted_label_chapter5_separate_assets_final,2026-05-23T08:10:49+00:00,efficientnet_b0__fold_1__clean_correct_weapon__clean__img_00013566,False,,,,,,case_bucket,clean_correct_weapon,3,,clean_correct_weapon,Clean weapon image correctly classified as weapon.,,efficientnet_b0,fold_1,clean,none,clean,weapon,weapon,0.99999737739563,True,True,img_00013566,img_00013566,img_00013566,datasets/splits/clean/fold_1/weapon/img_00013566.jpg,,,,,,
efficientnet_b0_chapter5_core_candidates_per_bucket_500_manual_per_bucket_3_target_predicted_label_chapter5_separate_assets_final,2026-05-23T08:10:49+00:00,efficientnet_b0__fold_1__clean_correct_weapon__clean__img_00012974,False,,,,,,case_bucket,clean_correct_weapon,3,,clean_correct_weapon,Clean weapon image correctly classified as weapon.,,efficientnet_b0,fold_1,clean,none,clean,weapon,weapon,0.9999972581863404,True,True,img_00012974,img_00012974,img_00012974,datasets/splits/clean/fold_1/weapon/img_00012974.png,,,,,,
efficientnet_b0_chapter5_core_candidates_per_bucket_500_manual_per_bucket_3_target_predicted_label_chapter5_separate_assets_final,2026-05-23T08:10:49+00:00,efficientnet_b0__fold_1__clean_correct_weapon__clean__img_00000353,False,,,,,,case_bucket,clean_correct_weapon,3,,clean_correct_weapon,Clean weapon image correctly classified as weapon.,,efficientnet_b0,fold_1,clean,none,clean,weapon,weapon,0.9999971389770508,True,True,img_00000353,img_00000353,img_00000353,datasets/splits/clean/fold_1/weapon/img_00000353.png,,,,,,
efficientnet_b0_chapter5_core_candidates_per_bucket_500_manual_per_bucket_3_target_predicted_label_chapter5_separate_assets_final,2026-05-23T08:10:49+00:00,efficientnet_b0__fold_5__clean_correct_weapon__clean__img_00013570,False,,,,,,case_bucket,clean_correct_weapon,3,,clean_correct_weapon,Clean weapon image correctly classified as weapon.,,efficientnet_b0,fold_5,clean,none,clean,weapon,weapon,0.9999971389770508,True,True,img_00013570,img_00013570,img_00013570,datasets/splits/clean/fold_5/weapon/img_00013570.jpg,,,,,,
efficientnet_b0_chapter5_core_candidates_per_bucket_500_manual_per_bucket_3_target_predicted_label_chapter5_separate_assets_final,2026-05-23T08:10:49+00:00,efficientnet_b0__fold_5__clean_correct_weapon__clean__img_00014377,False,,,,,,case_bucket,clean_correct_weapon,3,,clean_correct_weapon,Clean weapon image correctly classified as weapon.,,efficientnet_b0,fold_5,clean,none,clean,weapon,weapon,0.999996781349182,True,True,img_00014377,img_00014377,img_00014377,datasets/splits/clean/fold_5/weapon/img_00014377.jpeg,,,,,,
efficientnet_b0_chapter5_core_candidates_per_bucket_500_manual_per_bucket_3_target_predicted_label_chapter5_separate_assets_final,2026-05-23T08:10:49+00:00,efficientnet_b0__fold_5__clean_correct_weapon__clean__img_00013639,False,,,,,,case_bucket,clean_correct_weapon,3,,clean_correct_weapon,Clean weapon image correctly classified as weapon.,,efficientnet_b0,fold_5,clean,none,clean,weapon,weapon,0.999996542930603,True,True,img_00013639,img_00013639,img_00013639,datasets/splits/clean/fold_5/weapon/img_00013639.jpg,,,,,,
efficientnet_b0_chapter5_core_candidates_per_bucket_500_manual_per_bucket_3_target_predicted_label_chapter5_separate_assets_final,2026-05-23T08:10:49+00:00,efficientnet_b0__fold_5__clean_correct_weapon__clean__img_00000814,False,,,,,,case_bucket,clean_correct_weapon,3,,clean_correct_weapon,Clean weapon image correctly classified as weapon.,,efficientnet_b0,fold_5,clean,none,clean,weapon,weapon,0.9999964237213136,True,True,img_00000814,img_00000814,img_00000814,datasets/splits/clean/fold_5/weapon/img_00000814.jpg,,,,,,
efficientnet_b0_chapter5_core_candidates_per_bucket_500_manual_per_bucket_3_target_predicted_label_chapter5_separate_assets_final,2026-05-23T08:10:49+00:00,efficientnet_b0__fold_5__clean_correct_weapon__clean__img_00000156,True,3.0,Lello,2026-05-23T08:11:27+00:00,select,,case_bucket,clean_correct_weapon,3,,clean_correct_weapon,Clean weapon image correctly classified as weapon.,,efficientnet_b0,fold_5,clean,none,clean,weapon,weapon,0.9999961853027344,True,True,img_00000156,img_00000156,img_00000156,datasets/splits/clean/fold_5/weapon/img_00000156.jpeg,,,,,,
efficientnet_b0_chapter5_core_candidates_per_bucket_500_manual_per_bucket_3_target_predicted_label_chapter5_separate_assets_final,2026-05-23T08:10:49+00:00,efficientnet_b0__fold_1__clean_correct_weapon__clean__img_00000226,False,,,,,,case_bucket,clean_correct_weapon,3,,clean_correct_weapon,Clean weapon image correctly classified as weapon.,,efficientnet_b0,fold_1,clean,none,clean,weapon,weapon,0.9999957084655762,True,True,img_00000226,img_00000226,img_00000226,datasets/splits/clean/fold_1/weapon/img_00000226.jpeg,,,,,,
efficientnet_b0_chapter5_core_candidates_per_bucket_500_manual_per_bucket_3_target_predicted_label_chapter5_separate_assets_final,2026-05-23T08:10:49+00:00,efficientnet_b0__fold_1__clean_correct_weapon__clean__img_00012918,False,,,,,,case_bucket,clean_correct_weapon,3,,clean_correct_weapon,Clean weapon image correctly classified as weapon.,,efficientnet_b0,fold_1,clean,none,clean,weapon,weapon,0.9999957084655762,True,True,img_00012918,img_00012918,img_00012918,datasets/splits/clean/fold_1/weapon/img_00012918.jpg,,,,,,
efficientnet_b0_chapter5_core_candidates_per_bucket_500_manual_per_bucket_3_target_predicted_label_chapter5_separate_assets_final,2026-05-23T08:10:49+00:00,efficientnet_b0__fold_1__clean_correct_weapon__clean__img_00014389,False,,,,,,case_bucket,clean_correct_weapon,3,,clean_correct_weapon,Clean weapon image correctly classified as weapon.,,efficientnet_b0,fold_1,clean,none,clean,weapon,weapon,0.9999954700469972,True,True,img_00014389,img_00014389,img_00014389,datasets/splits/clean/fold_1/weapon/img_00014389.jpeg,,,,,,
efficientnet_b0_chapter5_core_candidates_per_bucket_500_manual_per_bucket_3_target_predicted_label_chapter5_separate_assets_final,2026-05-23T08:10:49+00:00,efficientnet_b0__fold_1__clean_correct_weapon__clean__img_00000288,False,,,,,,case_bucket,clean_correct_weapon,3,,clean_correct_weapon,Clean weapon image correctly classified as weapon.,,efficientnet_b0,fold_1,clean,none,clean,weapon,weapon,0.9999953508377076,True,True,img_00000288,img_00000288,img_00000288,datasets/splits/clean/fold_1/weapon/img_00000288.png,,,,,,
efficientnet_b0_chapter5_core_candidates_per_bucket_500_manual_per_bucket_3_target_predicted_label_chapter5_separate_assets_final,2026-05-23T08:10:49+00:00,efficientnet_b0__fold_1__clean_correct_weapon__clean__img_00000487,False,,,,,,case_bucket,clean_correct_weapon,3,,clean_correct_weapon,Clean weapon image correctly classified as weapon.,,efficientnet_b0,fold_1,clean,none,clean,weapon,weapon,0.9999951124191284,True,True,img_00000487,img_00000487,img_00000487,datasets/splits/clean/fold_1/weapon/img_00000487.jpg,,,,,,
efficientnet_b0_chapter5_core_candidates_per_bucket_500_manual_per_bucket_3_target_predicted_label_chapter5_separate_assets_final,2026-05-23T08:10:49+00:00,efficientnet_b0__fold_2__clean_correct_weapon__clean__img_00000692,False,,,,,,case_bucket,clean_correct_weapon,3,,clean_correct_weapon,Clean weapon image correctly classified as weapon.,,efficientnet_b0,fold_2,clean,none,clean,weapon,weapon,0.9999951124191284,True,True,img_00000692,img_00000692,img_00000692,datasets/splits/clean/fold_2/weapon/img_00000692.jpg,,,,,,
efficientnet_b0_chapter5_core_candidates_per_bucket_500_manual_per_bucket_3_target_predicted_label_chapter5_separate_assets_final,2026-05-23T08:10:49+00:00,efficientnet_b0__fold_3__clean_correct_weapon__clean__img_00000132,False,,,,,,case_bucket,clean_correct_weapon,3,,clean_correct_weapon,Clean weapon image correctly classified as weapon.,,efficientnet_b0,fold_3,clean,none,clean,weapon,weapon,0.9999948740005492,True,True,img_00000132,img_00000132,img_00000132,datasets/splits/clean/fold_3/weapon/img_00000132.jpeg,,,,,,
efficientnet_b0_chapter5_core_candidates_per_bucket_500_manual_per_bucket_3_target_predicted_label_chapter5_separate_assets_final,2026-05-23T08:10:49+00:00,efficientnet_b0__fold_5__clean_correct_weapon__clean__img_00013603,False,,,,,,case_bucket,clean_correct_weapon,3,,clean_correct_weapon,Clean weapon image correctly classified as weapon.,,efficientnet_b0,fold_5,clean,none,clean,weapon,weapon,0.9999947547912598,True,True,img_00013603,img_00013603,img_00013603,datasets/splits/clean/fold_5/weapon/img_00013603.jpg,,,,,,
efficientnet_b0_chapter5_core_candidates_per_bucket_500_manual_per_bucket_3_target_predicted_label_chapter5_separate_assets_final,2026-05-23T08:10:49+00:00,efficientnet_b0__fold_4__clean_correct_weapon__clean__img_00000037,False,,,,,,case_bucket,clean_correct_weapon,3,,clean_correct_weapon,Clean weapon image correctly classified as weapon.,,efficientnet_b0,fold_4,clean,none,clean,weapon,weapon,0.9999946355819702,True,True,img_00000037,img_00000037,img_00000037,datasets/splits/clean/fold_4/weapon/img_00000037.jpeg,,,,,,
efficientnet_b0_chapter5_core_candidates_per_bucket_500_manual_per_bucket_3_target_predicted_label_chapter5_separate_assets_final,2026-05-23T08:10:49+00:00,efficientnet_b0__fold_2__clean_correct_weapon__clean__img_00012756,False,,,,,,case_bucket,clean_correct_weapon,3,,clean_correct_weapon,Clean weapon image correctly classified as weapon.,,efficientnet_b0,fold_2,clean,none,clean,weapon,weapon,0.999994158744812,True,True,img_00012756,img_00012756,img_00012756,datasets/splits/clean/fold_2/weapon/img_00012756.jpg,,,,,,
efficientnet_b0_chapter5_core_candidates_per_bucket_500_manual_per_bucket_3_target_predicted_label_chapter5_separate_assets_final,2026-05-23T08:10:49+00:00,efficientnet_b0__fold_1__clean_correct_weapon__clean__img_00013132,False,,,,,,case_bucket,clean_correct_weapon,3,,clean_correct_weapon,Clean weapon image correctly classified as weapon.,,efficientnet_b0,fold_1,clean,none,clean,weapon,weapon,0.9999940395355223,True,True,img_00013132,img_00013132,img_00013132,datasets/splits/clean/fold_1/weapon/img_00013132.jpg,,,,,,
efficientnet_b0_chapter5_core_candidates_per_bucket_500_manual_per_bucket_3_target_predicted_label_chapter5_separate_assets_final,2026-05-23T08:10:49+00:00,efficientnet_b0__fold_3__clean_correct_weapon__clean__img_00013531,False,,,,,,case_bucket,clean_correct_weapon,3,,clean_correct_weapon,Clean weapon image correctly classified as weapon.,,efficientnet_b0,fold_3,clean,none,clean,weapon,weapon,0.9999940395355223,True,True,img_00013531,img_00013531,img_00013531,datasets/splits/clean/fold_3/weapon/img_00013531.jpg,,,,,,
efficientnet_b0_chapter5_core_candidates_per_bucket_500_manual_per_bucket_3_target_predicted_label_chapter5_separate_assets_final,2026-05-23T08:10:49+00:00,efficientnet_b0__fold_2__clean_correct_weapon__clean__img_00013582,False,,,,,,case_bucket,clean_correct_weapon,3,,clean_correct_weapon,Clean weapon image correctly classified as weapon.,,efficientnet_b0,fold_2,clean,none,clean,weapon,weapon,0.999992847442627,True,True,img_00013582,img_00013582,img_00013582,datasets/splits/clean/fold_2/weapon/img_00013582.jpg,,,,,,
efficientnet_b0_chapter5_core_candidates_per_bucket_500_manual_per_bucket_3_target_predicted_label_chapter5_separate_assets_final,2026-05-23T08:10:49+00:00,efficientnet_b0__fold_2__clean_correct_weapon__clean__img_00013545,False,,,,,,case_bucket,clean_correct_weapon,3,,clean_correct_weapon,Clean weapon image correctly classified as weapon.,,efficientnet_b0,fold_2,clean,none,clean,weapon,weapon,0.9999927282333374,True,True,img_00013545,img_00013545,img_00013545,datasets/splits/clean/fold_2/weapon/img_00013545.jpg,,,,,,
efficientnet_b0_chapter5_core_candidates_per_bucket_500_manual_per_bucket_3_target_predicted_label_chapter5_separate_assets_final,2026-05-23T08:10:49+00:00,efficientnet_b0__fold_5__clean_correct_weapon__clean__img_00000163,False,,,,,,case_bucket,clean_correct_weapon,3,,clean_correct_weapon,Clean weapon image correctly classified as weapon.,,efficientnet_b0,fold_5,clean,none,clean,weapon,weapon,0.999992609024048,True,True,img_00000163,img_00000163,img_00000163,datasets/splits/clean/fold_5/weapon/img_00000163.jpeg,,,,,,
efficientnet_b0_chapter5_core_candidates_per_bucket_500_manual_per_bucket_3_target_predicted_label_chapter5_separate_assets_final,2026-05-23T08:10:49+00:00,efficientnet_b0__fold_5__clean_correct_weapon__clean__img_00003529,False,,,,,,case_bucket,clean_correct_weapon,3,,clean_correct_weapon,Clean weapon image correctly classified as weapon.,,efficientnet_b0,fold_5,clean,none,clean,weapon,weapon,0.9999924898147584,True,True,img_00003529,img_00003529,img_00003529,datasets/splits/clean/fold_5/weapon/img_00003529.jpg,,,,,,
efficientnet_b0_chapter5_core_candidates_per_bucket_500_manual_per_bucket_3_target_predicted_label_chapter5_separate_assets_final,2026-05-23T08:10:49+00:00,efficientnet_b0__fold_2__clean_correct_weapon__clean__img_00000322,False,,,,,,case_bucket,clean_correct_weapon,3,,clean_correct_weapon,Clean weapon image correctly classified as weapon.,,efficientnet_b0,fold_2,clean,none,clean,weapon,weapon,0.9999920129776,True,True,img_00000322,img_00000322,img_00000322,datasets/splits/clean/fold_2/weapon/img_00000322.jpeg,,,,,,
efficientnet_b0_chapter5_core_candidates_per_bucket_500_manual_per_bucket_3_target_predicted_label_chapter5_separate_assets_final,2026-05-23T08:10:49+00:00,efficientnet_b0__fold_1__clean_correct_weapon__clean__img_00000232,False,,,,,,case_bucket,clean_correct_weapon,3,,clean_correct_weapon,Clean weapon image correctly classified as weapon.,,efficientnet_b0,fold_1,clean,none,clean,weapon,weapon,0.999991774559021,True,True,img_00000232,img_00000232,img_00000232,datasets/splits/clean/fold_1/weapon/img_00000232.jpeg,,,,,,
efficientnet_b0_chapter5_core_candidates_per_bucket_500_manual_per_bucket_3_target_predicted_label_chapter5_separate_assets_final,2026-05-23T08:10:49+00:00,efficientnet_b0__fold_2__clean_correct_weapon__clean__img_00000042,False,,,,,,case_bucket,clean_correct_weapon,3,,clean_correct_weapon,Clean weapon image correctly classified as weapon.,,efficientnet_b0,fold_2,clean,none,clean,weapon,weapon,0.9999916553497314,True,True,img_00000042,img_00000042,img_00000042,datasets/splits/clean/fold_2/weapon/img_00000042.jpeg,,,,,,
efficientnet_b0_chapter5_core_candidates_per_bucket_500_manual_per_bucket_3_target_predicted_label_chapter5_separate_assets_final,2026-05-23T08:10:49+00:00,efficientnet_b0__fold_3__clean_correct_weapon__clean__img_00000222,False,,,,,,case_bucket,clean_correct_weapon,3,,clean_correct_weapon,Clean weapon image correctly classified as weapon.,,efficientnet_b0,fold_3,clean,none,clean,weapon,weapon,0.9999912977218628,True,True,img_00000222,img_00000222,img_00000222,datasets/splits/clean/fold_3/weapon/img_00000222.jpeg,,,,,,
efficientnet_b0_chapter5_core_candidates_per_bucket_500_manual_per_bucket_3_target_predicted_label_chapter5_separate_assets_final,2026-05-23T08:10:49+00:00,efficientnet_b0__fold_1__clean_correct_weapon__clean__img_00000730,False,,,,,,case_bucket,clean_correct_weapon,3,,clean_correct_weapon,Clean weapon image correctly classified as weapon.,,efficientnet_b0,fold_1,clean,none,clean,weapon,weapon,0.9999911785125732,True,True,img_00000730,img_00000730,img_00000730,datasets/splits/clean/fold_1/weapon/img_00000730.jpg,,,,,,
efficientnet_b0_chapter5_core_candidates_per_bucket_500_manual_per_bucket_3_target_predicted_label_chapter5_separate_assets_final,2026-05-23T08:10:49+00:00,efficientnet_b0__fold_2__clean_correct_weapon__clean__img_00013528,False,,,,,,case_bucket,clean_correct_weapon,3,,clean_correct_weapon,Clean weapon image correctly classified as weapon.,,efficientnet_b0,fold_2,clean,none,clean,weapon,weapon,0.9999910593032836,True,True,img_00013528,img_00013528,img_00013528,datasets/splits/clean/fold_2/weapon/img_00013528.jpg,,,,,,
efficientnet_b0_chapter5_core_candidates_per_bucket_500_manual_per_bucket_3_target_predicted_label_chapter5_separate_assets_final,2026-05-23T08:10:49+00:00,efficientnet_b0__fold_3__clean_correct_weapon__clean__img_00013541,False,,,,,,case_bucket,clean_correct_weapon,3,,clean_correct_weapon,Clean weapon image correctly classified as weapon.,,efficientnet_b0,fold_3,clean,none,clean,weapon,weapon,0.9999910593032836,True,True,img_00013541,img_00013541,img_00013541,datasets/splits/clean/fold_3/weapon/img_00013541.jpg,,,,,,
efficientnet_b0_chapter5_core_candidates_per_bucket_500_manual_per_bucket_3_target_predicted_label_chapter5_separate_assets_final,2026-05-23T08:10:49+00:00,efficientnet_b0__fold_1__clean_correct_weapon__clean__img_00013647,False,,,,,,case_bucket,clean_correct_weapon,3,,clean_correct_weapon,Clean weapon image correctly classified as weapon.,,efficientnet_b0,fold_1,clean,none,clean,weapon,weapon,0.999990940093994,True,True,img_00013647,img_00013647,img_00013647,datasets/splits/clean/fold_1/weapon/img_00013647.jpg,,,,,,
efficientnet_b0_chapter5_core_candidates_per_bucket_500_manual_per_bucket_3_target_predicted_label_chapter5_separate_assets_final,2026-05-23T08:10:49+00:00,efficientnet_b0__fold_5__clean_correct_weapon__clean__img_00014418,False,,,,,,case_bucket,clean_correct_weapon,3,,clean_correct_weapon,Clean weapon image correctly classified as weapon.,,efficientnet_b0,fold_5,clean,none,clean,weapon,weapon,0.9999905824661256,True,True,img_00014418,img_00014418,img_00014418,datasets/splits/clean/fold_5/weapon/img_00014418.jpeg,,,,,,
efficientnet_b0_chapter5_core_candidates_per_bucket_500_manual_per_bucket_3_target_predicted_label_chapter5_separate_assets_final,2026-05-23T08:10:49+00:00,efficientnet_b0__fold_2__clean_correct_weapon__clean__img_00013571,False,,,,,,case_bucket,clean_correct_weapon,3,,clean_correct_weapon,Clean weapon image correctly classified as weapon.,,efficientnet_b0,fold_2,clean,none,clean,weapon,weapon,0.9999899864196776,True,True,img_00013571,img_00013571,img_00013571,datasets/splits/clean/fold_2/weapon/img_00013571.jpg,,,,,,
efficientnet_b0_chapter5_core_candidates_per_bucket_500_manual_per_bucket_3_target_predicted_label_chapter5_separate_assets_final,2026-05-23T08:10:49+00:00,efficientnet_b0__fold_5__clean_correct_weapon__clean__img_00000531,False,,,,,,case_bucket,clean_correct_weapon,3,,clean_correct_weapon,Clean weapon image correctly classified as weapon.,,efficientnet_b0,fold_5,clean,none,clean,weapon,weapon,0.9999899864196776,True,True,img_00000531,img_00000531,img_00000531,datasets/splits/clean/fold_5/weapon/img_00000531.jpg,,,,,,
efficientnet_b0_chapter5_core_candidates_per_bucket_500_manual_per_bucket_3_target_predicted_label_chapter5_separate_assets_final,2026-05-23T08:10:49+00:00,efficientnet_b0__fold_1__clean_correct_weapon__clean__img_00000240,False,,,,,,case_bucket,clean_correct_weapon,3,,clean_correct_weapon,Clean weapon image correctly classified as weapon.,,efficientnet_b0,fold_1,clean,none,clean,weapon,weapon,0.9999897480010986,True,True,img_00000240,img_00000240,img_00000240,datasets/splits/clean/fold_1/weapon/img_00000240.jpeg,,,,,,
efficientnet_b0_chapter5_core_candidates_per_bucket_500_manual_per_bucket_3_target_predicted_label_chapter5_separate_assets_final,2026-05-23T08:10:49+00:00,efficientnet_b0__fold_5__clean_correct_weapon__clean__img_00011551,False,,,,,,case_bucket,clean_correct_weapon,3,,clean_correct_weapon,Clean weapon image correctly classified as weapon.,,efficientnet_b0,fold_5,clean,none,clean,weapon,weapon,0.9999895095825196,True,True,img_00011551,img_00011551,img_00011551,datasets/splits/clean/fold_5/weapon/img_00011551.jpg,,,,,,
efficientnet_b0_chapter5_core_candidates_per_bucket_500_manual_per_bucket_3_target_predicted_label_chapter5_separate_assets_final,2026-05-23T08:10:49+00:00,efficientnet_b0__fold_5__clean_correct_weapon__clean__img_00014394,False,,,,,,case_bucket,clean_correct_weapon,3,,clean_correct_weapon,Clean weapon image correctly classified as weapon.,,efficientnet_b0,fold_5,clean,none,clean,weapon,weapon,0.9999887943267822,True,True,img_00014394,img_00014394,img_00014394,datasets/splits/clean/fold_5/weapon/img_00014394.webp,,,,,,
efficientnet_b0_chapter5_core_candidates_per_bucket_500_manual_per_bucket_3_target_predicted_label_chapter5_separate_assets_final,2026-05-23T08:10:49+00:00,efficientnet_b0__fold_3__clean_correct_weapon__clean__img_00014399,False,,,,,,case_bucket,clean_correct_weapon,3,,clean_correct_weapon,Clean weapon image correctly classified as weapon.,,efficientnet_b0,fold_3,clean,none,clean,weapon,weapon,0.9999885559082032,True,True,img_00014399,img_00014399,img_00014399,datasets/splits/clean/fold_3/weapon/img_00014399.jpeg,,,,,,
efficientnet_b0_chapter5_core_candidates_per_bucket_500_manual_per_bucket_3_target_predicted_label_chapter5_separate_assets_final,2026-05-23T08:10:49+00:00,efficientnet_b0__fold_2__clean_correct_weapon__clean__img_00013540,False,,,,,,case_bucket,clean_correct_weapon,3,,clean_correct_weapon,Clean weapon image correctly classified as weapon.,,efficientnet_b0,fold_2,clean,none,clean,weapon,weapon,0.9999881982803344,True,True,img_00013540,img_00013540,img_00013540,datasets/splits/clean/fold_2/weapon/img_00013540.jpg,,,,,,
efficientnet_b0_chapter5_core_candidates_per_bucket_500_manual_per_bucket_3_target_predicted_label_chapter5_separate_assets_final,2026-05-23T08:10:49+00:00,efficientnet_b0__fold_5__clean_correct_weapon__clean__img_00014390,False,,,,,,case_bucket,clean_correct_weapon,3,,clean_correct_weapon,Clean weapon image correctly classified as weapon.,,efficientnet_b0,fold_5,clean,none,clean,weapon,weapon,0.9999881982803344,True,True,img_00014390,img_00014390,img_00014390,datasets/splits/clean/fold_5/weapon/img_00014390.jpeg,,,,,,
efficientnet_b0_chapter5_core_candidates_per_bucket_500_manual_per_bucket_3_target_predicted_label_chapter5_separate_assets_final,2026-05-23T08:10:49+00:00,efficientnet_b0__fold_1__clean_correct_weapon__clean__img_00014489,False,,,,,,case_bucket,clean_correct_weapon,3,,clean_correct_weapon,Clean weapon image correctly classified as weapon.,,efficientnet_b0,fold_1,clean,none,clean,weapon,weapon,0.9999878406524658,True,True,img_00014489,img_00014489,img_00014489,datasets/splits/clean/fold_1/weapon/img_00014489.webp,,,,,,
efficientnet_b0_chapter5_core_candidates_per_bucket_500_manual_per_bucket_3_target_predicted_label_chapter5_separate_assets_final,2026-05-23T08:10:49+00:00,efficientnet_b0__fold_5__clean_correct_weapon__clean__img_00014502,False,,,,,,case_bucket,clean_correct_weapon,3,,clean_correct_weapon,Clean weapon image correctly classified as weapon.,,efficientnet_b0,fold_5,clean,none,clean,weapon,weapon,0.9999877214431764,True,True,img_00014502,img_00014502,img_00014502,datasets/splits/clean/fold_5/weapon/img_00014502.jpeg,,,,,,
efficientnet_b0_chapter5_core_candidates_per_bucket_500_manual_per_bucket_3_target_predicted_label_chapter5_separate_assets_final,2026-05-23T08:10:49+00:00,efficientnet_b0__fold_5__clean_correct_weapon__clean__img_00013536,False,,,,,,case_bucket,clean_correct_weapon,3,,clean_correct_weapon,Clean weapon image correctly classified as weapon.,,efficientnet_b0,fold_5,clean,none,clean,weapon,weapon,0.999987244606018,True,True,img_00013536,img_00013536,img_00013536,datasets/splits/clean/fold_5/weapon/img_00013536.jpg,,,,,,
efficientnet_b0_chapter5_core_candidates_per_bucket_500_manual_per_bucket_3_target_predicted_label_chapter5_separate_assets_final,2026-05-23T08:10:49+00:00,efficientnet_b0__fold_1__clean_correct_weapon__clean__img_00010546,False,,,,,,case_bucket,clean_correct_weapon,3,,clean_correct_weapon,Clean weapon image correctly classified as weapon.,,efficientnet_b0,fold_1,clean,none,clean,weapon,weapon,0.9999866485595704,True,True,img_00010546,img_00010546,img_00010546,datasets/splits/clean/fold_1/weapon/img_00010546.jpg,,,,,,
efficientnet_b0_chapter5_core_candidates_per_bucket_500_manual_per_bucket_3_target_predicted_label_chapter5_separate_assets_final,2026-05-23T08:10:49+00:00,efficientnet_b0__fold_5__clean_correct_weapon__clean__img_00010547,False,,,,,,case_bucket,clean_correct_weapon,3,,clean_correct_weapon,Clean weapon image correctly classified as weapon.,,efficientnet_b0,fold_5,clean,none,clean,weapon,weapon,0.9999865293502808,True,True,img_00010547,img_00010547,img_00010547,datasets/splits/clean/fold_5/weapon/img_00010547.jpg,,,,,,
efficientnet_b0_chapter5_core_candidates_per_bucket_500_manual_per_bucket_3_target_predicted_label_chapter5_separate_assets_final,2026-05-23T08:10:49+00:00,efficientnet_b0__fold_1__clean_correct_weapon__clean__img_00000569,False,,,,,,case_bucket,clean_correct_weapon,3,,clean_correct_weapon,Clean weapon image correctly classified as weapon.,,efficientnet_b0,fold_1,clean,none,clean,weapon,weapon,0.9999864101409912,True,True,img_00000569,img_00000569,img_00000569,datasets/splits/clean/fold_1/weapon/img_00000569.jpg,,,,,,
efficientnet_b0_chapter5_core_candidates_per_bucket_500_manual_per_bucket_3_target_predicted_label_chapter5_separate_assets_final,2026-05-23T08:10:49+00:00,efficientnet_b0__fold_2__clean_correct_weapon__clean__img_00000570,False,,,,,,case_bucket,clean_correct_weapon,3,,clean_correct_weapon,Clean weapon image correctly classified as weapon.,,efficientnet_b0,fold_2,clean,none,clean,weapon,weapon,0.9999860525131226,True,True,img_00000570,img_00000570,img_00000570,datasets/splits/clean/fold_2/weapon/img_00000570.jpg,,,,,,
efficientnet_b0_chapter5_core_candidates_per_bucket_500_manual_per_bucket_3_target_predicted_label_chapter5_separate_assets_final,2026-05-23T08:10:49+00:00,efficientnet_b0__fold_3__clean_correct_weapon__clean__img_00000601,False,,,,,,case_bucket,clean_correct_weapon,3,,clean_correct_weapon,Clean weapon image correctly classified as weapon.,,efficientnet_b0,fold_3,clean,none,clean,weapon,weapon,0.999985933303833,True,True,img_00000601,img_00000601,img_00000601,datasets/splits/clean/fold_3/weapon/img_00000601.jpg,,,,,,
efficientnet_b0_chapter5_core_candidates_per_bucket_500_manual_per_bucket_3_target_predicted_label_chapter5_separate_assets_final,2026-05-23T08:10:49+00:00,efficientnet_b0__fold_5__clean_correct_weapon__clean__img_00000169,False,,,,,,case_bucket,clean_correct_weapon,3,,clean_correct_weapon,Clean weapon image correctly classified as weapon.,,efficientnet_b0,fold_5,clean,none,clean,weapon,weapon,0.9999855756759644,True,True,img_00000169,img_00000169,img_00000169,datasets/splits/clean/fold_5/weapon/img_00000169.jpeg,,,,,,
efficientnet_b0_chapter5_core_candidates_per_bucket_500_manual_per_bucket_3_target_predicted_label_chapter5_separate_assets_final,2026-05-23T08:10:49+00:00,efficientnet_b0__fold_2__clean_correct_weapon__clean__img_00014370,False,,,,,,case_bucket,clean_correct_weapon,3,,clean_correct_weapon,Clean weapon image correctly classified as weapon.,,efficientnet_b0,fold_2,clean,none,clean,weapon,weapon,0.9999853372573853,True,True,img_00014370,img_00014370,img_00014370,datasets/splits/clean/fold_2/weapon/img_00014370.jpeg,,,,,,
efficientnet_b0_chapter5_core_candidates_per_bucket_500_manual_per_bucket_3_target_predicted_label_chapter5_separate_assets_final,2026-05-23T08:10:49+00:00,efficientnet_b0__fold_1__clean_correct_weapon__clean__img_00014496,False,,,,,,case_bucket,clean_correct_weapon,3,,clean_correct_weapon,Clean weapon image correctly classified as weapon.,,efficientnet_b0,fold_1,clean,none,clean,weapon,weapon,0.9999852180480956,True,True,img_00014496,img_00014496,img_00014496,datasets/splits/clean/fold_1/weapon/img_00014496.jpeg,,,,,,
efficientnet_b0_chapter5_core_candidates_per_bucket_500_manual_per_bucket_3_target_predicted_label_chapter5_separate_assets_final,2026-05-23T08:10:49+00:00,efficientnet_b0__fold_2__clean_correct_weapon__clean__img_00001524,False,,,,,,case_bucket,clean_correct_weapon,3,,clean_correct_weapon,Clean weapon image correctly classified as weapon.,,efficientnet_b0,fold_2,clean,none,clean,weapon,weapon,0.9999847412109376,True,True,img_00001524,img_00001524,img_00001524,datasets/splits/clean/fold_2/weapon/img_00001524.jpg,,,,,,
efficientnet_b0_chapter5_core_candidates_per_bucket_500_manual_per_bucket_3_target_predicted_label_chapter5_separate_assets_final,2026-05-23T08:10:49+00:00,efficientnet_b0__fold_1__clean_correct_weapon__clean__img_00013542,False,,,,,,case_bucket,clean_correct_weapon,3,,clean_correct_weapon,Clean weapon image correctly classified as weapon.,,efficientnet_b0,fold_1,clean,none,clean,weapon,weapon,0.9999843835830688,True,True,img_00013542,img_00013542,img_00013542,datasets/splits/clean/fold_1/weapon/img_00013542.jpg,,,,,,
efficientnet_b0_chapter5_core_candidates_per_bucket_500_manual_per_bucket_3_target_predicted_label_chapter5_separate_assets_final,2026-05-23T08:10:49+00:00,efficientnet_b0__fold_1__clean_correct_weapon__clean__img_00000220,False,,,,,,case_bucket,clean_correct_weapon,3,,clean_correct_weapon,Clean weapon image correctly classified as weapon.,,efficientnet_b0,fold_1,clean,none,clean,weapon,weapon,0.9999841451644896,True,True,img_00000220,img_00000220,img_00000220,datasets/splits/clean/fold_1/weapon/img_00000220.jpeg,,,,,,
efficientnet_b0_chapter5_core_candidates_per_bucket_500_manual_per_bucket_3_target_predicted_label_chapter5_separate_assets_final,2026-05-23T08:10:49+00:00,efficientnet_b0__fold_2__clean_correct_weapon__clean__img_00013539,False,,,,,,case_bucket,clean_correct_weapon,3,,clean_correct_weapon,Clean weapon image correctly classified as weapon.,,efficientnet_b0,fold_2,clean,none,clean,weapon,weapon,0.9999840259552002,True,True,img_00013539,img_00013539,img_00013539,datasets/splits/clean/fold_2/weapon/img_00013539.jpg,,,,,,
efficientnet_b0_chapter5_core_candidates_per_bucket_500_manual_per_bucket_3_target_predicted_label_chapter5_separate_assets_final,2026-05-23T08:10:49+00:00,efficientnet_b0__fold_4__clean_correct_weapon__clean__img_00009540,False,,,,,,case_bucket,clean_correct_weapon,3,,clean_correct_weapon,Clean weapon image correctly classified as weapon.,,efficientnet_b0,fold_4,clean,none,clean,weapon,weapon,0.9999840259552002,True,True,img_00009540,img_00009540,img_00009540,datasets/splits/clean/fold_4/weapon/img_00009540.jpg,,,,,,
efficientnet_b0_chapter5_core_candidates_per_bucket_500_manual_per_bucket_3_target_predicted_label_chapter5_separate_assets_final,2026-05-23T08:10:49+00:00,efficientnet_b0__fold_5__clean_correct_weapon__clean__img_00012963,False,,,,,,case_bucket,clean_correct_weapon,3,,clean_correct_weapon,Clean weapon image correctly classified as weapon.,,efficientnet_b0,fold_5,clean,none,clean,weapon,weapon,0.9999833106994628,True,True,img_00012963,img_00012963,img_00012963,datasets/splits/clean/fold_5/weapon/img_00012963.jpg,,,,,,
efficientnet_b0_chapter5_core_candidates_per_bucket_500_manual_per_bucket_3_target_predicted_label_chapter5_separate_assets_final,2026-05-23T08:10:49+00:00,efficientnet_b0__fold_1__clean_correct_weapon__clean__img_00014442,False,,,,,,case_bucket,clean_correct_weapon,3,,clean_correct_weapon,Clean weapon image correctly classified as weapon.,,efficientnet_b0,fold_1,clean,none,clean,weapon,weapon,0.9999830722808838,True,True,img_00014442,img_00014442,img_00014442,datasets/splits/clean/fold_1/weapon/img_00014442.jpeg,,,,,,
efficientnet_b0_chapter5_core_candidates_per_bucket_500_manual_per_bucket_3_target_predicted_label_chapter5_separate_assets_final,2026-05-23T08:10:49+00:00,efficientnet_b0__fold_1__clean_correct_weapon__clean__img_00014368,False,,,,,,case_bucket,clean_correct_weapon,3,,clean_correct_weapon,Clean weapon image correctly classified as weapon.,,efficientnet_b0,fold_1,clean,none,clean,weapon,weapon,0.9999819993972778,True,True,img_00014368,img_00014368,img_00014368,datasets/splits/clean/fold_1/weapon/img_00014368.webp,,,,,,
efficientnet_b0_chapter5_core_candidates_per_bucket_500_manual_per_bucket_3_target_predicted_label_chapter5_separate_assets_final,2026-05-23T08:10:49+00:00,efficientnet_b0__fold_3__clean_correct_weapon__clean__img_00013572,False,,,,,,case_bucket,clean_correct_weapon,3,,clean_correct_weapon,Clean weapon image correctly classified as weapon.,,efficientnet_b0,fold_3,clean,none,clean,weapon,weapon,0.9999819993972778,True,True,img_00013572,img_00013572,img_00013572,datasets/splits/clean/fold_3/weapon/img_00013572.jpg,,,,,,
efficientnet_b0_chapter5_core_candidates_per_bucket_500_manual_per_bucket_3_target_predicted_label_chapter5_separate_assets_final,2026-05-23T08:10:49+00:00,efficientnet_b0__fold_3__clean_correct_weapon__clean__img_00000293,False,,,,,,case_bucket,clean_correct_weapon,3,,clean_correct_weapon,Clean weapon image correctly classified as weapon.,,efficientnet_b0,fold_3,clean,none,clean,weapon,weapon,0.9999817609786988,True,True,img_00000293,img_00000293,img_00000293,datasets/splits/clean/fold_3/weapon/img_00000293.jpeg,,,,,,
efficientnet_b0_chapter5_core_candidates_per_bucket_500_manual_per_bucket_3_target_predicted_label_chapter5_separate_assets_final,2026-05-23T08:10:49+00:00,efficientnet_b0__fold_3__clean_correct_weapon__clean__img_00013593,False,,,,,,case_bucket,clean_correct_weapon,3,,clean_correct_weapon,Clean weapon image correctly classified as weapon.,,efficientnet_b0,fold_3,clean,none,clean,weapon,weapon,0.9999815225601196,True,True,img_00013593,img_00013593,img_00013593,datasets/splits/clean/fold_3/weapon/img_00013593.jpg,,,,,,
efficientnet_b0_chapter5_core_candidates_per_bucket_500_manual_per_bucket_3_target_predicted_label_chapter5_separate_assets_final,2026-05-23T08:10:49+00:00,efficientnet_b0__fold_5__clean_correct_weapon__clean__img_00008534,False,,,,,,case_bucket,clean_correct_weapon,3,,clean_correct_weapon,Clean weapon image correctly classified as weapon.,,efficientnet_b0,fold_5,clean,none,clean,weapon,weapon,0.99998140335083,True,True,img_00008534,img_00008534,img_00008534,datasets/splits/clean/fold_5/weapon/img_00008534.jpg,,,,,,
efficientnet_b0_chapter5_core_candidates_per_bucket_500_manual_per_bucket_3_target_predicted_label_chapter5_separate_assets_final,2026-05-23T08:10:49+00:00,efficientnet_b0__fold_2__clean_correct_weapon__clean__img_00000602,False,,,,,,case_bucket,clean_correct_weapon,3,,clean_correct_weapon,Clean weapon image correctly classified as weapon.,,efficientnet_b0,fold_2,clean,none,clean,weapon,weapon,0.999981164932251,True,True,img_00000602,img_00000602,img_00000602,datasets/splits/clean/fold_2/weapon/img_00000602.jpg,,,,,,
efficientnet_b0_chapter5_core_candidates_per_bucket_500_manual_per_bucket_3_target_predicted_label_chapter5_separate_assets_final,2026-05-23T08:10:49+00:00,efficientnet_b0__fold_1__clean_correct_weapon__clean__img_00013605,False,,,,,,case_bucket,clean_correct_weapon,3,,clean_correct_weapon,Clean weapon image correctly classified as weapon.,,efficientnet_b0,fold_1,clean,none,clean,weapon,weapon,0.9999791383743286,True,True,img_00013605,img_00013605,img_00013605,datasets/splits/clean/fold_1/weapon/img_00013605.jpg,,,,,,
efficientnet_b0_chapter5_core_candidates_per_bucket_500_manual_per_bucket_3_target_predicted_label_chapter5_separate_assets_final,2026-05-23T08:10:49+00:00,efficientnet_b0__fold_5__clean_correct_weapon__clean__img_00000299,False,,,,,,case_bucket,clean_correct_weapon,3,,clean_correct_weapon,Clean weapon image correctly classified as weapon.,,efficientnet_b0,fold_5,clean,none,clean,weapon,weapon,0.9999790191650392,True,True,img_00000299,img_00000299,img_00000299,datasets/splits/clean/fold_5/weapon/img_00000299.jpeg,,,,,,
efficientnet_b0_chapter5_core_candidates_per_bucket_500_manual_per_bucket_3_target_predicted_label_chapter5_separate_assets_final,2026-05-23T08:10:49+00:00,efficientnet_b0__fold_1__clean_correct_weapon__clean__img_00014485,False,,,,,,case_bucket,clean_correct_weapon,3,,clean_correct_weapon,Clean weapon image correctly classified as weapon.,,efficientnet_b0,fold_1,clean,none,clean,weapon,weapon,0.99997878074646,True,True,img_00014485,img_00014485,img_00014485,datasets/splits/clean/fold_1/weapon/img_00014485.jpeg,,,,,,
efficientnet_b0_chapter5_core_candidates_per_bucket_500_manual_per_bucket_3_target_predicted_label_chapter5_separate_assets_final,2026-05-23T08:10:49+00:00,efficientnet_b0__fold_2__clean_correct_weapon__clean__img_00014434,False,,,,,,case_bucket,clean_correct_weapon,3,,clean_correct_weapon,Clean weapon image correctly classified as weapon.,,efficientnet_b0,fold_2,clean,none,clean,weapon,weapon,0.9999786615371704,True,True,img_00014434,img_00014434,img_00014434,datasets/splits/clean/fold_2/weapon/img_00014434.webp,,,,,,
efficientnet_b0_chapter5_core_candidates_per_bucket_500_manual_per_bucket_3_target_predicted_label_chapter5_separate_assets_final,2026-05-23T08:10:49+00:00,efficientnet_b0__fold_1__clean_correct_weapon__clean__img_00013598,False,,,,,,case_bucket,clean_correct_weapon,3,,clean_correct_weapon,Clean weapon image correctly classified as weapon.,,efficientnet_b0,fold_1,clean,none,clean,weapon,weapon,0.9999785423278807,True,True,img_00013598,img_00013598,img_00013598,datasets/splits/clean/fold_1/weapon/img_00013598.jpg,,,,,,
efficientnet_b0_chapter5_core_candidates_per_bucket_500_manual_per_bucket_3_target_predicted_label_chapter5_separate_assets_final,2026-05-23T08:10:49+00:00,efficientnet_b0__fold_3__clean_correct_weapon__clean__img_00012707,False,,,,,,case_bucket,clean_correct_weapon,3,,clean_correct_weapon,Clean weapon image correctly classified as weapon.,,efficientnet_b0,fold_3,clean,none,clean,weapon,weapon,0.9999775886535645,True,True,img_00012707,img_00012707,img_00012707,datasets/splits/clean/fold_3/weapon/img_00012707.jpg,,,,,,
efficientnet_b0_chapter5_core_candidates_per_bucket_500_manual_per_bucket_3_target_predicted_label_chapter5_separate_assets_final,2026-05-23T08:10:49+00:00,efficientnet_b0__fold_1__clean_correct_weapon__clean__img_00013565,False,,,,,,case_bucket,clean_correct_weapon,3,,clean_correct_weapon,Clean weapon image correctly classified as weapon.,,efficientnet_b0,fold_1,clean,none,clean,weapon,weapon,0.9999773502349854,True,True,img_00013565,img_00013565,img_00013565,datasets/splits/clean/fold_1/weapon/img_00013565.jpg,,,,,,
efficientnet_b0_chapter5_core_candidates_per_bucket_500_manual_per_bucket_3_target_predicted_label_chapter5_separate_assets_final,2026-05-23T08:10:49+00:00,efficientnet_b0__fold_5__clean_correct_weapon__clean__img_00000031,False,,,,,,case_bucket,clean_correct_weapon,3,,clean_correct_weapon,Clean weapon image correctly classified as weapon.,,efficientnet_b0,fold_5,clean,none,clean,weapon,weapon,0.9999749660491944,True,True,img_00000031,img_00000031,img_00000031,datasets/splits/clean/fold_5/weapon/img_00000031.jpeg,,,,,,
efficientnet_b0_chapter5_core_candidates_per_bucket_500_manual_per_bucket_3_target_predicted_label_chapter5_separate_assets_final,2026-05-23T08:10:49+00:00,efficientnet_b0__fold_1__clean_correct_weapon__clean__img_00000727,False,,,,,,case_bucket,clean_correct_weapon,3,,clean_correct_weapon,Clean weapon image correctly classified as weapon.,,efficientnet_b0,fold_1,clean,none,clean,weapon,weapon,0.9999746084213256,True,True,img_00000727,img_00000727,img_00000727,datasets/splits/clean/fold_1/weapon/img_00000727.jpg,,,,,,
efficientnet_b0_chapter5_core_candidates_per_bucket_500_manual_per_bucket_3_target_predicted_label_chapter5_separate_assets_final,2026-05-23T08:10:49+00:00,efficientnet_b0__fold_3__clean_correct_weapon__clean__img_00012954,False,,,,,,case_bucket,clean_correct_weapon,3,,clean_correct_weapon,Clean weapon image correctly classified as weapon.,,efficientnet_b0,fold_3,clean,none,clean,weapon,weapon,0.9999730587005616,True,True,img_00012954,img_00012954,img_00012954,datasets/splits/clean/fold_3/weapon/img_00012954.jpg,,,,,,
efficientnet_b0_chapter5_core_candidates_per_bucket_500_manual_per_bucket_3_target_predicted_label_chapter5_separate_assets_final,2026-05-23T08:10:49+00:00,efficientnet_b0__fold_1__clean_correct_weapon__clean__img_00000159,False,,,,,,case_bucket,clean_correct_weapon,3,,clean_correct_weapon,Clean weapon image correctly classified as weapon.,,efficientnet_b0,fold_1,clean,none,clean,weapon,weapon,0.999971866607666,True,True,img_00000159,img_00000159,img_00000159,datasets/splits/clean/fold_1/weapon/img_00000159.jpeg,,,,,,
efficientnet_b0_chapter5_core_candidates_per_bucket_500_manual_per_bucket_3_target_predicted_label_chapter5_separate_assets_final,2026-05-23T08:10:49+00:00,efficientnet_b0__fold_4__clean_correct_weapon__clean__img_00013576,False,,,,,,case_bucket,clean_correct_weapon,3,,clean_correct_weapon,Clean weapon image correctly classified as weapon.,,efficientnet_b0,fold_4,clean,none,clean,weapon,weapon,0.99997079372406,True,True,img_00013576,img_00013576,img_00013576,datasets/splits/clean/fold_4/weapon/img_00013576.jpg,,,,,,
efficientnet_b0_chapter5_core_candidates_per_bucket_500_manual_per_bucket_3_target_predicted_label_chapter5_separate_assets_final,2026-05-23T08:10:49+00:00,efficientnet_b0__fold_2__clean_correct_weapon__clean__img_00000165,False,,,,,,case_bucket,clean_correct_weapon,3,,clean_correct_weapon,Clean weapon image correctly classified as weapon.,,efficientnet_b0,fold_2,clean,none,clean,weapon,weapon,0.999970555305481,True,True,img_00000165,img_00000165,img_00000165,datasets/splits/clean/fold_2/weapon/img_00000165.jpeg,,,,,,
efficientnet_b0_chapter5_core_candidates_per_bucket_500_manual_per_bucket_3_target_predicted_label_chapter5_separate_assets_final,2026-05-23T08:10:49+00:00,efficientnet_b0__fold_5__clean_correct_weapon__clean__img_00012909,False,,,,,,case_bucket,clean_correct_weapon,3,,clean_correct_weapon,Clean weapon image correctly classified as weapon.,,efficientnet_b0,fold_5,clean,none,clean,weapon,weapon,0.99996817111969,True,True,img_00012909,img_00012909,img_00012909,datasets/splits/clean/fold_5/weapon/img_00012909.jpg,,,,,,
efficientnet_b0_chapter5_core_candidates_per_bucket_500_manual_per_bucket_3_target_predicted_label_chapter5_separate_assets_final,2026-05-23T08:10:49+00:00,efficientnet_b0__fold_3__clean_correct_weapon__clean__img_00013552,False,,,,,,case_bucket,clean_correct_weapon,3,,clean_correct_weapon,Clean weapon image correctly classified as weapon.,,efficientnet_b0,fold_3,clean,none,clean,weapon,weapon,0.9999676942825316,True,True,img_00013552,img_00013552,img_00013552,datasets/splits/clean/fold_3/weapon/img_00013552.jpg,,,,,,
efficientnet_b0_chapter5_core_candidates_per_bucket_500_manual_per_bucket_3_target_predicted_label_chapter5_separate_assets_final,2026-05-23T08:10:49+00:00,efficientnet_b0__fold_4__clean_correct_weapon__clean__img_00013592,False,,,,,,case_bucket,clean_correct_weapon,3,,clean_correct_weapon,Clean weapon image correctly classified as weapon.,,efficientnet_b0,fold_4,clean,none,clean,weapon,weapon,0.9999655485153198,True,True,img_00013592,img_00013592,img_00013592,datasets/splits/clean/fold_4/weapon/img_00013592.jpg,,,,,,
efficientnet_b0_chapter5_core_candidates_per_bucket_500_manual_per_bucket_3_target_predicted_label_chapter5_separate_assets_final,2026-05-23T08:10:49+00:00,efficientnet_b0__fold_1__clean_correct_weapon__clean__img_00000148,False,,,,,,case_bucket,clean_correct_weapon,3,,clean_correct_weapon,Clean weapon image correctly classified as weapon.,,efficientnet_b0,fold_1,clean,none,clean,weapon,weapon,0.9999626874923706,True,True,img_00000148,img_00000148,img_00000148,datasets/splits/clean/fold_1/weapon/img_00000148.jpeg,,,,,,
efficientnet_b0_chapter5_core_candidates_per_bucket_500_manual_per_bucket_3_target_predicted_label_chapter5_separate_assets_final,2026-05-23T08:10:49+00:00,efficientnet_b0__fold_2__clean_correct_weapon__clean__img_00000471,False,,,,,,case_bucket,clean_correct_weapon,3,,clean_correct_weapon,Clean weapon image correctly classified as weapon.,,efficientnet_b0,fold_2,clean,none,clean,weapon,weapon,0.9999626874923706,True,True,img_00000471,img_00000471,img_00000471,datasets/splits/clean/fold_2/weapon/img_00000471.jpg,,,,,,
efficientnet_b0_chapter5_core_candidates_per_bucket_500_manual_per_bucket_3_target_predicted_label_chapter5_separate_assets_final,2026-05-23T08:10:49+00:00,efficientnet_b0__fold_4__clean_correct_weapon__clean__img_00014376,False,,,,,,case_bucket,clean_correct_weapon,3,,clean_correct_weapon,Clean weapon image correctly classified as weapon.,,efficientnet_b0,fold_4,clean,none,clean,weapon,weapon,0.9999618530273438,True,True,img_00014376,img_00014376,img_00014376,datasets/splits/clean/fold_4/weapon/img_00014376.jpeg,,,,,,
efficientnet_b0_chapter5_core_candidates_per_bucket_500_manual_per_bucket_3_target_predicted_label_chapter5_separate_assets_final,2026-05-23T08:10:49+00:00,efficientnet_b0__fold_4__clean_correct_weapon__clean__img_00014421,False,,,,,,case_bucket,clean_correct_weapon,3,,clean_correct_weapon,Clean weapon image correctly classified as weapon.,,efficientnet_b0,fold_4,clean,none,clean,weapon,weapon,0.9999600648880004,True,True,img_00014421,img_00014421,img_00014421,datasets/splits/clean/fold_4/weapon/img_00014421.jpeg,,,,,,
efficientnet_b0_chapter5_core_candidates_per_bucket_500_manual_per_bucket_3_target_predicted_label_chapter5_separate_assets_final,2026-05-23T08:10:49+00:00,efficientnet_b0__fold_2__clean_correct_weapon__clean__img_00012705,False,,,,,,case_bucket,clean_correct_weapon,3,,clean_correct_weapon,Clean weapon image correctly classified as weapon.,,efficientnet_b0,fold_2,clean,none,clean,weapon,weapon,0.9999589920043944,True,True,img_00012705,img_00012705,img_00012705,datasets/splits/clean/fold_2/weapon/img_00012705.jpg,,,,,,
efficientnet_b0_chapter5_core_candidates_per_bucket_500_manual_per_bucket_3_target_predicted_label_chapter5_separate_assets_final,2026-05-23T08:10:49+00:00,efficientnet_b0__fold_3__clean_correct_weapon__clean__img_00012699,False,,,,,,case_bucket,clean_correct_weapon,3,,clean_correct_weapon,Clean weapon image correctly classified as weapon.,,efficientnet_b0,fold_3,clean,none,clean,weapon,weapon,0.999957799911499,True,True,img_00012699,img_00012699,img_00012699,datasets/splits/clean/fold_3/weapon/img_00012699.jpg,,,,,,
efficientnet_b0_chapter5_core_candidates_per_bucket_500_manual_per_bucket_3_target_predicted_label_chapter5_separate_assets_final,2026-05-23T08:10:49+00:00,efficientnet_b0__fold_4__clean_correct_weapon__clean__img_00013623,False,,,,,,case_bucket,clean_correct_weapon,3,,clean_correct_weapon,Clean weapon image correctly classified as weapon.,,efficientnet_b0,fold_4,clean,none,clean,weapon,weapon,0.9999529123306274,True,True,img_00013623,img_00013623,img_00013623,datasets/splits/clean/fold_4/weapon/img_00013623.jpg,,,,,,
efficientnet_b0_chapter5_core_candidates_per_bucket_500_manual_per_bucket_3_target_predicted_label_chapter5_separate_assets_final,2026-05-23T08:10:49+00:00,efficientnet_b0__fold_1__clean_correct_weapon__clean__img_00014495,False,,,,,,case_bucket,clean_correct_weapon,3,,clean_correct_weapon,Clean weapon image correctly classified as weapon.,,efficientnet_b0,fold_1,clean,none,clean,weapon,weapon,0.9999525547027588,True,True,img_00014495,img_00014495,img_00014495,datasets/splits/clean/fold_1/weapon/img_00014495.jpeg,,,,,,
efficientnet_b0_chapter5_core_candidates_per_bucket_500_manual_per_bucket_3_target_predicted_label_chapter5_separate_assets_final,2026-05-23T08:10:49+00:00,efficientnet_b0__fold_2__clean_correct_weapon__clean__img_00013529,False,,,,,,case_bucket,clean_correct_weapon,3,,clean_correct_weapon,Clean weapon image correctly classified as weapon.,,efficientnet_b0,fold_2,clean,none,clean,weapon,weapon,0.9999500513076782,True,True,img_00013529,img_00013529,img_00013529,datasets/splits/clean/fold_2/weapon/img_00013529.jpg,,,,,,
efficientnet_b0_chapter5_core_candidates_per_bucket_500_manual_per_bucket_3_target_predicted_label_chapter5_separate_assets_final,2026-05-23T08:10:49+00:00,efficientnet_b0__fold_2__clean_correct_weapon__clean__img_00000647,False,,,,,,case_bucket,clean_correct_weapon,3,,clean_correct_weapon,Clean weapon image correctly classified as weapon.,,efficientnet_b0,fold_2,clean,none,clean,weapon,weapon,0.9999496936798096,True,True,img_00000647,img_00000647,img_00000647,datasets/splits/clean/fold_2/weapon/img_00000647.jpg,,,,,,
efficientnet_b0_chapter5_core_candidates_per_bucket_500_manual_per_bucket_3_target_predicted_label_chapter5_separate_assets_final,2026-05-23T08:10:49+00:00,efficientnet_b0__fold_5__clean_correct_weapon__clean__img_00013628,False,,,,,,case_bucket,clean_correct_weapon,3,,clean_correct_weapon,Clean weapon image correctly classified as weapon.,,efficientnet_b0,fold_5,clean,none,clean,weapon,weapon,0.999947190284729,True,True,img_00013628,img_00013628,img_00013628,datasets/splits/clean/fold_5/weapon/img_00013628.jpg,,,,,,
efficientnet_b0_chapter5_core_candidates_per_bucket_500_manual_per_bucket_3_target_predicted_label_chapter5_separate_assets_final,2026-05-23T08:10:49+00:00,efficientnet_b0__fold_1__clean_correct_weapon__clean__img_00000004,False,,,,,,case_bucket,clean_correct_weapon,3,,clean_correct_weapon,Clean weapon image correctly classified as weapon.,,efficientnet_b0,fold_1,clean,none,clean,weapon,weapon,0.9999464750289916,True,True,img_00000004,img_00000004,img_00000004,datasets/splits/clean/fold_1/weapon/img_00000004.jpg,,,,,,
efficientnet_b0_chapter5_core_candidates_per_bucket_500_manual_per_bucket_3_target_predicted_label_chapter5_separate_assets_final,2026-05-23T08:10:49+00:00,efficientnet_b0__fold_2__clean_correct_weapon__clean__img_00014413,False,,,,,,case_bucket,clean_correct_weapon,3,,clean_correct_weapon,Clean weapon image correctly classified as weapon.,,efficientnet_b0,fold_2,clean,none,clean,weapon,weapon,0.999945878982544,True,True,img_00014413,img_00014413,img_00014413,datasets/splits/clean/fold_2/weapon/img_00014413.webp,,,,,,
efficientnet_b0_chapter5_core_candidates_per_bucket_500_manual_per_bucket_3_target_predicted_label_chapter5_separate_assets_final,2026-05-23T08:10:49+00:00,efficientnet_b0__fold_4__clean_correct_weapon__clean__img_00000332,False,,,,,,case_bucket,clean_correct_weapon,3,,clean_correct_weapon,Clean weapon image correctly classified as weapon.,,efficientnet_b0,fold_4,clean,none,clean,weapon,weapon,0.999943733215332,True,True,img_00000332,img_00000332,img_00000332,datasets/splits/clean/fold_4/weapon/img_00000332.jpeg,,,,,,
efficientnet_b0_chapter5_core_candidates_per_bucket_500_manual_per_bucket_3_target_predicted_label_chapter5_separate_assets_final,2026-05-23T08:10:49+00:00,efficientnet_b0__fold_4__clean_correct_weapon__clean__img_00013546,False,,,,,,case_bucket,clean_correct_weapon,3,,clean_correct_weapon,Clean weapon image correctly classified as weapon.,,efficientnet_b0,fold_4,clean,none,clean,weapon,weapon,0.9999436140060424,True,True,img_00013546,img_00013546,img_00013546,datasets/splits/clean/fold_4/weapon/img_00013546.jpg,,,,,,
efficientnet_b0_chapter5_core_candidates_per_bucket_500_manual_per_bucket_3_target_predicted_label_chapter5_separate_assets_final,2026-05-23T08:10:49+00:00,efficientnet_b0__fold_2__clean_correct_weapon__clean__img_00013602,False,,,,,,case_bucket,clean_correct_weapon,3,,clean_correct_weapon,Clean weapon image correctly classified as weapon.,,efficientnet_b0,fold_2,clean,none,clean,weapon,weapon,0.9999434947967528,True,True,img_00013602,img_00013602,img_00013602,datasets/splits/clean/fold_2/weapon/img_00013602.jpg,,,,,,
efficientnet_b0_chapter5_core_candidates_per_bucket_500_manual_per_bucket_3_target_predicted_label_chapter5_separate_assets_final,2026-05-23T08:10:49+00:00,efficientnet_b0__fold_2__clean_correct_weapon__clean__img_00014417,False,,,,,,case_bucket,clean_correct_weapon,3,,clean_correct_weapon,Clean weapon image correctly classified as weapon.,,efficientnet_b0,fold_2,clean,none,clean,weapon,weapon,0.9999407529830932,True,True,img_00014417,img_00014417,img_00014417,datasets/splits/clean/fold_2/weapon/img_00014417.jpeg,,,,,,
efficientnet_b0_chapter5_core_candidates_per_bucket_500_manual_per_bucket_3_target_predicted_label_chapter5_separate_assets_final,2026-05-23T08:10:49+00:00,efficientnet_b0__fold_3__clean_correct_weapon__clean__img_00000142,False,,,,,,case_bucket,clean_correct_weapon,3,,clean_correct_weapon,Clean weapon image correctly classified as weapon.,,efficientnet_b0,fold_3,clean,none,clean,weapon,weapon,0.9999394416809082,True,True,img_00000142,img_00000142,img_00000142,datasets/splits/clean/fold_3/weapon/img_00000142.jpeg,,,,,,
efficientnet_b0_chapter5_core_candidates_per_bucket_500_manual_per_bucket_3_target_predicted_label_chapter5_separate_assets_final,2026-05-23T08:10:49+00:00,efficientnet_b0__fold_3__clean_correct_weapon__clean__img_00013119,False,,,,,,case_bucket,clean_correct_weapon,3,,clean_correct_weapon,Clean weapon image correctly classified as weapon.,,efficientnet_b0,fold_3,clean,none,clean,weapon,weapon,0.9999382495880128,True,True,img_00013119,img_00013119,img_00013119,datasets/splits/clean/fold_3/weapon/img_00013119.jpg,,,,,,
efficientnet_b0_chapter5_core_candidates_per_bucket_500_manual_per_bucket_3_target_predicted_label_chapter5_separate_assets_final,2026-05-23T08:10:49+00:00,efficientnet_b0__fold_3__clean_correct_weapon__clean__img_00014433,False,,,,,,case_bucket,clean_correct_weapon,3,,clean_correct_weapon,Clean weapon image correctly classified as weapon.,,efficientnet_b0,fold_3,clean,none,clean,weapon,weapon,0.999937891960144,True,True,img_00014433,img_00014433,img_00014433,datasets/splits/clean/fold_3/weapon/img_00014433.jpeg,,,,,,
efficientnet_b0_chapter5_core_candidates_per_bucket_500_manual_per_bucket_3_target_predicted_label_chapter5_separate_assets_final,2026-05-23T08:10:49+00:00,efficientnet_b0__fold_1__clean_correct_weapon__clean__img_00000236,False,,,,,,case_bucket,clean_correct_weapon,3,,clean_correct_weapon,Clean weapon image correctly classified as weapon.,,efficientnet_b0,fold_1,clean,none,clean,weapon,weapon,0.9999353885650636,True,True,img_00000236,img_00000236,img_00000236,datasets/splits/clean/fold_1/weapon/img_00000236.png,,,,,,
efficientnet_b0_chapter5_core_candidates_per_bucket_500_manual_per_bucket_3_target_predicted_label_chapter5_separate_assets_final,2026-05-23T08:10:49+00:00,efficientnet_b0__fold_5__clean_correct_weapon__clean__img_00012898,False,,,,,,case_bucket,clean_correct_weapon,3,,clean_correct_weapon,Clean weapon image correctly classified as weapon.,,efficientnet_b0,fold_5,clean,none,clean,weapon,weapon,0.999935269355774,True,True,img_00012898,img_00012898,img_00012898,datasets/splits/clean/fold_5/weapon/img_00012898.jpg,,,,,,
efficientnet_b0_chapter5_core_candidates_per_bucket_500_manual_per_bucket_3_target_predicted_label_chapter5_separate_assets_final,2026-05-23T08:10:49+00:00,efficientnet_b0__fold_5__clean_correct_weapon__clean__img_00012688,False,,,,,,case_bucket,clean_correct_weapon,3,,clean_correct_weapon,Clean weapon image correctly classified as weapon.,,efficientnet_b0,fold_5,clean,none,clean,weapon,weapon,0.9999351501464844,True,True,img_00012688,img_00012688,img_00012688,datasets/splits/clean/fold_5/weapon/img_00012688.jpg,,,,,,
efficientnet_b0_chapter5_core_candidates_per_bucket_500_manual_per_bucket_3_target_predicted_label_chapter5_separate_assets_final,2026-05-23T08:10:49+00:00,efficientnet_b0__fold_1__clean_correct_weapon__clean__img_00003526,False,,,,,,case_bucket,clean_correct_weapon,3,,clean_correct_weapon,Clean weapon image correctly classified as weapon.,,efficientnet_b0,fold_1,clean,none,clean,weapon,weapon,0.9999338388442992,True,True,img_00003526,img_00003526,img_00003526,datasets/splits/clean/fold_1/weapon/img_00003526.jpg,,,,,,
efficientnet_b0_chapter5_core_candidates_per_bucket_500_manual_per_bucket_3_target_predicted_label_chapter5_separate_assets_final,2026-05-23T08:10:49+00:00,efficientnet_b0__fold_3__clean_correct_weapon__clean__img_00000695,False,,,,,,case_bucket,clean_correct_weapon,3,,clean_correct_weapon,Clean weapon image correctly classified as weapon.,,efficientnet_b0,fold_3,clean,none,clean,weapon,weapon,0.9999336004257202,True,True,img_00000695,img_00000695,img_00000695,datasets/splits/clean/fold_3/weapon/img_00000695.jpg,,,,,,
efficientnet_b0_chapter5_core_candidates_per_bucket_500_manual_per_bucket_3_target_predicted_label_chapter5_separate_assets_final,2026-05-23T08:10:49+00:00,efficientnet_b0__fold_1__clean_correct_weapon__clean__img_00013575,False,,,,,,case_bucket,clean_correct_weapon,3,,clean_correct_weapon,Clean weapon image correctly classified as weapon.,,efficientnet_b0,fold_1,clean,none,clean,weapon,weapon,0.9999324083328248,True,True,img_00013575,img_00013575,img_00013575,datasets/splits/clean/fold_1/weapon/img_00013575.jpg,,,,,,
efficientnet_b0_chapter5_core_candidates_per_bucket_500_manual_per_bucket_3_target_predicted_label_chapter5_separate_assets_final,2026-05-23T08:10:49+00:00,efficientnet_b0__fold_4__clean_correct_weapon__clean__img_00013544,False,,,,,,case_bucket,clean_correct_weapon,3,,clean_correct_weapon,Clean weapon image correctly classified as weapon.,,efficientnet_b0,fold_4,clean,none,clean,weapon,weapon,0.9999324083328248,True,True,img_00013544,img_00013544,img_00013544,datasets/splits/clean/fold_4/weapon/img_00013544.jpg,,,,,,
efficientnet_b0_chapter5_core_candidates_per_bucket_500_manual_per_bucket_3_target_predicted_label_chapter5_separate_assets_final,2026-05-23T08:10:49+00:00,efficientnet_b0__fold_1__clean_correct_weapon__clean__img_00000532,False,,,,,,case_bucket,clean_correct_weapon,3,,clean_correct_weapon,Clean weapon image correctly classified as weapon.,,efficientnet_b0,fold_1,clean,none,clean,weapon,weapon,0.9999316930770874,True,True,img_00000532,img_00000532,img_00000532,datasets/splits/clean/fold_1/weapon/img_00000532.jpg,,,,,,
efficientnet_b0_chapter5_core_candidates_per_bucket_500_manual_per_bucket_3_target_predicted_label_chapter5_separate_assets_final,2026-05-23T08:10:49+00:00,efficientnet_b0__fold_5__clean_correct_weapon__clean__img_00012972,False,,,,,,case_bucket,clean_correct_weapon,3,,clean_correct_weapon,Clean weapon image correctly classified as weapon.,,efficientnet_b0,fold_5,clean,none,clean,weapon,weapon,0.9999313354492188,True,True,img_00012972,img_00012972,img_00012972,datasets/splits/clean/fold_5/weapon/img_00012972.jpg,,,,,,
efficientnet_b0_chapter5_core_candidates_per_bucket_500_manual_per_bucket_3_target_predicted_label_chapter5_separate_assets_final,2026-05-23T08:10:49+00:00,efficientnet_b0__fold_4__clean_correct_weapon__clean__img_00013606,False,,,,,,case_bucket,clean_correct_weapon,3,,clean_correct_weapon,Clean weapon image correctly classified as weapon.,,efficientnet_b0,fold_4,clean,none,clean,weapon,weapon,0.9999303817749025,True,True,img_00013606,img_00013606,img_00013606,datasets/splits/clean/fold_4/weapon/img_00013606.jpg,,,,,,
efficientnet_b0_chapter5_core_candidates_per_bucket_500_manual_per_bucket_3_target_predicted_label_chapter5_separate_assets_final,2026-05-23T08:10:49+00:00,efficientnet_b0__fold_5__clean_correct_weapon__clean__img_00014401,False,,,,,,case_bucket,clean_correct_weapon,3,,clean_correct_weapon,Clean weapon image correctly classified as weapon.,,efficientnet_b0,fold_5,clean,none,clean,weapon,weapon,0.9999275207519532,True,True,img_00014401,img_00014401,img_00014401,datasets/splits/clean/fold_5/weapon/img_00014401.webp,,,,,,
efficientnet_b0_chapter5_core_candidates_per_bucket_500_manual_per_bucket_3_target_predicted_label_chapter5_separate_assets_final,2026-05-23T08:10:49+00:00,efficientnet_b0__fold_1__clean_correct_weapon__clean__img_00013574,False,,,,,,case_bucket,clean_correct_weapon,3,,clean_correct_weapon,Clean weapon image correctly classified as weapon.,,efficientnet_b0,fold_1,clean,none,clean,weapon,weapon,0.999926209449768,True,True,img_00013574,img_00013574,img_00013574,datasets/splits/clean/fold_1/weapon/img_00013574.jpg,,,,,,
efficientnet_b0_chapter5_core_candidates_per_bucket_500_manual_per_bucket_3_target_predicted_label_chapter5_separate_assets_final,2026-05-23T08:10:49+00:00,efficientnet_b0__fold_4__clean_correct_weapon__clean__img_00010550,False,,,,,,case_bucket,clean_correct_weapon,3,,clean_correct_weapon,Clean weapon image correctly classified as weapon.,,efficientnet_b0,fold_4,clean,none,clean,weapon,weapon,0.9999244213104248,True,True,img_00010550,img_00010550,img_00010550,datasets/splits/clean/fold_4/weapon/img_00010550.jpg,,,,,,
efficientnet_b0_chapter5_core_candidates_per_bucket_500_manual_per_bucket_3_target_predicted_label_chapter5_separate_assets_final,2026-05-23T08:10:49+00:00,efficientnet_b0__fold_3__clean_correct_weapon__clean__img_00014430,False,,,,,,case_bucket,clean_correct_weapon,3,,clean_correct_weapon,Clean weapon image correctly classified as weapon.,,efficientnet_b0,fold_3,clean,none,clean,weapon,weapon,0.9999239444732666,True,True,img_00014430,img_00014430,img_00014430,datasets/splits/clean/fold_3/weapon/img_00014430.jpeg,,,,,,
efficientnet_b0_chapter5_core_candidates_per_bucket_500_manual_per_bucket_3_target_predicted_label_chapter5_separate_assets_final,2026-05-23T08:10:49+00:00,efficientnet_b0__fold_5__clean_correct_weapon__clean__img_00008542,False,,,,,,case_bucket,clean_correct_weapon,3,,clean_correct_weapon,Clean weapon image correctly classified as weapon.,,efficientnet_b0,fold_5,clean,none,clean,weapon,weapon,0.999923586845398,True,True,img_00008542,img_00008542,img_00008542,datasets/splits/clean/fold_5/weapon/img_00008542.jpg,,,,,,
efficientnet_b0_chapter5_core_candidates_per_bucket_500_manual_per_bucket_3_target_predicted_label_chapter5_separate_assets_final,2026-05-23T08:10:49+00:00,efficientnet_b0__fold_1__clean_correct_weapon__clean__img_00000604,False,,,,,,case_bucket,clean_correct_weapon,3,,clean_correct_weapon,Clean weapon image correctly classified as weapon.,,efficientnet_b0,fold_1,clean,none,clean,weapon,weapon,0.9999219179153442,True,True,img_00000604,img_00000604,img_00000604,datasets/splits/clean/fold_1/weapon/img_00000604.jpg,,,,,,
efficientnet_b0_chapter5_core_candidates_per_bucket_500_manual_per_bucket_3_target_predicted_label_chapter5_separate_assets_final,2026-05-23T08:10:49+00:00,efficientnet_b0__fold_2__clean_correct_weapon__clean__img_00000138,False,,,,,,case_bucket,clean_correct_weapon,3,,clean_correct_weapon,Clean weapon image correctly classified as weapon.,,efficientnet_b0,fold_2,clean,none,clean,weapon,weapon,0.9999207258224488,True,True,img_00000138,img_00000138,img_00000138,datasets/splits/clean/fold_2/weapon/img_00000138.jpeg,,,,,,
efficientnet_b0_chapter5_core_candidates_per_bucket_500_manual_per_bucket_3_target_predicted_label_chapter5_separate_assets_final,2026-05-23T08:10:49+00:00,efficientnet_b0__fold_4__clean_correct_weapon__clean__img_00012698,False,,,,,,case_bucket,clean_correct_weapon,3,,clean_correct_weapon,Clean weapon image correctly classified as weapon.,,efficientnet_b0,fold_4,clean,none,clean,weapon,weapon,0.999919056892395,True,True,img_00012698,img_00012698,img_00012698,datasets/splits/clean/fold_4/weapon/img_00012698.png,,,,,,
efficientnet_b0_chapter5_core_candidates_per_bucket_500_manual_per_bucket_3_target_predicted_label_chapter5_separate_assets_final,2026-05-23T08:10:49+00:00,efficientnet_b0__fold_2__clean_correct_weapon__clean__img_00014365,False,,,,,,case_bucket,clean_correct_weapon,3,,clean_correct_weapon,Clean weapon image correctly classified as weapon.,,efficientnet_b0,fold_2,clean,none,clean,weapon,weapon,0.9999183416366576,True,True,img_00014365,img_00014365,img_00014365,datasets/splits/clean/fold_2/weapon/img_00014365.jpeg,,,,,,
efficientnet_b0_chapter5_core_candidates_per_bucket_500_manual_per_bucket_3_target_predicted_label_chapter5_separate_assets_final,2026-05-23T08:10:49+00:00,efficientnet_b0__fold_5__clean_correct_weapon__clean__img_00013643,False,,,,,,case_bucket,clean_correct_weapon,3,,clean_correct_weapon,Clean weapon image correctly classified as weapon.,,efficientnet_b0,fold_5,clean,none,clean,weapon,weapon,0.9999091625213624,True,True,img_00013643,img_00013643,img_00013643,datasets/splits/clean/fold_5/weapon/img_00013643.jpg,,,,,,
efficientnet_b0_chapter5_core_candidates_per_bucket_500_manual_per_bucket_3_target_predicted_label_chapter5_separate_assets_final,2026-05-23T08:10:49+00:00,efficientnet_b0__fold_1__clean_correct_weapon__clean__img_00001143,False,,,,,,case_bucket,clean_correct_weapon,3,,clean_correct_weapon,Clean weapon image correctly classified as weapon.,,efficientnet_b0,fold_1,clean,none,clean,weapon,weapon,0.9999080896377563,True,True,img_00001143,img_00001143,img_00001143,datasets/splits/clean/fold_1/weapon/img_00001143.jpg,,,,,,
efficientnet_b0_chapter5_core_candidates_per_bucket_500_manual_per_bucket_3_target_predicted_label_chapter5_separate_assets_final,2026-05-23T08:10:49+00:00,efficientnet_b0__fold_4__clean_correct_weapon__clean__img_00012689,False,,,,,,case_bucket,clean_correct_weapon,3,,clean_correct_weapon,Clean weapon image correctly classified as weapon.,,efficientnet_b0,fold_4,clean,none,clean,weapon,weapon,0.999906063079834,True,True,img_00012689,img_00012689,img_00012689,datasets/splits/clean/fold_4/weapon/img_00012689.jpg,,,,,,
efficientnet_b0_chapter5_core_candidates_per_bucket_500_manual_per_bucket_3_target_predicted_label_chapter5_separate_assets_final,2026-05-23T08:10:49+00:00,efficientnet_b0__fold_3__clean_correct_weapon__clean__img_00004531,False,,,,,,case_bucket,clean_correct_weapon,3,,clean_correct_weapon,Clean weapon image correctly classified as weapon.,,efficientnet_b0,fold_3,clean,none,clean,weapon,weapon,0.9999045133590698,True,True,img_00004531,img_00004531,img_00004531,datasets/splits/clean/fold_3/weapon/img_00004531.jpg,,,,,,
efficientnet_b0_chapter5_core_candidates_per_bucket_500_manual_per_bucket_3_target_predicted_label_chapter5_separate_assets_final,2026-05-23T08:10:49+00:00,efficientnet_b0__fold_3__clean_correct_weapon__clean__img_00004530,False,,,,,,case_bucket,clean_correct_weapon,3,,clean_correct_weapon,Clean weapon image correctly classified as weapon.,,efficientnet_b0,fold_3,clean,none,clean,weapon,weapon,0.999901533126831,True,True,img_00004530,img_00004530,img_00004530,datasets/splits/clean/fold_3/weapon/img_00004530.jpg,,,,,,
efficientnet_b0_chapter5_core_candidates_per_bucket_500_manual_per_bucket_3_target_predicted_label_chapter5_separate_assets_final,2026-05-23T08:10:49+00:00,efficientnet_b0__fold_1__clean_correct_weapon__clean__img_00000144,False,,,,,,case_bucket,clean_correct_weapon,3,,clean_correct_weapon,Clean weapon image correctly classified as weapon.,,efficientnet_b0,fold_1,clean,none,clean,weapon,weapon,0.9999008178710938,True,True,img_00000144,img_00000144,img_00000144,datasets/splits/clean/fold_1/weapon/img_00000144.jpeg,,,,,,
efficientnet_b0_chapter5_core_candidates_per_bucket_500_manual_per_bucket_3_target_predicted_label_chapter5_separate_assets_final,2026-05-23T08:10:49+00:00,efficientnet_b0__fold_2__clean_correct_weapon__clean__img_00000273,False,,,,,,case_bucket,clean_correct_weapon,3,,clean_correct_weapon,Clean weapon image correctly classified as weapon.,,efficientnet_b0,fold_2,clean,none,clean,weapon,weapon,0.9998999834060668,True,True,img_00000273,img_00000273,img_00000273,datasets/splits/clean/fold_2/weapon/img_00000273.jpeg,,,,,,
efficientnet_b0_chapter5_core_candidates_per_bucket_500_manual_per_bucket_3_target_predicted_label_chapter5_separate_assets_final,2026-05-23T08:10:49+00:00,efficientnet_b0__fold_2__clean_correct_weapon__clean__img_00013547,False,,,,,,case_bucket,clean_correct_weapon,3,,clean_correct_weapon,Clean weapon image correctly classified as weapon.,,efficientnet_b0,fold_2,clean,none,clean,weapon,weapon,0.9998984336853028,True,True,img_00013547,img_00013547,img_00013547,datasets/splits/clean/fold_2/weapon/img_00013547.jpg,,,,,,
efficientnet_b0_chapter5_core_candidates_per_bucket_500_manual_per_bucket_3_target_predicted_label_chapter5_separate_assets_final,2026-05-23T08:10:49+00:00,efficientnet_b0__fold_5__clean_correct_weapon__clean__img_00013538,False,,,,,,case_bucket,clean_correct_weapon,3,,clean_correct_weapon,Clean weapon image correctly classified as weapon.,,efficientnet_b0,fold_5,clean,none,clean,weapon,weapon,0.9998966455459596,True,True,img_00013538,img_00013538,img_00013538,datasets/splits/clean/fold_5/weapon/img_00013538.jpg,,,,,,
efficientnet_b0_chapter5_core_candidates_per_bucket_500_manual_per_bucket_3_target_predicted_label_chapter5_separate_assets_final,2026-05-23T08:10:49+00:00,efficientnet_b0__fold_5__clean_correct_weapon__clean__img_00014405,False,,,,,,case_bucket,clean_correct_weapon,3,,clean_correct_weapon,Clean weapon image correctly classified as weapon.,,efficientnet_b0,fold_5,clean,none,clean,weapon,weapon,0.9998960494995116,True,True,img_00014405,img_00014405,img_00014405,datasets/splits/clean/fold_5/weapon/img_00014405.webp,,,,,,
efficientnet_b0_chapter5_core_candidates_per_bucket_500_manual_per_bucket_3_target_predicted_label_chapter5_separate_assets_final,2026-05-23T08:10:49+00:00,efficientnet_b0__fold_4__clean_correct_weapon__clean__img_00013210,False,,,,,,case_bucket,clean_correct_weapon,3,,clean_correct_weapon,Clean weapon image correctly classified as weapon.,,efficientnet_b0,fold_4,clean,none,clean,weapon,weapon,0.9998959302902222,True,True,img_00013210,img_00013210,img_00013210,datasets/splits/clean/fold_4/weapon/img_00013210.png,,,,,,
efficientnet_b0_chapter5_core_candidates_per_bucket_500_manual_per_bucket_3_target_predicted_label_chapter5_separate_assets_final,2026-05-23T08:10:49+00:00,efficientnet_b0__fold_4__clean_correct_weapon__clean__img_00000482,False,,,,,,case_bucket,clean_correct_weapon,3,,clean_correct_weapon,Clean weapon image correctly classified as weapon.,,efficientnet_b0,fold_4,clean,none,clean,weapon,weapon,0.9998952150344848,True,True,img_00000482,img_00000482,img_00000482,datasets/splits/clean/fold_4/weapon/img_00000482.jpg,,,,,,
efficientnet_b0_chapter5_core_candidates_per_bucket_500_manual_per_bucket_3_target_predicted_label_chapter5_separate_assets_final,2026-05-23T08:10:49+00:00,efficientnet_b0__fold_5__clean_correct_weapon__clean__img_00013533,False,,,,,,case_bucket,clean_correct_weapon,3,,clean_correct_weapon,Clean weapon image correctly classified as weapon.,,efficientnet_b0,fold_5,clean,none,clean,weapon,weapon,0.9998947381973268,True,True,img_00013533,img_00013533,img_00013533,datasets/splits/clean/fold_5/weapon/img_00013533.jpg,,,,,,
efficientnet_b0_chapter5_core_candidates_per_bucket_500_manual_per_bucket_3_target_predicted_label_chapter5_separate_assets_final,2026-05-23T08:10:49+00:00,efficientnet_b0__fold_1__clean_correct_weapon__clean__img_00013130,False,,,,,,case_bucket,clean_correct_weapon,3,,clean_correct_weapon,Clean weapon image correctly classified as weapon.,,efficientnet_b0,fold_1,clean,none,clean,weapon,weapon,0.9998946189880372,True,True,img_00013130,img_00013130,img_00013130,datasets/splits/clean/fold_1/weapon/img_00013130.jpg,,,,,,
efficientnet_b0_chapter5_core_candidates_per_bucket_500_manual_per_bucket_3_target_predicted_label_chapter5_separate_assets_final,2026-05-23T08:10:49+00:00,efficientnet_b0__fold_5__clean_correct_weapon__clean__img_00013655,False,,,,,,case_bucket,clean_correct_weapon,3,,clean_correct_weapon,Clean weapon image correctly classified as weapon.,,efficientnet_b0,fold_5,clean,none,clean,weapon,weapon,0.9998944997787476,True,True,img_00013655,img_00013655,img_00013655,datasets/splits/clean/fold_5/weapon/img_00013655.jpg,,,,,,
efficientnet_b0_chapter5_core_candidates_per_bucket_500_manual_per_bucket_3_target_predicted_label_chapter5_separate_assets_final,2026-05-23T08:10:49+00:00,efficientnet_b0__fold_4__clean_correct_weapon__clean__img_00000143,False,,,,,,case_bucket,clean_correct_weapon,3,,clean_correct_weapon,Clean weapon image correctly classified as weapon.,,efficientnet_b0,fold_4,clean,none,clean,weapon,weapon,0.9998936653137208,True,True,img_00000143,img_00000143,img_00000143,datasets/splits/clean/fold_4/weapon/img_00000143.jpeg,,,,,,
efficientnet_b0_chapter5_core_candidates_per_bucket_500_manual_per_bucket_3_target_predicted_label_chapter5_separate_assets_final,2026-05-23T08:10:49+00:00,efficientnet_b0__fold_3__clean_correct_weapon__clean__img_00013652,False,,,,,,case_bucket,clean_correct_weapon,3,,clean_correct_weapon,Clean weapon image correctly classified as weapon.,,efficientnet_b0,fold_3,clean,none,clean,weapon,weapon,0.9998880624771118,True,True,img_00013652,img_00013652,img_00013652,datasets/splits/clean/fold_3/weapon/img_00013652.jpg,,,,,,
efficientnet_b0_chapter5_core_candidates_per_bucket_500_manual_per_bucket_3_target_predicted_label_chapter5_separate_assets_final,2026-05-23T08:10:49+00:00,efficientnet_b0__fold_1__clean_correct_weapon__clean__img_00013597,False,,,,,,case_bucket,clean_correct_weapon,3,,clean_correct_weapon,Clean weapon image correctly classified as weapon.,,efficientnet_b0,fold_1,clean,none,clean,weapon,weapon,0.9998878240585328,True,True,img_00013597,img_00013597,img_00013597,datasets/splits/clean/fold_1/weapon/img_00013597.jpg,,,,,,
efficientnet_b0_chapter5_core_candidates_per_bucket_500_manual_per_bucket_3_target_predicted_label_chapter5_separate_assets_final,2026-05-23T08:10:49+00:00,efficientnet_b0__fold_2__clean_correct_weapon__clean__img_00014414,False,,,,,,case_bucket,clean_correct_weapon,3,,clean_correct_weapon,Clean weapon image correctly classified as weapon.,,efficientnet_b0,fold_2,clean,none,clean,weapon,weapon,0.9998855590820312,True,True,img_00014414,img_00014414,img_00014414,datasets/splits/clean/fold_2/weapon/img_00014414.jpeg,,,,,,
efficientnet_b0_chapter5_core_candidates_per_bucket_500_manual_per_bucket_3_target_predicted_label_chapter5_separate_assets_final,2026-05-23T08:10:49+00:00,efficientnet_b0__fold_2__clean_correct_weapon__clean__img_00014473,False,,,,,,case_bucket,clean_correct_weapon,3,,clean_correct_weapon,Clean weapon image correctly classified as weapon.,,efficientnet_b0,fold_2,clean,none,clean,weapon,weapon,0.9998812675476074,True,True,img_00014473,img_00014473,img_00014473,datasets/splits/clean/fold_2/weapon/img_00014473.jpeg,,,,,,
efficientnet_b0_chapter5_core_candidates_per_bucket_500_manual_per_bucket_3_target_predicted_label_chapter5_separate_assets_final,2026-05-23T08:10:49+00:00,efficientnet_b0__fold_2__clean_correct_weapon__clean__img_00000694,False,,,,,,case_bucket,clean_correct_weapon,3,,clean_correct_weapon,Clean weapon image correctly classified as weapon.,,efficientnet_b0,fold_2,clean,none,clean,weapon,weapon,0.9998764991760254,True,True,img_00000694,img_00000694,img_00000694,datasets/splits/clean/fold_2/weapon/img_00000694.jpg,,,,,,
efficientnet_b0_chapter5_core_candidates_per_bucket_500_manual_per_bucket_3_target_predicted_label_chapter5_separate_assets_final,2026-05-23T08:10:49+00:00,efficientnet_b0__fold_2__clean_correct_weapon__clean__img_00001523,False,,,,,,case_bucket,clean_correct_weapon,3,,clean_correct_weapon,Clean weapon image correctly classified as weapon.,,efficientnet_b0,fold_2,clean,none,clean,weapon,weapon,0.9998750686645508,True,True,img_00001523,img_00001523,img_00001523,datasets/splits/clean/fold_2/weapon/img_00001523.jpg,,,,,,
efficientnet_b0_chapter5_core_candidates_per_bucket_500_manual_per_bucket_3_target_predicted_label_chapter5_separate_assets_final,2026-05-23T08:10:49+00:00,efficientnet_b0__fold_4__clean_correct_weapon__clean__img_00014379,False,,,,,,case_bucket,clean_correct_weapon,3,,clean_correct_weapon,Clean weapon image correctly classified as weapon.,,efficientnet_b0,fold_4,clean,none,clean,weapon,weapon,0.9998729228973388,True,True,img_00014379,img_00014379,img_00014379,datasets/splits/clean/fold_4/weapon/img_00014379.jpeg,,,,,,
efficientnet_b0_chapter5_core_candidates_per_bucket_500_manual_per_bucket_3_target_predicted_label_chapter5_separate_assets_final,2026-05-23T08:10:49+00:00,efficientnet_b0__fold_4__clean_correct_weapon__clean__img_00013580,False,,,,,,case_bucket,clean_correct_weapon,3,,clean_correct_weapon,Clean weapon image correctly classified as weapon.,,efficientnet_b0,fold_4,clean,none,clean,weapon,weapon,0.999871015548706,True,True,img_00013580,img_00013580,img_00013580,datasets/splits/clean/fold_4/weapon/img_00013580.jpg,,,,,,
efficientnet_b0_chapter5_core_candidates_per_bucket_500_manual_per_bucket_3_target_predicted_label_chapter5_separate_assets_final,2026-05-23T08:10:49+00:00,efficientnet_b0__fold_5__clean_correct_weapon__clean__img_00013644,False,,,,,,case_bucket,clean_correct_weapon,3,,clean_correct_weapon,Clean weapon image correctly classified as weapon.,,efficientnet_b0,fold_5,clean,none,clean,weapon,weapon,0.9998706579208374,True,True,img_00013644,img_00013644,img_00013644,datasets/splits/clean/fold_5/weapon/img_00013644.jpg,,,,,,
efficientnet_b0_chapter5_core_candidates_per_bucket_500_manual_per_bucket_3_target_predicted_label_chapter5_separate_assets_final,2026-05-23T08:10:49+00:00,efficientnet_b0__fold_3__clean_correct_weapon__clean__img_00013526,False,,,,,,case_bucket,clean_correct_weapon,3,,clean_correct_weapon,Clean weapon image correctly classified as weapon.,,efficientnet_b0,fold_3,clean,none,clean,weapon,weapon,0.9998619556427002,True,True,img_00013526,img_00013526,img_00013526,datasets/splits/clean/fold_3/weapon/img_00013526.jpg,,,,,,
efficientnet_b0_chapter5_core_candidates_per_bucket_500_manual_per_bucket_3_target_predicted_label_chapter5_separate_assets_final,2026-05-23T08:10:49+00:00,efficientnet_b0__fold_1__clean_correct_weapon__clean__img_00014464,False,,,,,,case_bucket,clean_correct_weapon,3,,clean_correct_weapon,Clean weapon image correctly classified as weapon.,,efficientnet_b0,fold_1,clean,none,clean,weapon,weapon,0.9998600482940674,True,True,img_00014464,img_00014464,img_00014464,datasets/splits/clean/fold_1/weapon/img_00014464.jpeg,,,,,,
efficientnet_b0_chapter5_core_candidates_per_bucket_500_manual_per_bucket_3_target_predicted_label_chapter5_separate_assets_final,2026-05-23T08:10:49+00:00,efficientnet_b0__fold_4__clean_correct_weapon__clean__img_00013586,False,,,,,,case_bucket,clean_correct_weapon,3,,clean_correct_weapon,Clean weapon image correctly classified as weapon.,,efficientnet_b0,fold_4,clean,none,clean,weapon,weapon,0.9998587369918824,True,True,img_00013586,img_00013586,img_00013586,datasets/splits/clean/fold_4/weapon/img_00013586.jpg,,,,,,
efficientnet_b0_chapter5_core_candidates_per_bucket_500_manual_per_bucket_3_target_predicted_label_chapter5_separate_assets_final,2026-05-23T08:10:49+00:00,efficientnet_b0__fold_5__clean_correct_weapon__clean__img_00012746,False,,,,,,case_bucket,clean_correct_weapon,3,,clean_correct_weapon,Clean weapon image correctly classified as weapon.,,efficientnet_b0,fold_5,clean,none,clean,weapon,weapon,0.9998546838760376,True,True,img_00012746,img_00012746,img_00012746,datasets/splits/clean/fold_5/weapon/img_00012746.jpg,,,,,,
efficientnet_b0_chapter5_core_candidates_per_bucket_500_manual_per_bucket_3_target_predicted_label_chapter5_separate_assets_final,2026-05-23T08:10:49+00:00,efficientnet_b0__fold_1__clean_correct_weapon__clean__img_00000225,False,,,,,,case_bucket,clean_correct_weapon,3,,clean_correct_weapon,Clean weapon image correctly classified as weapon.,,efficientnet_b0,fold_1,clean,none,clean,weapon,weapon,0.9998518228530884,True,True,img_00000225,img_00000225,img_00000225,datasets/splits/clean/fold_1/weapon/img_00000225.jpeg,,,,,,
efficientnet_b0_chapter5_core_candidates_per_bucket_500_manual_per_bucket_3_target_predicted_label_chapter5_separate_assets_final,2026-05-23T08:10:49+00:00,efficientnet_b0__fold_3__clean_correct_weapon__clean__img_00013609,False,,,,,,case_bucket,clean_correct_weapon,3,,clean_correct_weapon,Clean weapon image correctly classified as weapon.,,efficientnet_b0,fold_3,clean,none,clean,weapon,weapon,0.99984872341156,True,True,img_00013609,img_00013609,img_00013609,datasets/splits/clean/fold_3/weapon/img_00013609.jpg,,,,,,
efficientnet_b0_chapter5_core_candidates_per_bucket_500_manual_per_bucket_3_target_predicted_label_chapter5_separate_assets_final,2026-05-23T08:10:49+00:00,efficientnet_b0__fold_1__clean_correct_weapon__clean__img_00000792,False,,,,,,case_bucket,clean_correct_weapon,3,,clean_correct_weapon,Clean weapon image correctly classified as weapon.,,efficientnet_b0,fold_1,clean,none,clean,weapon,weapon,0.9998395442962646,True,True,img_00000792,img_00000792,img_00000792,datasets/splits/clean/fold_1/weapon/img_00000792.jpg,,,,,,
efficientnet_b0_chapter5_core_candidates_per_bucket_500_manual_per_bucket_3_target_predicted_label_chapter5_separate_assets_final,2026-05-23T08:10:49+00:00,efficientnet_b0__fold_5__clean_correct_weapon__clean__img_00012758,False,,,,,,case_bucket,clean_correct_weapon,3,,clean_correct_weapon,Clean weapon image correctly classified as weapon.,,efficientnet_b0,fold_5,clean,none,clean,weapon,weapon,0.999837040901184,True,True,img_00012758,img_00012758,img_00012758,datasets/splits/clean/fold_5/weapon/img_00012758.jpg,,,,,,
efficientnet_b0_chapter5_core_candidates_per_bucket_500_manual_per_bucket_3_target_predicted_label_chapter5_separate_assets_final,2026-05-23T08:10:49+00:00,efficientnet_b0__fold_2__clean_correct_weapon__clean__img_00000687,False,,,,,,case_bucket,clean_correct_weapon,3,,clean_correct_weapon,Clean weapon image correctly classified as weapon.,,efficientnet_b0,fold_2,clean,none,clean,weapon,weapon,0.9998353719711304,True,True,img_00000687,img_00000687,img_00000687,datasets/splits/clean/fold_2/weapon/img_00000687.jpg,,,,,,
efficientnet_b0_chapter5_core_candidates_per_bucket_500_manual_per_bucket_3_target_predicted_label_chapter5_separate_assets_final,2026-05-23T08:10:49+00:00,efficientnet_b0__fold_2__clean_correct_weapon__clean__img_00014395,False,,,,,,case_bucket,clean_correct_weapon,3,,clean_correct_weapon,Clean weapon image correctly classified as weapon.,,efficientnet_b0,fold_2,clean,none,clean,weapon,weapon,0.9998282194137572,True,True,img_00014395,img_00014395,img_00014395,datasets/splits/clean/fold_2/weapon/img_00014395.jpeg,,,,,,
efficientnet_b0_chapter5_core_candidates_per_bucket_500_manual_per_bucket_3_target_predicted_label_chapter5_separate_assets_final,2026-05-23T08:10:49+00:00,efficientnet_b0__fold_2__clean_correct_weapon__clean__img_00000481,False,,,,,,case_bucket,clean_correct_weapon,3,,clean_correct_weapon,Clean weapon image correctly classified as weapon.,,efficientnet_b0,fold_2,clean,none,clean,weapon,weapon,0.9998266100883484,True,True,img_00000481,img_00000481,img_00000481,datasets/splits/clean/fold_2/weapon/img_00000481.jpg,,,,,,
efficientnet_b0_chapter5_core_candidates_per_bucket_500_manual_per_bucket_3_target_predicted_label_chapter5_separate_assets_final,2026-05-23T08:10:49+00:00,efficientnet_b0__fold_4__clean_correct_weapon__clean__img_00013635,False,,,,,,case_bucket,clean_correct_weapon,3,,clean_correct_weapon,Clean weapon image correctly classified as weapon.,,efficientnet_b0,fold_4,clean,none,clean,weapon,weapon,0.9998264908790588,True,True,img_00013635,img_00013635,img_00013635,datasets/splits/clean/fold_4/weapon/img_00013635.jpg,,,,,,
efficientnet_b0_chapter5_core_candidates_per_bucket_500_manual_per_bucket_3_target_predicted_label_chapter5_separate_assets_final,2026-05-23T08:10:49+00:00,efficientnet_b0__fold_5__clean_correct_weapon__clean__img_00012750,False,,,,,,case_bucket,clean_correct_weapon,3,,clean_correct_weapon,Clean weapon image correctly classified as weapon.,,efficientnet_b0,fold_5,clean,none,clean,weapon,weapon,0.999823272228241,True,True,img_00012750,img_00012750,img_00012750,datasets/splits/clean/fold_5/weapon/img_00012750.jpg,,,,,,
efficientnet_b0_chapter5_core_candidates_per_bucket_500_manual_per_bucket_3_target_predicted_label_chapter5_separate_assets_final,2026-05-23T08:10:49+00:00,efficientnet_b0__fold_4__clean_correct_weapon__clean__img_00001132,False,,,,,,case_bucket,clean_correct_weapon,3,,clean_correct_weapon,Clean weapon image correctly classified as weapon.,,efficientnet_b0,fold_4,clean,none,clean,weapon,weapon,0.999821960926056,True,True,img_00001132,img_00001132,img_00001132,datasets/splits/clean/fold_4/weapon/img_00001132.jpg,,,,,,
efficientnet_b0_chapter5_core_candidates_per_bucket_500_manual_per_bucket_3_target_predicted_label_chapter5_separate_assets_final,2026-05-23T08:10:49+00:00,efficientnet_b0__fold_1__clean_correct_weapon__clean__img_00014509,False,,,,,,case_bucket,clean_correct_weapon,3,,clean_correct_weapon,Clean weapon image correctly classified as weapon.,,efficientnet_b0,fold_1,clean,none,clean,weapon,weapon,0.9998217225074768,True,True,img_00014509,img_00014509,img_00014509,datasets/splits/clean/fold_1/weapon/img_00014509.jpeg,,,,,,
efficientnet_b0_chapter5_core_candidates_per_bucket_500_manual_per_bucket_3_target_predicted_label_chapter5_separate_assets_final,2026-05-23T08:10:49+00:00,efficientnet_b0__fold_1__clean_correct_weapon__clean__img_00013562,False,,,,,,case_bucket,clean_correct_weapon,3,,clean_correct_weapon,Clean weapon image correctly classified as weapon.,,efficientnet_b0,fold_1,clean,none,clean,weapon,weapon,0.9998210072517396,True,True,img_00013562,img_00013562,img_00013562,datasets/splits/clean/fold_1/weapon/img_00013562.jpg,,,,,,
efficientnet_b0_chapter5_core_candidates_per_bucket_500_manual_per_bucket_3_target_predicted_label_chapter5_separate_assets_final,2026-05-23T08:10:49+00:00,efficientnet_b0__fold_2__clean_correct_weapon__clean__img_00000485,False,,,,,,case_bucket,clean_correct_weapon,3,,clean_correct_weapon,Clean weapon image correctly classified as weapon.,,efficientnet_b0,fold_2,clean,none,clean,weapon,weapon,0.99982088804245,True,True,img_00000485,img_00000485,img_00000485,datasets/splits/clean/fold_2/weapon/img_00000485.jpg,,,,,,
efficientnet_b0_chapter5_core_candidates_per_bucket_500_manual_per_bucket_3_target_predicted_label_chapter5_separate_assets_final,2026-05-23T08:10:49+00:00,efficientnet_b0__fold_3__clean_correct_weapon__clean__img_00003527,False,,,,,,case_bucket,clean_correct_weapon,3,,clean_correct_weapon,Clean weapon image correctly classified as weapon.,,efficientnet_b0,fold_3,clean,none,clean,weapon,weapon,0.9998175501823424,True,True,img_00003527,img_00003527,img_00003527,datasets/splits/clean/fold_3/weapon/img_00003527.jpg,,,,,,
efficientnet_b0_chapter5_core_candidates_per_bucket_500_manual_per_bucket_3_target_predicted_label_chapter5_separate_assets_final,2026-05-23T08:10:49+00:00,efficientnet_b0__fold_1__clean_correct_weapon__clean__img_00000136,False,,,,,,case_bucket,clean_correct_weapon,3,,clean_correct_weapon,Clean weapon image correctly classified as weapon.,,efficientnet_b0,fold_1,clean,none,clean,weapon,weapon,0.999810755252838,True,True,img_00000136,img_00000136,img_00000136,datasets/splits/clean/fold_1/weapon/img_00000136.jpeg,,,,,,
efficientnet_b0_chapter5_core_candidates_per_bucket_500_manual_per_bucket_3_target_predicted_label_chapter5_separate_assets_final,2026-05-23T08:10:49+00:00,efficientnet_b0__fold_3__clean_correct_weapon__clean__img_00004532,False,,,,,,case_bucket,clean_correct_weapon,3,,clean_correct_weapon,Clean weapon image correctly classified as weapon.,,efficientnet_b0,fold_3,clean,none,clean,weapon,weapon,0.9998051524162292,True,True,img_00004532,img_00004532,img_00004532,datasets/splits/clean/fold_3/weapon/img_00004532.jpg,,,,,,
efficientnet_b0_chapter5_core_candidates_per_bucket_500_manual_per_bucket_3_target_predicted_label_chapter5_separate_assets_final,2026-05-23T08:10:49+00:00,efficientnet_b0__fold_4__clean_correct_weapon__clean__img_00000693,False,,,,,,case_bucket,clean_correct_weapon,3,,clean_correct_weapon,Clean weapon image correctly classified as weapon.,,efficientnet_b0,fold_4,clean,none,clean,weapon,weapon,0.9998038411140442,True,True,img_00000693,img_00000693,img_00000693,datasets/splits/clean/fold_4/weapon/img_00000693.jpg,,,,,,
efficientnet_b0_chapter5_core_candidates_per_bucket_500_manual_per_bucket_3_target_predicted_label_chapter5_separate_assets_final,2026-05-23T08:10:49+00:00,efficientnet_b0__fold_3__clean_correct_weapon__clean__img_00000044,False,,,,,,case_bucket,clean_correct_weapon,3,,clean_correct_weapon,Clean weapon image correctly classified as weapon.,,efficientnet_b0,fold_3,clean,none,clean,weapon,weapon,0.9998037219047546,True,True,img_00000044,img_00000044,img_00000044,datasets/splits/clean/fold_3/weapon/img_00000044.jpeg,,,,,,
efficientnet_b0_chapter5_core_candidates_per_bucket_500_manual_per_bucket_3_target_predicted_label_chapter5_separate_assets_final,2026-05-23T08:10:49+00:00,efficientnet_b0__fold_2__clean_correct_weapon__clean__img_00004533,False,,,,,,case_bucket,clean_correct_weapon,3,,clean_correct_weapon,Clean weapon image correctly classified as weapon.,,efficientnet_b0,fold_2,clean,none,clean,weapon,weapon,0.9997997879981996,True,True,img_00004533,img_00004533,img_00004533,datasets/splits/clean/fold_2/weapon/img_00004533.jpg,,,,,,
efficientnet_b0_chapter5_core_candidates_per_bucket_500_manual_per_bucket_3_target_predicted_label_chapter5_separate_assets_final,2026-05-23T08:10:49+00:00,efficientnet_b0__fold_5__clean_correct_weapon__clean__img_00000323,False,,,,,,case_bucket,clean_correct_weapon,3,,clean_correct_weapon,Clean weapon image correctly classified as weapon.,,efficientnet_b0,fold_5,clean,none,clean,weapon,weapon,0.9997991919517516,True,True,img_00000323,img_00000323,img_00000323,datasets/splits/clean/fold_5/weapon/img_00000323.jpeg,,,,,,
efficientnet_b0_chapter5_core_candidates_per_bucket_500_manual_per_bucket_3_target_predicted_label_chapter5_separate_assets_final,2026-05-23T08:10:49+00:00,efficientnet_b0__fold_4__clean_correct_weapon__clean__img_00013604,False,,,,,,case_bucket,clean_correct_weapon,3,,clean_correct_weapon,Clean weapon image correctly classified as weapon.,,efficientnet_b0,fold_4,clean,none,clean,weapon,weapon,0.999796450138092,True,True,img_00013604,img_00013604,img_00013604,datasets/splits/clean/fold_4/weapon/img_00013604.jpg,,,,,,
efficientnet_b0_chapter5_core_candidates_per_bucket_500_manual_per_bucket_3_target_predicted_label_chapter5_separate_assets_final,2026-05-23T08:10:49+00:00,efficientnet_b0__fold_5__clean_correct_weapon__clean__img_00000649,False,,,,,,case_bucket,clean_correct_weapon,3,,clean_correct_weapon,Clean weapon image correctly classified as weapon.,,efficientnet_b0,fold_5,clean,none,clean,weapon,weapon,0.999795377254486,True,True,img_00000649,img_00000649,img_00000649,datasets/splits/clean/fold_5/weapon/img_00000649.jpg,,,,,,
efficientnet_b0_chapter5_core_candidates_per_bucket_500_manual_per_bucket_3_target_predicted_label_chapter5_separate_assets_final,2026-05-23T08:10:49+00:00,efficientnet_b0__fold_4__clean_correct_weapon__clean__img_00014369,False,,,,,,case_bucket,clean_correct_weapon,3,,clean_correct_weapon,Clean weapon image correctly classified as weapon.,,efficientnet_b0,fold_4,clean,none,clean,weapon,weapon,0.9997945427894592,True,True,img_00014369,img_00014369,img_00014369,datasets/splits/clean/fold_4/weapon/img_00014369.jpeg,,,,,,
efficientnet_b0_chapter5_core_candidates_per_bucket_500_manual_per_bucket_3_target_predicted_label_chapter5_separate_assets_final,2026-05-23T08:10:49+00:00,efficientnet_b0__fold_5__clean_correct_weapon__clean__img_00012639,False,,,,,,case_bucket,clean_correct_weapon,3,,clean_correct_weapon,Clean weapon image correctly classified as weapon.,,efficientnet_b0,fold_5,clean,none,clean,weapon,weapon,0.9997926354408264,True,True,img_00012639,img_00012639,img_00012639,datasets/splits/clean/fold_5/weapon/img_00012639.jpg,,,,,,
efficientnet_b0_chapter5_core_candidates_per_bucket_500_manual_per_bucket_3_target_predicted_label_chapter5_separate_assets_final,2026-05-23T08:10:49+00:00,efficientnet_b0__fold_4__clean_correct_weapon__clean__img_00012827,False,,,,,,case_bucket,clean_correct_weapon,3,,clean_correct_weapon,Clean weapon image correctly classified as weapon.,,efficientnet_b0,fold_4,clean,none,clean,weapon,weapon,0.9997920393943788,True,True,img_00012827,img_00012827,img_00012827,datasets/splits/clean/fold_4/weapon/img_00012827.jpg,,,,,,
efficientnet_b0_chapter5_core_candidates_per_bucket_500_manual_per_bucket_3_target_predicted_label_chapter5_separate_assets_final,2026-05-23T08:10:49+00:00,efficientnet_b0__fold_3__clean_correct_weapon__clean__img_00000007,False,,,,,,case_bucket,clean_correct_weapon,3,,clean_correct_weapon,Clean weapon image correctly classified as weapon.,,efficientnet_b0,fold_3,clean,none,clean,weapon,weapon,0.9997907280921936,True,True,img_00000007,img_00000007,img_00000007,datasets/splits/clean/fold_3/weapon/img_00000007.jpeg,,,,,,
efficientnet_b0_chapter5_core_candidates_per_bucket_500_manual_per_bucket_3_target_predicted_label_chapter5_separate_assets_final,2026-05-23T08:10:49+00:00,efficientnet_b0__fold_2__clean_correct_weapon__clean__img_00012965,False,,,,,,case_bucket,clean_correct_weapon,3,,clean_correct_weapon,Clean weapon image correctly classified as weapon.,,efficientnet_b0,fold_2,clean,none,clean,weapon,weapon,0.9997891783714294,True,True,img_00012965,img_00012965,img_00012965,datasets/splits/clean/fold_2/weapon/img_00012965.jpg,,,,,,
efficientnet_b0_chapter5_core_candidates_per_bucket_500_manual_per_bucket_3_target_predicted_label_chapter5_separate_assets_final,2026-05-23T08:10:49+00:00,efficientnet_b0__fold_4__clean_correct_weapon__clean__img_00014403,False,,,,,,case_bucket,clean_correct_weapon,3,,clean_correct_weapon,Clean weapon image correctly classified as weapon.,,efficientnet_b0,fold_4,clean,none,clean,weapon,weapon,0.9997850060462952,True,True,img_00014403,img_00014403,img_00014403,datasets/splits/clean/fold_4/weapon/img_00014403.jpeg,,,,,,
efficientnet_b0_chapter5_core_candidates_per_bucket_500_manual_per_bucket_3_target_predicted_label_chapter5_separate_assets_final,2026-05-23T08:10:49+00:00,efficientnet_b0__fold_4__clean_correct_weapon__clean__img_00000838,False,,,,,,case_bucket,clean_correct_weapon,3,,clean_correct_weapon,Clean weapon image correctly classified as weapon.,,efficientnet_b0,fold_4,clean,none,clean,weapon,weapon,0.9997782111167908,True,True,img_00000838,img_00000838,img_00000838,datasets/splits/clean/fold_4/weapon/img_00000838.jpg,,,,,,
efficientnet_b0_chapter5_core_candidates_per_bucket_500_manual_per_bucket_3_target_predicted_label_chapter5_separate_assets_final,2026-05-23T08:10:49+00:00,efficientnet_b0__fold_2__clean_correct_weapon__clean__img_00000534,False,,,,,,case_bucket,clean_correct_weapon,3,,clean_correct_weapon,Clean weapon image correctly classified as weapon.,,efficientnet_b0,fold_2,clean,none,clean,weapon,weapon,0.9997766613960266,True,True,img_00000534,img_00000534,img_00000534,datasets/splits/clean/fold_2/weapon/img_00000534.jpg,,,,,,
efficientnet_b0_chapter5_core_candidates_per_bucket_500_manual_per_bucket_3_target_predicted_label_chapter5_separate_assets_final,2026-05-23T08:10:49+00:00,efficientnet_b0__fold_1__clean_correct_weapon__clean__img_00000041,False,,,,,,case_bucket,clean_correct_weapon,3,,clean_correct_weapon,Clean weapon image correctly classified as weapon.,,efficientnet_b0,fold_1,clean,none,clean,weapon,weapon,0.9997692704200744,True,True,img_00000041,img_00000041,img_00000041,datasets/splits/clean/fold_1/weapon/img_00000041.jpeg,,,,,,
efficientnet_b0_chapter5_core_candidates_per_bucket_500_manual_per_bucket_3_target_predicted_label_chapter5_separate_assets_final,2026-05-23T08:10:49+00:00,efficientnet_b0__fold_1__clean_correct_weapon__clean__img_00000014,False,,,,,,case_bucket,clean_correct_weapon,3,,clean_correct_weapon,Clean weapon image correctly classified as weapon.,,efficientnet_b0,fold_1,clean,none,clean,weapon,weapon,0.9997590184211732,True,True,img_00000014,img_00000014,img_00000014,datasets/splits/clean/fold_1/weapon/img_00000014.png,,,,,,
efficientnet_b0_chapter5_core_candidates_per_bucket_500_manual_per_bucket_3_target_predicted_label_chapter5_separate_assets_final,2026-05-23T08:10:49+00:00,efficientnet_b0__fold_2__clean_correct_weapon__clean__img_00013641,False,,,,,,case_bucket,clean_correct_weapon,3,,clean_correct_weapon,Clean weapon image correctly classified as weapon.,,efficientnet_b0,fold_2,clean,none,clean,weapon,weapon,0.9997585415840148,True,True,img_00013641,img_00013641,img_00013641,datasets/splits/clean/fold_2/weapon/img_00013641.jpg,,,,,,
efficientnet_b0_chapter5_core_candidates_per_bucket_500_manual_per_bucket_3_target_predicted_label_chapter5_separate_assets_final,2026-05-23T08:10:49+00:00,efficientnet_b0__fold_1__clean_correct_weapon__clean__img_00014438,False,,,,,,case_bucket,clean_correct_weapon,3,,clean_correct_weapon,Clean weapon image correctly classified as weapon.,,efficientnet_b0,fold_1,clean,none,clean,weapon,weapon,0.9997544884681702,True,True,img_00014438,img_00014438,img_00014438,datasets/splits/clean/fold_1/weapon/img_00014438.jpeg,,,,,,
efficientnet_b0_chapter5_core_candidates_per_bucket_500_manual_per_bucket_3_target_predicted_label_chapter5_separate_assets_final,2026-05-23T08:10:49+00:00,efficientnet_b0__fold_4__clean_correct_weapon__clean__img_00013627,False,,,,,,case_bucket,clean_correct_weapon,3,,clean_correct_weapon,Clean weapon image correctly classified as weapon.,,efficientnet_b0,fold_4,clean,none,clean,weapon,weapon,0.9997487664222716,True,True,img_00013627,img_00013627,img_00013627,datasets/splits/clean/fold_4/weapon/img_00013627.jpg,,,,,,
efficientnet_b0_chapter5_core_candidates_per_bucket_500_manual_per_bucket_3_target_predicted_label_chapter5_separate_assets_final,2026-05-23T08:10:49+00:00,efficientnet_b0__fold_1__clean_correct_weapon__clean__img_00013015,False,,,,,,case_bucket,clean_correct_weapon,3,,clean_correct_weapon,Clean weapon image correctly classified as weapon.,,efficientnet_b0,fold_1,clean,none,clean,weapon,weapon,0.9997475743293762,True,True,img_00013015,img_00013015,img_00013015,datasets/splits/clean/fold_1/weapon/img_00013015.jpg,,,,,,
efficientnet_b0_chapter5_core_candidates_per_bucket_500_manual_per_bucket_3_target_predicted_label_chapter5_separate_assets_final,2026-05-23T08:10:49+00:00,efficientnet_b0__fold_4__clean_correct_weapon__clean__img_00012677,False,,,,,,case_bucket,clean_correct_weapon,3,,clean_correct_weapon,Clean weapon image correctly classified as weapon.,,efficientnet_b0,fold_4,clean,none,clean,weapon,weapon,0.9997473359107972,True,True,img_00012677,img_00012677,img_00012677,datasets/splits/clean/fold_4/weapon/img_00012677.png,,,,,,
efficientnet_b0_chapter5_core_candidates_per_bucket_500_manual_per_bucket_3_target_predicted_label_chapter5_separate_assets_final,2026-05-23T08:10:49+00:00,efficientnet_b0__fold_4__clean_correct_weapon__clean__img_00013142,False,,,,,,case_bucket,clean_correct_weapon,3,,clean_correct_weapon,Clean weapon image correctly classified as weapon.,,efficientnet_b0,fold_4,clean,none,clean,weapon,weapon,0.9997465014457704,True,True,img_00013142,img_00013142,img_00013142,datasets/splits/clean/fold_4/weapon/img_00013142.jpg,,,,,,
efficientnet_b0_chapter5_core_candidates_per_bucket_500_manual_per_bucket_3_target_predicted_label_chapter5_separate_assets_final,2026-05-23T08:10:49+00:00,efficientnet_b0__fold_1__clean_correct_weapon__clean__img_00014515,False,,,,,,case_bucket,clean_correct_weapon,3,,clean_correct_weapon,Clean weapon image correctly classified as weapon.,,efficientnet_b0,fold_1,clean,none,clean,weapon,weapon,0.9997404217720032,True,True,img_00014515,img_00014515,img_00014515,datasets/splits/clean/fold_1/weapon/img_00014515.jpeg,,,,,,
efficientnet_b0_chapter5_core_candidates_per_bucket_500_manual_per_bucket_3_target_predicted_label_chapter5_separate_assets_final,2026-05-23T08:10:49+00:00,efficientnet_b0__fold_3__clean_correct_weapon__clean__img_00014393,False,,,,,,case_bucket,clean_correct_weapon,3,,clean_correct_weapon,Clean weapon image correctly classified as weapon.,,efficientnet_b0,fold_3,clean,none,clean,weapon,weapon,0.9997385144233704,True,True,img_00014393,img_00014393,img_00014393,datasets/splits/clean/fold_3/weapon/img_00014393.jpeg,,,,,,
efficientnet_b0_chapter5_core_candidates_per_bucket_500_manual_per_bucket_3_target_predicted_label_chapter5_separate_assets_final,2026-05-23T08:10:49+00:00,efficientnet_b0__fold_2__clean_correct_weapon__clean__img_00000256,False,,,,,,case_bucket,clean_correct_weapon,3,,clean_correct_weapon,Clean weapon image correctly classified as weapon.,,efficientnet_b0,fold_2,clean,none,clean,weapon,weapon,0.9997356534004213,True,True,img_00000256,img_00000256,img_00000256,datasets/splits/clean/fold_2/weapon/img_00000256.jpeg,,,,,,
efficientnet_b0_chapter5_core_candidates_per_bucket_500_manual_per_bucket_3_target_predicted_label_chapter5_separate_assets_final,2026-05-23T08:10:49+00:00,efficientnet_b0__fold_4__clean_correct_weapon__clean__img_00000241,False,,,,,,case_bucket,clean_correct_weapon,3,,clean_correct_weapon,Clean weapon image correctly classified as weapon.,,efficientnet_b0,fold_4,clean,none,clean,weapon,weapon,0.9997275471687316,True,True,img_00000241,img_00000241,img_00000241,datasets/splits/clean/fold_4/weapon/img_00000241.jpeg,,,,,,
efficientnet_b0_chapter5_core_candidates_per_bucket_500_manual_per_bucket_3_target_predicted_label_chapter5_separate_assets_final,2026-05-23T08:10:49+00:00,efficientnet_b0__fold_2__clean_correct_weapon__clean__img_00000135,False,,,,,,case_bucket,clean_correct_weapon,3,,clean_correct_weapon,Clean weapon image correctly classified as weapon.,,efficientnet_b0,fold_2,clean,none,clean,weapon,weapon,0.9997102618217468,True,True,img_00000135,img_00000135,img_00000135,datasets/splits/clean/fold_2/weapon/img_00000135.jpeg,,,,,,
efficientnet_b0_chapter5_core_candidates_per_bucket_500_manual_per_bucket_3_target_predicted_label_chapter5_separate_assets_final,2026-05-23T08:10:49+00:00,efficientnet_b0__fold_3__clean_correct_weapon__clean__img_00011553,False,,,,,,case_bucket,clean_correct_weapon,3,,clean_correct_weapon,Clean weapon image correctly classified as weapon.,,efficientnet_b0,fold_3,clean,none,clean,weapon,weapon,0.9997060894966124,True,True,img_00011553,img_00011553,img_00011553,datasets/splits/clean/fold_3/weapon/img_00011553.jpg,,,,,,
efficientnet_b0_chapter5_core_candidates_per_bucket_500_manual_per_bucket_3_target_predicted_label_chapter5_separate_assets_final,2026-05-23T08:10:49+00:00,efficientnet_b0__fold_5__clean_correct_weapon__clean__img_00000307,False,,,,,,case_bucket,clean_correct_weapon,3,,clean_correct_weapon,Clean weapon image correctly classified as weapon.,,efficientnet_b0,fold_5,clean,none,clean,weapon,weapon,0.9997019171714784,True,True,img_00000307,img_00000307,img_00000307,datasets/splits/clean/fold_5/weapon/img_00000307.jpeg,,,,,,
efficientnet_b0_chapter5_core_candidates_per_bucket_500_manual_per_bucket_3_target_predicted_label_chapter5_separate_assets_final,2026-05-23T08:10:49+00:00,efficientnet_b0__fold_3__clean_correct_weapon__clean__img_00012723,False,,,,,,case_bucket,clean_correct_weapon,3,,clean_correct_weapon,Clean weapon image correctly classified as weapon.,,efficientnet_b0,fold_3,clean,none,clean,weapon,weapon,0.9997000694274902,True,True,img_00012723,img_00012723,img_00012723,datasets/splits/clean/fold_3/weapon/img_00012723.jpg,,,,,,
efficientnet_b0_chapter5_core_candidates_per_bucket_500_manual_per_bucket_3_target_predicted_label_chapter5_separate_assets_final,2026-05-23T08:10:49+00:00,efficientnet_b0__fold_4__clean_correct_weapon__clean__img_00014387,False,,,,,,case_bucket,clean_correct_weapon,3,,clean_correct_weapon,Clean weapon image correctly classified as weapon.,,efficientnet_b0,fold_4,clean,none,clean,weapon,weapon,0.9996932744979858,True,True,img_00014387,img_00014387,img_00014387,datasets/splits/clean/fold_4/weapon/img_00014387.jpeg,,,,,,
efficientnet_b0_chapter5_core_candidates_per_bucket_500_manual_per_bucket_3_target_predicted_label_chapter5_separate_assets_final,2026-05-23T08:10:49+00:00,efficientnet_b0__fold_3__clean_correct_weapon__clean__img_00014386,False,,,,,,case_bucket,clean_correct_weapon,3,,clean_correct_weapon,Clean weapon image correctly classified as weapon.,,efficientnet_b0,fold_3,clean,none,clean,weapon,weapon,0.9996877908706664,True,True,img_00014386,img_00014386,img_00014386,datasets/splits/clean/fold_3/weapon/img_00014386.jpeg,,,,,,
efficientnet_b0_chapter5_core_candidates_per_bucket_500_manual_per_bucket_3_target_predicted_label_chapter5_separate_assets_final,2026-05-23T08:10:49+00:00,efficientnet_b0__fold_4__clean_correct_weapon__clean__img_00012950,False,,,,,,case_bucket,clean_correct_weapon,3,,clean_correct_weapon,Clean weapon image correctly classified as weapon.,,efficientnet_b0,fold_4,clean,none,clean,weapon,weapon,0.999681830406189,True,True,img_00012950,img_00012950,img_00012950,datasets/splits/clean/fold_4/weapon/img_00012950.jpg,,,,,,
efficientnet_b0_chapter5_core_candidates_per_bucket_500_manual_per_bucket_3_target_predicted_label_chapter5_separate_assets_final,2026-05-23T08:10:49+00:00,efficientnet_b0__fold_2__clean_correct_weapon__clean__img_00013527,False,,,,,,case_bucket,clean_correct_weapon,3,,clean_correct_weapon,Clean weapon image correctly classified as weapon.,,efficientnet_b0,fold_2,clean,none,clean,weapon,weapon,0.9996800422668456,True,True,img_00013527,img_00013527,img_00013527,datasets/splits/clean/fold_2/weapon/img_00013527.jpg,,,,,,
efficientnet_b0_chapter5_core_candidates_per_bucket_500_manual_per_bucket_3_target_predicted_label_chapter5_separate_assets_final,2026-05-23T08:10:49+00:00,efficientnet_b0__fold_4__clean_correct_weapon__clean__img_00000154,False,,,,,,case_bucket,clean_correct_weapon,3,,clean_correct_weapon,Clean weapon image correctly classified as weapon.,,efficientnet_b0,fold_4,clean,none,clean,weapon,weapon,0.9996789693832396,True,True,img_00000154,img_00000154,img_00000154,datasets/splits/clean/fold_4/weapon/img_00000154.jpeg,,,,,,
efficientnet_b0_chapter5_core_candidates_per_bucket_500_manual_per_bucket_3_target_predicted_label_chapter5_separate_assets_final,2026-05-23T08:10:49+00:00,efficientnet_b0__fold_2__clean_correct_weapon__clean__img_00000475,False,,,,,,case_bucket,clean_correct_weapon,3,,clean_correct_weapon,Clean weapon image correctly classified as weapon.,,efficientnet_b0,fold_2,clean,none,clean,weapon,weapon,0.9996775388717652,True,True,img_00000475,img_00000475,img_00000475,datasets/splits/clean/fold_2/weapon/img_00000475.jpg,,,,,,
efficientnet_b0_chapter5_core_candidates_per_bucket_500_manual_per_bucket_3_target_predicted_label_chapter5_separate_assets_final,2026-05-23T08:10:49+00:00,efficientnet_b0__fold_2__clean_correct_weapon__clean__img_00000314,False,,,,,,case_bucket,clean_correct_weapon,3,,clean_correct_weapon,Clean weapon image correctly classified as weapon.,,efficientnet_b0,fold_2,clean,none,clean,weapon,weapon,0.9996681213378906,True,True,img_00000314,img_00000314,img_00000314,datasets/splits/clean/fold_2/weapon/img_00000314.jpeg,,,,,,
efficientnet_b0_chapter5_core_candidates_per_bucket_500_manual_per_bucket_3_target_predicted_label_chapter5_separate_assets_final,2026-05-23T08:10:49+00:00,efficientnet_b0__fold_4__clean_correct_weapon__clean__img_00000603,False,,,,,,case_bucket,clean_correct_weapon,3,,clean_correct_weapon,Clean weapon image correctly classified as weapon.,,efficientnet_b0,fold_4,clean,none,clean,weapon,weapon,0.9996649026870728,True,True,img_00000603,img_00000603,img_00000603,datasets/splits/clean/fold_4/weapon/img_00000603.jpg,,,,,,
efficientnet_b0_chapter5_core_candidates_per_bucket_500_manual_per_bucket_3_target_predicted_label_chapter5_separate_assets_final,2026-05-23T08:10:49+00:00,efficientnet_b0__fold_4__clean_correct_weapon__clean__img_00000238,False,,,,,,case_bucket,clean_correct_weapon,3,,clean_correct_weapon,Clean weapon image correctly classified as weapon.,,efficientnet_b0,fold_4,clean,none,clean,weapon,weapon,0.9996646642684937,True,True,img_00000238,img_00000238,img_00000238,datasets/splits/clean/fold_4/weapon/img_00000238.jpeg,,,,,,
efficientnet_b0_chapter5_core_candidates_per_bucket_500_manual_per_bucket_3_target_predicted_label_chapter5_separate_assets_final,2026-05-23T08:10:49+00:00,efficientnet_b0__fold_1__clean_correct_weapon__clean__img_00000141,False,,,,,,case_bucket,clean_correct_weapon,3,,clean_correct_weapon,Clean weapon image correctly classified as weapon.,,efficientnet_b0,fold_1,clean,none,clean,weapon,weapon,0.999646544456482,True,True,img_00000141,img_00000141,img_00000141,datasets/splits/clean/fold_1/weapon/img_00000141.png,,,,,,
efficientnet_b0_chapter5_core_candidates_per_bucket_500_manual_per_bucket_3_target_predicted_label_chapter5_separate_assets_final,2026-05-23T08:10:49+00:00,efficientnet_b0__fold_5__clean_correct_weapon__clean__img_00000002,False,,,,,,case_bucket,clean_correct_weapon,3,,clean_correct_weapon,Clean weapon image correctly classified as weapon.,,efficientnet_b0,fold_5,clean,none,clean,weapon,weapon,0.999645471572876,True,True,img_00000002,img_00000002,img_00000002,datasets/splits/clean/fold_5/weapon/img_00000002.jpg,,,,,,
efficientnet_b0_chapter5_core_candidates_per_bucket_500_manual_per_bucket_3_target_predicted_label_chapter5_separate_assets_final,2026-05-23T08:10:49+00:00,efficientnet_b0__fold_5__clean_correct_weapon__clean__img_00014388,False,,,,,,case_bucket,clean_correct_weapon,3,,clean_correct_weapon,Clean weapon image correctly classified as weapon.,,efficientnet_b0,fold_5,clean,none,clean,weapon,weapon,0.9996432065963744,True,True,img_00014388,img_00014388,img_00014388,datasets/splits/clean/fold_5/weapon/img_00014388.jpeg,,,,,,
efficientnet_b0_chapter5_core_candidates_per_bucket_500_manual_per_bucket_3_target_predicted_label_chapter5_separate_assets_final,2026-05-23T08:10:49+00:00,efficientnet_b0__fold_5__clean_correct_weapon__clean__img_00014380,False,,,,,,case_bucket,clean_correct_weapon,3,,clean_correct_weapon,Clean weapon image correctly classified as weapon.,,efficientnet_b0,fold_5,clean,none,clean,weapon,weapon,0.9996380805969238,True,True,img_00014380,img_00014380,img_00014380,datasets/splits/clean/fold_5/weapon/img_00014380.jpeg,,,,,,
efficientnet_b0_chapter5_core_candidates_per_bucket_500_manual_per_bucket_3_target_predicted_label_chapter5_separate_assets_final,2026-05-23T08:10:49+00:00,efficientnet_b0__fold_4__clean_correct_weapon__clean__img_00014441,False,,,,,,case_bucket,clean_correct_weapon,3,,clean_correct_weapon,Clean weapon image correctly classified as weapon.,,efficientnet_b0,fold_4,clean,none,clean,weapon,weapon,0.9996322393417358,True,True,img_00014441,img_00014441,img_00014441,datasets/splits/clean/fold_4/weapon/img_00014441.jpeg,,,,,,
efficientnet_b0_chapter5_core_candidates_per_bucket_500_manual_per_bucket_3_target_predicted_label_chapter5_separate_assets_final,2026-05-23T08:10:49+00:00,efficientnet_b0__fold_3__clean_correct_weapon__clean__img_00010394,False,,,,,,case_bucket,clean_correct_weapon,3,,clean_correct_weapon,Clean weapon image correctly classified as weapon.,,efficientnet_b0,fold_3,clean,none,clean,weapon,weapon,0.9996304512023926,True,True,img_00010394,img_00010394,img_00010394,datasets/splits/clean/fold_3/weapon/img_00010394.jpg,,,,,,
efficientnet_b0_chapter5_core_candidates_per_bucket_500_manual_per_bucket_3_target_predicted_label_chapter5_separate_assets_final,2026-05-23T08:10:49+00:00,efficientnet_b0__fold_5__clean_correct_weapon__clean__img_00013567,False,,,,,,case_bucket,clean_correct_weapon,3,,clean_correct_weapon,Clean weapon image correctly classified as weapon.,,efficientnet_b0,fold_5,clean,none,clean,weapon,weapon,0.9996261596679688,True,True,img_00013567,img_00013567,img_00013567,datasets/splits/clean/fold_5/weapon/img_00013567.jpg,,,,,,
efficientnet_b0_chapter5_core_candidates_per_bucket_500_manual_per_bucket_3_target_predicted_label_chapter5_separate_assets_final,2026-05-23T08:10:49+00:00,efficientnet_b0__fold_4__clean_correct_weapon__clean__img_00000040,False,,,,,,case_bucket,clean_correct_weapon,3,,clean_correct_weapon,Clean weapon image correctly classified as weapon.,,efficientnet_b0,fold_4,clean,none,clean,weapon,weapon,0.9996219873428344,True,True,img_00000040,img_00000040,img_00000040,datasets/splits/clean/fold_4/weapon/img_00000040.jpeg,,,,,,
efficientnet_b0_chapter5_core_candidates_per_bucket_500_manual_per_bucket_3_target_predicted_label_chapter5_separate_assets_final,2026-05-23T08:10:49+00:00,efficientnet_b0__fold_1__clean_correct_weapon__clean__img_00013143,False,,,,,,case_bucket,clean_correct_weapon,3,,clean_correct_weapon,Clean weapon image correctly classified as weapon.,,efficientnet_b0,fold_1,clean,none,clean,weapon,weapon,0.9996138215065002,True,True,img_00013143,img_00013143,img_00013143,datasets/splits/clean/fold_1/weapon/img_00013143.jpg,,,,,,
efficientnet_b0_chapter5_core_candidates_per_bucket_500_manual_per_bucket_3_target_predicted_label_chapter5_separate_assets_final,2026-05-23T08:10:49+00:00,efficientnet_b0__fold_1__clean_correct_weapon__clean__img_00014447,False,,,,,,case_bucket,clean_correct_weapon,3,,clean_correct_weapon,Clean weapon image correctly classified as weapon.,,efficientnet_b0,fold_1,clean,none,clean,weapon,weapon,0.9996138215065002,True,True,img_00014447,img_00014447,img_00014447,datasets/splits/clean/fold_1/weapon/img_00014447.webp,,,,,,
efficientnet_b0_chapter5_core_candidates_per_bucket_500_manual_per_bucket_3_target_predicted_label_chapter5_separate_assets_final,2026-05-23T08:10:49+00:00,efficientnet_b0__fold_3__clean_correct_weapon__clean__img_00013631,False,,,,,,case_bucket,clean_correct_weapon,3,,clean_correct_weapon,Clean weapon image correctly classified as weapon.,,efficientnet_b0,fold_3,clean,none,clean,weapon,weapon,0.999606192111969,True,True,img_00013631,img_00013631,img_00013631,datasets/splits/clean/fold_3/weapon/img_00013631.jpg,,,,,,
efficientnet_b0_chapter5_core_candidates_per_bucket_500_manual_per_bucket_3_target_predicted_label_chapter5_separate_assets_final,2026-05-23T08:10:49+00:00,efficientnet_b0__fold_2__clean_correct_weapon__clean__img_00012744,False,,,,,,case_bucket,clean_correct_weapon,3,,clean_correct_weapon,Clean weapon image correctly classified as weapon.,,efficientnet_b0,fold_2,clean,none,clean,weapon,weapon,0.999601423740387,True,True,img_00012744,img_00012744,img_00012744,datasets/splits/clean/fold_2/weapon/img_00012744.jpg,,,,,,
efficientnet_b0_chapter5_core_candidates_per_bucket_500_manual_per_bucket_3_target_predicted_label_chapter5_separate_assets_final,2026-05-23T08:10:49+00:00,efficientnet_b0__fold_2__clean_correct_weapon__clean__img_00014500,False,,,,,,case_bucket,clean_correct_weapon,3,,clean_correct_weapon,Clean weapon image correctly classified as weapon.,,efficientnet_b0,fold_2,clean,none,clean,weapon,weapon,0.9995923638343812,True,True,img_00014500,img_00014500,img_00014500,datasets/splits/clean/fold_2/weapon/img_00014500.jpeg,,,,,,
efficientnet_b0_chapter5_core_candidates_per_bucket_500_manual_per_bucket_3_target_predicted_label_chapter5_separate_assets_final,2026-05-23T08:10:49+00:00,efficientnet_b0__fold_3__clean_correct_weapon__clean__img_00009539,False,,,,,,case_bucket,clean_correct_weapon,3,,clean_correct_weapon,Clean weapon image correctly classified as weapon.,,efficientnet_b0,fold_3,clean,none,clean,weapon,weapon,0.99956876039505,True,True,img_00009539,img_00009539,img_00009539,datasets/splits/clean/fold_3/weapon/img_00009539.jpg,,,,,,
efficientnet_b0_chapter5_core_candidates_per_bucket_500_manual_per_bucket_3_target_predicted_label_chapter5_separate_assets_final,2026-05-23T08:10:49+00:00,efficientnet_b0__fold_4__clean_correct_weapon__clean__img_00013573,False,,,,,,case_bucket,clean_correct_weapon,3,,clean_correct_weapon,Clean weapon image correctly classified as weapon.,,efficientnet_b0,fold_4,clean,none,clean,weapon,weapon,0.999567687511444,True,True,img_00013573,img_00013573,img_00013573,datasets/splits/clean/fold_4/weapon/img_00013573.jpg,,,,,,
efficientnet_b0_chapter5_core_candidates_per_bucket_500_manual_per_bucket_3_target_predicted_label_chapter5_separate_assets_final,2026-05-23T08:10:49+00:00,efficientnet_b0__fold_2__clean_correct_weapon__clean__img_00014367,False,,,,,,case_bucket,clean_correct_weapon,3,,clean_correct_weapon,Clean weapon image correctly classified as weapon.,,efficientnet_b0,fold_2,clean,none,clean,weapon,weapon,0.9995483756065368,True,True,img_00014367,img_00014367,img_00014367,datasets/splits/clean/fold_2/weapon/img_00014367.jpeg,,,,,,
efficientnet_b0_chapter5_core_candidates_per_bucket_500_manual_per_bucket_3_target_predicted_label_chapter5_separate_assets_final,2026-05-23T08:10:49+00:00,efficientnet_b0__fold_3__clean_correct_weapon__clean__img_00000646,False,,,,,,case_bucket,clean_correct_weapon,3,,clean_correct_weapon,Clean weapon image correctly classified as weapon.,,efficientnet_b0,fold_3,clean,none,clean,weapon,weapon,0.9995360374450684,True,True,img_00000646,img_00000646,img_00000646,datasets/splits/clean/fold_3/weapon/img_00000646.jpg,,,,,,
efficientnet_b0_chapter5_core_candidates_per_bucket_500_manual_per_bucket_3_target_predicted_label_chapter5_separate_assets_final,2026-05-23T08:10:49+00:00,efficientnet_b0__fold_2__clean_correct_weapon__clean__img_00014383,False,,,,,,case_bucket,clean_correct_weapon,3,,clean_correct_weapon,Clean weapon image correctly classified as weapon.,,efficientnet_b0,fold_2,clean,none,clean,weapon,weapon,0.9995304346084596,True,True,img_00014383,img_00014383,img_00014383,datasets/splits/clean/fold_2/weapon/img_00014383.png,,,,,,
efficientnet_b0_chapter5_core_candidates_per_bucket_500_manual_per_bucket_3_target_predicted_label_chapter5_separate_assets_final,2026-05-23T08:10:49+00:00,efficientnet_b0__fold_4__clean_correct_weapon__clean__img_00013133,False,,,,,,case_bucket,clean_correct_weapon,3,,clean_correct_weapon,Clean weapon image correctly classified as weapon.,,efficientnet_b0,fold_4,clean,none,clean,weapon,weapon,0.999526858329773,True,True,img_00013133,img_00013133,img_00013133,datasets/splits/clean/fold_4/weapon/img_00013133.jpg,,,,,,
efficientnet_b0_chapter5_core_candidates_per_bucket_500_manual_per_bucket_3_target_predicted_label_chapter5_separate_assets_final,2026-05-23T08:10:49+00:00,efficientnet_b0__fold_5__clean_correct_weapon__clean__img_00013569,False,,,,,,case_bucket,clean_correct_weapon,3,,clean_correct_weapon,Clean weapon image correctly classified as weapon.,,efficientnet_b0,fold_5,clean,none,clean,weapon,weapon,0.9995265007019044,True,True,img_00013569,img_00013569,img_00013569,datasets/splits/clean/fold_5/weapon/img_00013569.jpg,,,,,,
efficientnet_b0_chapter5_core_candidates_per_bucket_500_manual_per_bucket_3_target_predicted_label_chapter5_separate_assets_final,2026-05-23T08:10:49+00:00,efficientnet_b0__fold_2__clean_correct_weapon__clean__img_00013633,False,,,,,,case_bucket,clean_correct_weapon,3,,clean_correct_weapon,Clean weapon image correctly classified as weapon.,,efficientnet_b0,fold_2,clean,none,clean,weapon,weapon,0.9995256662368774,True,True,img_00013633,img_00013633,img_00013633,datasets/splits/clean/fold_2/weapon/img_00013633.jpg,,,,,,
efficientnet_b0_chapter5_core_candidates_per_bucket_500_manual_per_bucket_3_target_predicted_label_chapter5_separate_assets_final,2026-05-23T08:10:49+00:00,efficientnet_b0__fold_2__clean_correct_weapon__clean__img_00009542,False,,,,,,case_bucket,clean_correct_weapon,3,,clean_correct_weapon,Clean weapon image correctly classified as weapon.,,efficientnet_b0,fold_2,clean,none,clean,weapon,weapon,0.9995183944702148,True,True,img_00009542,img_00009542,img_00009542,datasets/splits/clean/fold_2/weapon/img_00009542.jpg,,,,,,
efficientnet_b0_chapter5_core_candidates_per_bucket_500_manual_per_bucket_3_target_predicted_label_chapter5_separate_assets_final,2026-05-23T08:10:49+00:00,efficientnet_b0__fold_5__clean_correct_weapon__clean__img_00013584,False,,,,,,case_bucket,clean_correct_weapon,3,,clean_correct_weapon,Clean weapon image correctly classified as weapon.,,efficientnet_b0,fold_5,clean,none,clean,weapon,weapon,0.9995155334472656,True,True,img_00013584,img_00013584,img_00013584,datasets/splits/clean/fold_5/weapon/img_00013584.jpg,,,,,,
efficientnet_b0_chapter5_core_candidates_per_bucket_500_manual_per_bucket_3_target_predicted_label_chapter5_separate_assets_final,2026-05-23T08:10:49+00:00,efficientnet_b0__fold_2__clean_correct_weapon__clean__img_00001525,False,,,,,,case_bucket,clean_correct_weapon,3,,clean_correct_weapon,Clean weapon image correctly classified as weapon.,,efficientnet_b0,fold_2,clean,none,clean,weapon,weapon,0.9995150566101074,True,True,img_00001525,img_00001525,img_00001525,datasets/splits/clean/fold_2/weapon/img_00001525.jpg,,,,,,
efficientnet_b0_chapter5_core_candidates_per_bucket_500_manual_per_bucket_3_target_predicted_label_chapter5_separate_assets_final,2026-05-23T08:10:49+00:00,efficientnet_b0__fold_4__clean_correct_weapon__clean__img_00000150,False,,,,,,case_bucket,clean_correct_weapon,3,,clean_correct_weapon,Clean weapon image correctly classified as weapon.,,efficientnet_b0,fold_4,clean,none,clean,weapon,weapon,0.9995028972625732,True,True,img_00000150,img_00000150,img_00000150,datasets/splits/clean/fold_4/weapon/img_00000150.jpeg,,,,,,
efficientnet_b0_chapter5_core_candidates_per_bucket_500_manual_per_bucket_3_target_predicted_label_chapter5_separate_assets_final,2026-05-23T08:10:49+00:00,efficientnet_b0__fold_4__clean_correct_weapon__clean__img_00000327,False,,,,,,case_bucket,clean_correct_weapon,3,,clean_correct_weapon,Clean weapon image correctly classified as weapon.,,efficientnet_b0,fold_4,clean,none,clean,weapon,weapon,0.9994964599609376,True,True,img_00000327,img_00000327,img_00000327,datasets/splits/clean/fold_4/weapon/img_00000327.jpeg,,,,,,
efficientnet_b0_chapter5_core_candidates_per_bucket_500_manual_per_bucket_3_target_predicted_label_chapter5_separate_assets_final,2026-05-23T08:10:49+00:00,efficientnet_b0__fold_1__clean_correct_weapon__clean__img_00000648,False,,,,,,case_bucket,clean_correct_weapon,3,,clean_correct_weapon,Clean weapon image correctly classified as weapon.,,efficientnet_b0,fold_1,clean,none,clean,weapon,weapon,0.999487042427063,True,True,img_00000648,img_00000648,img_00000648,datasets/splits/clean/fold_1/weapon/img_00000648.jpg,,,,,,
efficientnet_b0_chapter5_core_candidates_per_bucket_500_manual_per_bucket_3_target_predicted_label_chapter5_separate_assets_final,2026-05-23T08:10:49+00:00,efficientnet_b0__fold_5__clean_correct_weapon__clean__img_00000168,False,,,,,,case_bucket,clean_correct_weapon,3,,clean_correct_weapon,Clean weapon image correctly classified as weapon.,,efficientnet_b0,fold_5,clean,none,clean,weapon,weapon,0.9994866847991944,True,True,img_00000168,img_00000168,img_00000168,datasets/splits/clean/fold_5/weapon/img_00000168.jpeg,,,,,,
efficientnet_b0_chapter5_core_candidates_per_bucket_500_manual_per_bucket_3_target_predicted_label_chapter5_separate_assets_final,2026-05-23T08:10:49+00:00,efficientnet_b0__fold_3__clean_correct_weapon__clean__img_00013520,False,,,,,,case_bucket,clean_correct_weapon,3,,clean_correct_weapon,Clean weapon image correctly classified as weapon.,,efficientnet_b0,fold_3,clean,none,clean,weapon,weapon,0.9994837045669556,True,True,img_00013520,img_00013520,img_00013520,datasets/splits/clean/fold_3/weapon/img_00013520.jpg,,,,,,
efficientnet_b0_chapter5_core_candidates_per_bucket_500_manual_per_bucket_3_target_predicted_label_chapter5_separate_assets_final,2026-05-23T08:10:49+00:00,efficientnet_b0__fold_5__clean_correct_weapon__clean__img_00000340,False,,,,,,case_bucket,clean_correct_weapon,3,,clean_correct_weapon,Clean weapon image correctly classified as weapon.,,efficientnet_b0,fold_5,clean,none,clean,weapon,weapon,0.9994804263114928,True,True,img_00000340,img_00000340,img_00000340,datasets/splits/clean/fold_5/weapon/img_00000340.jpeg,,,,,,
efficientnet_b0_chapter5_core_candidates_per_bucket_500_manual_per_bucket_3_target_predicted_label_chapter5_separate_assets_final,2026-05-23T08:10:49+00:00,efficientnet_b0__fold_2__clean_correct_weapon__clean__img_00013012,False,,,,,,case_bucket,clean_correct_weapon,3,,clean_correct_weapon,Clean weapon image correctly classified as weapon.,,efficientnet_b0,fold_2,clean,none,clean,weapon,weapon,0.9994800686836244,True,True,img_00013012,img_00013012,img_00013012,datasets/splits/clean/fold_2/weapon/img_00013012.jpg,,,,,,
efficientnet_b0_chapter5_core_candidates_per_bucket_500_manual_per_bucket_3_target_predicted_label_chapter5_separate_assets_final,2026-05-23T08:10:49+00:00,efficientnet_b0__fold_3__clean_correct_weapon__clean__img_00012685,False,,,,,,case_bucket,clean_correct_weapon,3,,clean_correct_weapon,Clean weapon image correctly classified as weapon.,,efficientnet_b0,fold_3,clean,none,clean,weapon,weapon,0.999479353427887,True,True,img_00012685,img_00012685,img_00012685,datasets/splits/clean/fold_3/weapon/img_00012685.jpg,,,,,,
efficientnet_b0_chapter5_core_candidates_per_bucket_500_manual_per_bucket_3_target_predicted_label_chapter5_separate_assets_final,2026-05-23T08:10:49+00:00,efficientnet_b0__fold_5__clean_correct_weapon__clean__img_00014522,False,,,,,,case_bucket,clean_correct_weapon,3,,clean_correct_weapon,Clean weapon image correctly classified as weapon.,,efficientnet_b0,fold_5,clean,none,clean,weapon,weapon,0.9994649291038512,True,True,img_00014522,img_00014522,img_00014522,datasets/splits/clean/fold_5/weapon/img_00014522.jpeg,,,,,,
efficientnet_b0_chapter5_core_candidates_per_bucket_500_manual_per_bucket_3_target_predicted_label_chapter5_separate_assets_final,2026-05-23T08:10:49+00:00,efficientnet_b0__fold_5__clean_correct_weapon__clean__img_00012810,False,,,,,,case_bucket,clean_correct_weapon,3,,clean_correct_weapon,Clean weapon image correctly classified as weapon.,,efficientnet_b0,fold_5,clean,none,clean,weapon,weapon,0.9994648098945618,True,True,img_00012810,img_00012810,img_00012810,datasets/splits/clean/fold_5/weapon/img_00012810.jpg,,,,,,
efficientnet_b0_chapter5_core_candidates_per_bucket_500_manual_per_bucket_3_target_predicted_label_chapter5_separate_assets_final,2026-05-23T08:10:49+00:00,efficientnet_b0__fold_1__clean_correct_weapon__clean__img_00013535,False,,,,,,case_bucket,clean_correct_weapon,3,,clean_correct_weapon,Clean weapon image correctly classified as weapon.,,efficientnet_b0,fold_1,clean,none,clean,weapon,weapon,0.9994634985923768,True,True,img_00013535,img_00013535,img_00013535,datasets/splits/clean/fold_1/weapon/img_00013535.jpg,,,,,,
efficientnet_b0_chapter5_core_candidates_per_bucket_500_manual_per_bucket_3_target_predicted_label_chapter5_separate_assets_final,2026-05-23T08:10:49+00:00,efficientnet_b0__fold_3__clean_correct_weapon__clean__img_00000484,False,,,,,,case_bucket,clean_correct_weapon,3,,clean_correct_weapon,Clean weapon image correctly classified as weapon.,,efficientnet_b0,fold_3,clean,none,clean,weapon,weapon,0.9994595646858216,True,True,img_00000484,img_00000484,img_00000484,datasets/splits/clean/fold_3/weapon/img_00000484.jpg,,,,,,
efficientnet_b0_chapter5_core_candidates_per_bucket_500_manual_per_bucket_3_target_predicted_label_chapter5_separate_assets_final,2026-05-23T08:10:49+00:00,efficientnet_b0__fold_2__clean_correct_weapon__clean__img_00013534,False,,,,,,case_bucket,clean_correct_weapon,3,,clean_correct_weapon,Clean weapon image correctly classified as weapon.,,efficientnet_b0,fold_2,clean,none,clean,weapon,weapon,0.9994577765464784,True,True,img_00013534,img_00013534,img_00013534,datasets/splits/clean/fold_2/weapon/img_00013534.jpg,,,,,,
efficientnet_b0_chapter5_core_candidates_per_bucket_500_manual_per_bucket_3_target_predicted_label_chapter5_separate_assets_final,2026-05-23T08:10:49+00:00,efficientnet_b0__fold_1__clean_correct_weapon__clean__img_00010548,False,,,,,,case_bucket,clean_correct_weapon,3,,clean_correct_weapon,Clean weapon image correctly classified as weapon.,,efficientnet_b0,fold_1,clean,none,clean,weapon,weapon,0.9994495511054992,True,True,img_00010548,img_00010548,img_00010548,datasets/splits/clean/fold_1/weapon/img_00010548.jpg,,,,,,
efficientnet_b0_chapter5_core_candidates_per_bucket_500_manual_per_bucket_3_target_predicted_label_chapter5_separate_assets_final,2026-05-23T08:10:49+00:00,efficientnet_b0__fold_4__clean_correct_weapon__clean__img_00000480,False,,,,,,case_bucket,clean_correct_weapon,3,,clean_correct_weapon,Clean weapon image correctly classified as weapon.,,efficientnet_b0,fold_4,clean,none,clean,weapon,weapon,0.99944669008255,True,True,img_00000480,img_00000480,img_00000480,datasets/splits/clean/fold_4/weapon/img_00000480.jpg,,,,,,
efficientnet_b0_chapter5_core_candidates_per_bucket_500_manual_per_bucket_3_target_predicted_label_chapter5_separate_assets_final,2026-05-23T08:10:49+00:00,efficientnet_b0__fold_4__clean_correct_weapon__clean__img_00000035,False,,,,,,case_bucket,clean_correct_weapon,3,,clean_correct_weapon,Clean weapon image correctly classified as weapon.,,efficientnet_b0,fold_4,clean,none,clean,weapon,weapon,0.9994428753852844,True,True,img_00000035,img_00000035,img_00000035,datasets/splits/clean/fold_4/weapon/img_00000035.jpeg,,,,,,
efficientnet_b0_chapter5_core_candidates_per_bucket_500_manual_per_bucket_3_target_predicted_label_chapter5_separate_assets_final,2026-05-23T08:10:49+00:00,efficientnet_b0__fold_1__clean_correct_weapon__clean__img_00013583,False,,,,,,case_bucket,clean_correct_weapon,3,,clean_correct_weapon,Clean weapon image correctly classified as weapon.,,efficientnet_b0,fold_1,clean,none,clean,weapon,weapon,0.9994254112243652,True,True,img_00013583,img_00013583,img_00013583,datasets/splits/clean/fold_1/weapon/img_00013583.jpg,,,,,,
efficientnet_b0_chapter5_core_candidates_per_bucket_500_manual_per_bucket_3_target_predicted_label_chapter5_separate_assets_final,2026-05-23T08:10:49+00:00,efficientnet_b0__fold_1__clean_correct_weapon__clean__img_00012721,False,,,,,,case_bucket,clean_correct_weapon,3,,clean_correct_weapon,Clean weapon image correctly classified as weapon.,,efficientnet_b0,fold_1,clean,none,clean,weapon,weapon,0.9994174242019652,True,True,img_00012721,img_00012721,img_00012721,datasets/splits/clean/fold_1/weapon/img_00012721.jpg,,,,,,
efficientnet_b0_chapter5_core_candidates_per_bucket_500_manual_per_bucket_3_target_predicted_label_chapter5_separate_assets_final,2026-05-23T08:10:49+00:00,efficientnet_b0__fold_4__clean_correct_weapon__clean__img_00000650,False,,,,,,case_bucket,clean_correct_weapon,3,,clean_correct_weapon,Clean weapon image correctly classified as weapon.,,efficientnet_b0,fold_4,clean,none,clean,weapon,weapon,0.9994169473648072,True,True,img_00000650,img_00000650,img_00000650,datasets/splits/clean/fold_4/weapon/img_00000650.jpg,,,,,,
efficientnet_b0_chapter5_core_candidates_per_bucket_500_manual_per_bucket_3_target_predicted_label_chapter5_separate_assets_final,2026-05-23T08:10:49+00:00,efficientnet_b0__fold_3__clean_correct_weapon__clean__img_00000147,False,,,,,,case_bucket,clean_correct_weapon,3,,clean_correct_weapon,Clean weapon image correctly classified as weapon.,,efficientnet_b0,fold_3,clean,none,clean,weapon,weapon,0.99940025806427,True,True,img_00000147,img_00000147,img_00000147,datasets/splits/clean/fold_3/weapon/img_00000147.jpeg,,,,,,
efficientnet_b0_chapter5_core_candidates_per_bucket_500_manual_per_bucket_3_target_predicted_label_chapter5_separate_assets_final,2026-05-23T08:10:49+00:00,efficientnet_b0__fold_4__clean_correct_weapon__clean__img_00000130,False,,,,,,case_bucket,clean_correct_weapon,3,,clean_correct_weapon,Clean weapon image correctly classified as weapon.,,efficientnet_b0,fold_4,clean,none,clean,weapon,weapon,0.9993958473205566,True,True,img_00000130,img_00000130,img_00000130,datasets/splits/clean/fold_4/weapon/img_00000130.jpeg,,,,,,
efficientnet_b0_chapter5_core_candidates_per_bucket_500_manual_per_bucket_3_target_predicted_label_chapter5_separate_assets_final,2026-05-23T08:10:49+00:00,efficientnet_b0__fold_3__clean_correct_weapon__clean__img_00000160,False,,,,,,case_bucket,clean_correct_weapon,3,,clean_correct_weapon,Clean weapon image correctly classified as weapon.,,efficientnet_b0,fold_3,clean,none,clean,weapon,weapon,0.9993610978126526,True,True,img_00000160,img_00000160,img_00000160,datasets/splits/clean/fold_3/weapon/img_00000160.png,,,,,,
efficientnet_b0_chapter5_core_candidates_per_bucket_500_manual_per_bucket_3_target_predicted_label_chapter5_separate_assets_final,2026-05-23T08:10:49+00:00,efficientnet_b0__fold_3__clean_correct_weapon__clean__img_00012630,False,,,,,,case_bucket,clean_correct_weapon,3,,clean_correct_weapon,Clean weapon image correctly classified as weapon.,,efficientnet_b0,fold_3,clean,none,clean,weapon,weapon,0.9993407130241394,True,True,img_00012630,img_00012630,img_00012630,datasets/splits/clean/fold_3/weapon/img_00012630.jpg,,,,,,
efficientnet_b0_chapter5_core_candidates_per_bucket_500_manual_per_bucket_3_target_predicted_label_chapter5_separate_assets_final,2026-05-23T08:10:49+00:00,efficientnet_b0__fold_4__clean_correct_weapon__clean__img_00013140,False,,,,,,case_bucket,clean_correct_weapon,3,,clean_correct_weapon,Clean weapon image correctly classified as weapon.,,efficientnet_b0,fold_4,clean,none,clean,weapon,weapon,0.999338924884796,True,True,img_00013140,img_00013140,img_00013140,datasets/splits/clean/fold_4/weapon/img_00013140.jpg,,,,,,
efficientnet_b0_chapter5_core_candidates_per_bucket_500_manual_per_bucket_3_target_predicted_label_chapter5_separate_assets_final,2026-05-23T08:10:49+00:00,efficientnet_b0__fold_3__clean_correct_weapon__clean__img_00000567,False,,,,,,case_bucket,clean_correct_weapon,3,,clean_correct_weapon,Clean weapon image correctly classified as weapon.,,efficientnet_b0,fold_3,clean,none,clean,weapon,weapon,0.9992996454238892,True,True,img_00000567,img_00000567,img_00000567,datasets/splits/clean/fold_3/weapon/img_00000567.jpg,,,,,,
efficientnet_b0_chapter5_core_candidates_per_bucket_500_manual_per_bucket_3_target_predicted_label_chapter5_separate_assets_final,2026-05-23T08:10:49+00:00,efficientnet_b0__fold_5__clean_correct_weapon__clean__img_00008535,False,,,,,,case_bucket,clean_correct_weapon,3,,clean_correct_weapon,Clean weapon image correctly classified as weapon.,,efficientnet_b0,fold_5,clean,none,clean,weapon,weapon,0.9992985725402832,True,True,img_00008535,img_00008535,img_00008535,datasets/splits/clean/fold_5/weapon/img_00008535.jpg,,,,,,
efficientnet_b0_chapter5_core_candidates_per_bucket_500_manual_per_bucket_3_target_predicted_label_chapter5_separate_assets_final,2026-05-23T08:10:49+00:00,efficientnet_b0__fold_1__clean_correct_weapon__clean__img_00012700,False,,,,,,case_bucket,clean_correct_weapon,3,,clean_correct_weapon,Clean weapon image correctly classified as weapon.,,efficientnet_b0,fold_1,clean,none,clean,weapon,weapon,0.9992745518684388,True,True,img_00012700,img_00012700,img_00012700,datasets/splits/clean/fold_1/weapon/img_00012700.jpg,,,,,,
efficientnet_b0_chapter5_core_candidates_per_bucket_500_manual_per_bucket_3_target_predicted_label_chapter5_separate_assets_final,2026-05-23T08:10:49+00:00,efficientnet_b0__fold_3__clean_correct_weapon__clean__img_00000354,False,,,,,,case_bucket,clean_correct_weapon,3,,clean_correct_weapon,Clean weapon image correctly classified as weapon.,,efficientnet_b0,fold_3,clean,none,clean,weapon,weapon,0.9992690682411194,True,True,img_00000354,img_00000354,img_00000354,datasets/splits/clean/fold_3/weapon/img_00000354.jpeg,,,,,,
efficientnet_b0_chapter5_core_candidates_per_bucket_500_manual_per_bucket_3_target_predicted_label_chapter5_separate_assets_final,2026-05-23T08:10:49+00:00,efficientnet_b0__fold_4__clean_correct_weapon__clean__img_00012741,False,,,,,,case_bucket,clean_correct_weapon,3,,clean_correct_weapon,Clean weapon image correctly classified as weapon.,,efficientnet_b0,fold_4,clean,none,clean,weapon,weapon,0.9992235898971558,True,True,img_00012741,img_00012741,img_00012741,datasets/splits/clean/fold_4/weapon/img_00012741.png,,,,,,
efficientnet_b0_chapter5_core_candidates_per_bucket_500_manual_per_bucket_3_target_predicted_label_chapter5_separate_assets_final,2026-05-23T08:10:49+00:00,efficientnet_b0__fold_4__clean_correct_weapon__clean__img_00012693,False,,,,,,case_bucket,clean_correct_weapon,3,,clean_correct_weapon,Clean weapon image correctly classified as weapon.,,efficientnet_b0,fold_4,clean,none,clean,weapon,weapon,0.9992228746414183,True,True,img_00012693,img_00012693,img_00012693,datasets/splits/clean/fold_4/weapon/img_00012693.jpg,,,,,,
efficientnet_b0_chapter5_core_candidates_per_bucket_500_manual_per_bucket_3_target_predicted_label_chapter5_separate_assets_final,2026-05-23T08:10:49+00:00,efficientnet_b0__fold_2__clean_correct_weapon__clean__img_00000483,False,,,,,,case_bucket,clean_correct_weapon,3,,clean_correct_weapon,Clean weapon image correctly classified as weapon.,,efficientnet_b0,fold_2,clean,none,clean,weapon,weapon,0.9992125034332277,True,True,img_00000483,img_00000483,img_00000483,datasets/splits/clean/fold_2/weapon/img_00000483.jpg,,,,,,
efficientnet_b0_chapter5_core_candidates_per_bucket_500_manual_per_bucket_3_target_predicted_label_chapter5_separate_assets_final,2026-05-23T08:10:49+00:00,efficientnet_b0__fold_3__clean_correct_weapon__clean__img_00012755,False,,,,,,case_bucket,clean_correct_weapon,3,,clean_correct_weapon,Clean weapon image correctly classified as weapon.,,efficientnet_b0,fold_3,clean,none,clean,weapon,weapon,0.9991974234580994,True,True,img_00012755,img_00012755,img_00012755,datasets/splits/clean/fold_3/weapon/img_00012755.jpg,,,,,,
efficientnet_b0_chapter5_core_candidates_per_bucket_500_manual_per_bucket_3_target_predicted_label_chapter5_separate_assets_final,2026-05-23T08:10:49+00:00,efficientnet_b0__fold_4__clean_correct_weapon__clean__img_00014471,False,,,,,,case_bucket,clean_correct_weapon,3,,clean_correct_weapon,Clean weapon image correctly classified as weapon.,,efficientnet_b0,fold_4,clean,none,clean,weapon,weapon,0.9991785883903505,True,True,img_00014471,img_00014471,img_00014471,datasets/splits/clean/fold_4/weapon/img_00014471.jpeg,,,,,,
efficientnet_b0_chapter5_core_candidates_per_bucket_500_manual_per_bucket_3_target_predicted_label_chapter5_separate_assets_final,2026-05-23T08:10:49+00:00,efficientnet_b0__fold_2__clean_correct_weapon__clean__img_00014512,False,,,,,,case_bucket,clean_correct_weapon,3,,clean_correct_weapon,Clean weapon image correctly classified as weapon.,,efficientnet_b0,fold_2,clean,none,clean,weapon,weapon,0.9991763234138488,True,True,img_00014512,img_00014512,img_00014512,datasets/splits/clean/fold_2/weapon/img_00014512.jpeg,,,,,,
efficientnet_b0_chapter5_core_candidates_per_bucket_500_manual_per_bucket_3_target_predicted_label_chapter5_separate_assets_final,2026-05-23T08:10:49+00:00,efficientnet_b0__fold_2__clean_correct_weapon__clean__img_00000158,False,,,,,,case_bucket,clean_correct_weapon,3,,clean_correct_weapon,Clean weapon image correctly classified as weapon.,,efficientnet_b0,fold_2,clean,none,clean,weapon,weapon,0.9991745352745056,True,True,img_00000158,img_00000158,img_00000158,datasets/splits/clean/fold_2/weapon/img_00000158.jpeg,,,,,,
efficientnet_b0_chapter5_core_candidates_per_bucket_500_manual_per_bucket_3_target_predicted_label_chapter5_separate_assets_final,2026-05-23T08:10:49+00:00,efficientnet_b0__fold_5__clean_correct_weapon__clean__img_00014444,False,,,,,,case_bucket,clean_correct_weapon,3,,clean_correct_weapon,Clean weapon image correctly classified as weapon.,,efficientnet_b0,fold_5,clean,none,clean,weapon,weapon,0.9991382360458374,True,True,img_00014444,img_00014444,img_00014444,datasets/splits/clean/fold_5/weapon/img_00014444.jpeg,,,,,,
efficientnet_b0_chapter5_core_candidates_per_bucket_500_manual_per_bucket_3_target_predicted_label_chapter5_separate_assets_final,2026-05-23T08:10:49+00:00,efficientnet_b0__fold_2__clean_correct_weapon__clean__img_00012887,False,,,,,,case_bucket,clean_correct_weapon,3,,clean_correct_weapon,Clean weapon image correctly classified as weapon.,,efficientnet_b0,fold_2,clean,none,clean,weapon,weapon,0.999123752117157,True,True,img_00012887,img_00012887,img_00012887,datasets/splits/clean/fold_2/weapon/img_00012887.jpg,,,,,,
efficientnet_b0_chapter5_core_candidates_per_bucket_500_manual_per_bucket_3_target_predicted_label_chapter5_separate_assets_final,2026-05-23T08:10:49+00:00,efficientnet_b0__fold_2__clean_correct_weapon__clean__img_00013126,False,,,,,,case_bucket,clean_correct_weapon,3,,clean_correct_weapon,Clean weapon image correctly classified as weapon.,,efficientnet_b0,fold_2,clean,none,clean,weapon,weapon,0.9991217255592346,True,True,img_00013126,img_00013126,img_00013126,datasets/splits/clean/fold_2/weapon/img_00013126.jpg,,,,,,
efficientnet_b0_chapter5_core_candidates_per_bucket_500_manual_per_bucket_3_target_predicted_label_chapter5_separate_assets_final,2026-05-23T08:10:49+00:00,efficientnet_b0__fold_4__clean_correct_weapon__clean__img_00014530,False,,,,,,case_bucket,clean_correct_weapon,3,,clean_correct_weapon,Clean weapon image correctly classified as weapon.,,efficientnet_b0,fold_4,clean,none,clean,weapon,weapon,0.9991212487220764,True,True,img_00014530,img_00014530,img_00014530,datasets/splits/clean/fold_4/weapon/img_00014530.jpeg,,,,,,
efficientnet_b0_chapter5_core_candidates_per_bucket_500_manual_per_bucket_3_target_predicted_label_chapter5_separate_assets_final,2026-05-23T08:10:49+00:00,efficientnet_b0__fold_2__clean_correct_weapon__clean__img_00000146,False,,,,,,case_bucket,clean_correct_weapon,3,,clean_correct_weapon,Clean weapon image correctly classified as weapon.,,efficientnet_b0,fold_2,clean,none,clean,weapon,weapon,0.9991161227226256,True,True,img_00000146,img_00000146,img_00000146,datasets/splits/clean/fold_2/weapon/img_00000146.jpeg,,,,,,
efficientnet_b0_chapter5_core_candidates_per_bucket_500_manual_per_bucket_3_target_predicted_label_chapter5_separate_assets_final,2026-05-23T08:10:49+00:00,efficientnet_b0__fold_1__clean_correct_weapon__clean__img_00000272,False,,,,,,case_bucket,clean_correct_weapon,3,,clean_correct_weapon,Clean weapon image correctly classified as weapon.,,efficientnet_b0,fold_1,clean,none,clean,weapon,weapon,0.9991112351417542,True,True,img_00000272,img_00000272,img_00000272,datasets/splits/clean/fold_1/weapon/img_00000272.jpeg,,,,,,
efficientnet_b0_chapter5_core_candidates_per_bucket_500_manual_per_bucket_3_target_predicted_label_chapter5_separate_assets_final,2026-05-23T08:10:49+00:00,efficientnet_b0__fold_3__clean_correct_weapon__clean__img_00012743,False,,,,,,case_bucket,clean_correct_weapon,3,,clean_correct_weapon,Clean weapon image correctly classified as weapon.,,efficientnet_b0,fold_3,clean,none,clean,weapon,weapon,0.999106466770172,True,True,img_00012743,img_00012743,img_00012743,datasets/splits/clean/fold_3/weapon/img_00012743.jpg,,,,,,
efficientnet_b0_chapter5_core_candidates_per_bucket_500_manual_per_bucket_3_target_predicted_label_chapter5_separate_assets_final,2026-05-23T08:10:49+00:00,efficientnet_b0__fold_1__clean_correct_weapon__clean__img_00012791,False,,,,,,case_bucket,clean_correct_weapon,3,,clean_correct_weapon,Clean weapon image correctly classified as weapon.,,efficientnet_b0,fold_1,clean,none,clean,weapon,weapon,0.9991025924682616,True,True,img_00012791,img_00012791,img_00012791,datasets/splits/clean/fold_1/weapon/img_00012791.jpg,,,,,,
efficientnet_b0_chapter5_core_candidates_per_bucket_500_manual_per_bucket_3_target_predicted_label_chapter5_separate_assets_final,2026-05-23T08:10:49+00:00,efficientnet_b0__fold_4__clean_correct_weapon__clean__img_00014402,False,,,,,,case_bucket,clean_correct_weapon,3,,clean_correct_weapon,Clean weapon image correctly classified as weapon.,,efficientnet_b0,fold_4,clean,none,clean,weapon,weapon,0.9990860223770142,True,True,img_00014402,img_00014402,img_00014402,datasets/splits/clean/fold_4/weapon/img_00014402.jpeg,,,,,,
efficientnet_b0_chapter5_core_candidates_per_bucket_500_manual_per_bucket_3_target_predicted_label_chapter5_separate_assets_final,2026-05-23T08:10:49+00:00,efficientnet_b0__fold_1__clean_correct_weapon__clean__img_00000729,False,,,,,,case_bucket,clean_correct_weapon,3,,clean_correct_weapon,Clean weapon image correctly classified as weapon.,,efficientnet_b0,fold_1,clean,none,clean,weapon,weapon,0.999077320098877,True,True,img_00000729,img_00000729,img_00000729,datasets/splits/clean/fold_1/weapon/img_00000729.jpg,,,,,,
efficientnet_b0_chapter5_core_candidates_per_bucket_500_manual_per_bucket_3_target_predicted_label_chapter5_separate_assets_final,2026-05-23T08:10:49+00:00,efficientnet_b0__fold_2__clean_correct_weapon__clean__img_00014511,False,,,,,,case_bucket,clean_correct_weapon,3,,clean_correct_weapon,Clean weapon image correctly classified as weapon.,,efficientnet_b0,fold_2,clean,none,clean,weapon,weapon,0.99897563457489,True,True,img_00014511,img_00014511,img_00014511,datasets/splits/clean/fold_2/weapon/img_00014511.jpeg,,,,,,
efficientnet_b0_chapter5_core_candidates_per_bucket_500_manual_per_bucket_3_target_predicted_label_chapter5_separate_assets_final,2026-05-23T08:10:49+00:00,efficientnet_b0__fold_2__clean_correct_weapon__clean__img_00014437,False,,,,,,case_bucket,clean_correct_weapon,3,,clean_correct_weapon,Clean weapon image correctly classified as weapon.,,efficientnet_b0,fold_2,clean,none,clean,weapon,weapon,0.9989607334136964,True,True,img_00014437,img_00014437,img_00014437,datasets/splits/clean/fold_2/weapon/img_00014437.webp,,,,,,
efficientnet_b0_chapter5_core_candidates_per_bucket_500_manual_per_bucket_3_target_predicted_label_chapter5_separate_assets_final,2026-05-23T08:10:49+00:00,efficientnet_b0__fold_2__clean_correct_weapon__clean__img_00012982,False,,,,,,case_bucket,clean_correct_weapon,3,,clean_correct_weapon,Clean weapon image correctly classified as weapon.,,efficientnet_b0,fold_2,clean,none,clean,weapon,weapon,0.9989479184150696,True,True,img_00012982,img_00012982,img_00012982,datasets/splits/clean/fold_2/weapon/img_00012982.jpg,,,,,,
efficientnet_b0_chapter5_core_candidates_per_bucket_500_manual_per_bucket_3_target_predicted_label_chapter5_separate_assets_final,2026-05-23T08:10:49+00:00,efficientnet_b0__fold_2__clean_correct_weapon__clean__img_00012736,False,,,,,,case_bucket,clean_correct_weapon,3,,clean_correct_weapon,Clean weapon image correctly classified as weapon.,,efficientnet_b0,fold_2,clean,none,clean,weapon,weapon,0.9989312291145324,True,True,img_00012736,img_00012736,img_00012736,datasets/splits/clean/fold_2/weapon/img_00012736.png,,,,,,
efficientnet_b0_chapter5_core_candidates_per_bucket_500_manual_per_bucket_3_target_predicted_label_chapter5_separate_assets_final,2026-05-23T08:10:49+00:00,efficientnet_b0__fold_4__clean_correct_weapon__clean__img_00000815,False,,,,,,case_bucket,clean_correct_weapon,3,,clean_correct_weapon,Clean weapon image correctly classified as weapon.,,efficientnet_b0,fold_4,clean,none,clean,weapon,weapon,0.9989194869995116,True,True,img_00000815,img_00000815,img_00000815,datasets/splits/clean/fold_4/weapon/img_00000815.jpg,,,,,,
efficientnet_b0_chapter5_core_candidates_per_bucket_500_manual_per_bucket_3_target_predicted_label_chapter5_separate_assets_final,2026-05-23T08:10:49+00:00,efficientnet_b0__fold_4__clean_correct_weapon__clean__img_00014513,False,,,,,,case_bucket,clean_correct_weapon,3,,clean_correct_weapon,Clean weapon image correctly classified as weapon.,,efficientnet_b0,fold_4,clean,none,clean,weapon,weapon,0.9989038705825806,True,True,img_00014513,img_00014513,img_00014513,datasets/splits/clean/fold_4/weapon/img_00014513.jpeg,,,,,,
efficientnet_b0_chapter5_core_candidates_per_bucket_500_manual_per_bucket_3_target_predicted_label_chapter5_separate_assets_final,2026-05-23T08:10:49+00:00,efficientnet_b0__fold_3__clean_correct_weapon__clean__img_00012981,False,,,,,,case_bucket,clean_correct_weapon,3,,clean_correct_weapon,Clean weapon image correctly classified as weapon.,,efficientnet_b0,fold_3,clean,none,clean,weapon,weapon,0.9989025592803956,True,True,img_00012981,img_00012981,img_00012981,datasets/splits/clean/fold_3/weapon/img_00012981.jpg,,,,,,
efficientnet_b0_chapter5_core_candidates_per_bucket_500_manual_per_bucket_3_target_predicted_label_chapter5_separate_assets_final,2026-05-23T08:10:49+00:00,efficientnet_b0__fold_2__clean_correct_weapon__clean__img_00000247,False,,,,,,case_bucket,clean_correct_weapon,3,,clean_correct_weapon,Clean weapon image correctly classified as weapon.,,efficientnet_b0,fold_2,clean,none,clean,weapon,weapon,0.9988601207733154,True,True,img_00000247,img_00000247,img_00000247,datasets/splits/clean/fold_2/weapon/img_00000247.png,,,,,,
efficientnet_b0_chapter5_core_candidates_per_bucket_500_manual_per_bucket_3_target_predicted_label_chapter5_separate_assets_final,2026-05-23T08:10:49+00:00,efficientnet_b0__fold_4__clean_correct_weapon__clean__img_00014423,False,,,,,,case_bucket,clean_correct_weapon,3,,clean_correct_weapon,Clean weapon image correctly classified as weapon.,,efficientnet_b0,fold_4,clean,none,clean,weapon,weapon,0.9988433122634888,True,True,img_00014423,img_00014423,img_00014423,datasets/splits/clean/fold_4/weapon/img_00014423.webp,,,,,,
efficientnet_b0_chapter5_core_candidates_per_bucket_500_manual_per_bucket_3_target_predicted_label_chapter5_separate_assets_final,2026-05-23T08:10:49+00:00,efficientnet_b0__fold_1__clean_correct_weapon__clean__img_00000530,False,,,,,,case_bucket,clean_correct_weapon,3,,clean_correct_weapon,Clean weapon image correctly classified as weapon.,,efficientnet_b0,fold_1,clean,none,clean,weapon,weapon,0.9988343119621276,True,True,img_00000530,img_00000530,img_00000530,datasets/splits/clean/fold_1/weapon/img_00000530.jpg,,,,,,
efficientnet_b0_chapter5_core_candidates_per_bucket_500_manual_per_bucket_3_target_predicted_label_chapter5_separate_assets_final,2026-05-23T08:10:49+00:00,efficientnet_b0__fold_4__clean_correct_weapon__clean__img_00014520,False,,,,,,case_bucket,clean_correct_weapon,3,,clean_correct_weapon,Clean weapon image correctly classified as weapon.,,efficientnet_b0,fold_4,clean,none,clean,weapon,weapon,0.9988265633583068,True,True,img_00014520,img_00014520,img_00014520,datasets/splits/clean/fold_4/weapon/img_00014520.jpeg,,,,,,
efficientnet_b0_chapter5_core_candidates_per_bucket_500_manual_per_bucket_3_target_predicted_label_chapter5_separate_assets_final,2026-05-23T08:10:49+00:00,efficientnet_b0__fold_3__clean_correct_weapon__clean__img_00000533,False,,,,,,case_bucket,clean_correct_weapon,3,,clean_correct_weapon,Clean weapon image correctly classified as weapon.,,efficientnet_b0,fold_3,clean,none,clean,weapon,weapon,0.9987394213676452,True,True,img_00000533,img_00000533,img_00000533,datasets/splits/clean/fold_3/weapon/img_00000533.jpg,,,,,,
efficientnet_b0_chapter5_core_candidates_per_bucket_500_manual_per_bucket_3_target_predicted_label_chapter5_separate_assets_final,2026-05-23T08:10:49+00:00,efficientnet_b0__fold_5__clean_correct_weapon__clean__img_00000139,False,,,,,,case_bucket,clean_correct_weapon,3,,clean_correct_weapon,Clean weapon image correctly classified as weapon.,,efficientnet_b0,fold_5,clean,none,clean,weapon,weapon,0.99873286485672,True,True,img_00000139,img_00000139,img_00000139,datasets/splits/clean/fold_5/weapon/img_00000139.jpeg,,,,,,
efficientnet_b0_chapter5_core_candidates_per_bucket_500_manual_per_bucket_3_target_predicted_label_chapter5_separate_assets_final,2026-05-23T08:10:49+00:00,efficientnet_b0__fold_3__clean_correct_weapon__clean__img_00014462,False,,,,,,case_bucket,clean_correct_weapon,3,,clean_correct_weapon,Clean weapon image correctly classified as weapon.,,efficientnet_b0,fold_3,clean,none,clean,weapon,weapon,0.9987009763717652,True,True,img_00014462,img_00014462,img_00014462,datasets/splits/clean/fold_3/weapon/img_00014462.webp,,,,,,
efficientnet_b0_chapter5_core_candidates_per_bucket_500_manual_per_bucket_3_target_predicted_label_chapter5_separate_assets_final,2026-05-23T08:10:49+00:00,efficientnet_b0__fold_1__clean_correct_weapon__clean__img_00000535,False,,,,,,case_bucket,clean_correct_weapon,3,,clean_correct_weapon,Clean weapon image correctly classified as weapon.,,efficientnet_b0,fold_1,clean,none,clean,weapon,weapon,0.9986729621887208,True,True,img_00000535,img_00000535,img_00000535,datasets/splits/clean/fold_1/weapon/img_00000535.jpg,,,,,,
efficientnet_b0_chapter5_core_candidates_per_bucket_500_manual_per_bucket_3_target_predicted_label_chapter5_separate_assets_final,2026-05-23T08:10:49+00:00,efficientnet_b0__fold_2__clean_correct_weapon__clean__img_00000006,False,,,,,,case_bucket,clean_correct_weapon,3,,clean_correct_weapon,Clean weapon image correctly classified as weapon.,,efficientnet_b0,fold_2,clean,none,clean,weapon,weapon,0.9986560344696044,True,True,img_00000006,img_00000006,img_00000006,datasets/splits/clean/fold_2/weapon/img_00000006.jpeg,,,,,,
efficientnet_b0_chapter5_core_candidates_per_bucket_500_manual_per_bucket_3_target_predicted_label_chapter5_separate_assets_final,2026-05-23T08:10:49+00:00,efficientnet_b0__fold_4__clean_correct_weapon__clean__img_00014435,False,,,,,,case_bucket,clean_correct_weapon,3,,clean_correct_weapon,Clean weapon image correctly classified as weapon.,,efficientnet_b0,fold_4,clean,none,clean,weapon,weapon,0.9986479878425598,True,True,img_00014435,img_00014435,img_00014435,datasets/splits/clean/fold_4/weapon/img_00014435.webp,,,,,,
efficientnet_b0_chapter5_core_candidates_per_bucket_500_manual_per_bucket_3_target_predicted_label_chapter5_separate_assets_final,2026-05-23T08:10:49+00:00,efficientnet_b0__fold_4__clean_correct_weapon__clean__img_00014420,False,,,,,,case_bucket,clean_correct_weapon,3,,clean_correct_weapon,Clean weapon image correctly classified as weapon.,,efficientnet_b0,fold_4,clean,none,clean,weapon,weapon,0.9986072182655334,True,True,img_00014420,img_00014420,img_00014420,datasets/splits/clean/fold_4/weapon/img_00014420.jpeg,,,,,,
efficientnet_b0_chapter5_core_candidates_per_bucket_500_manual_per_bucket_3_target_predicted_label_chapter5_separate_assets_final,2026-05-23T08:10:49+00:00,efficientnet_b0__fold_2__clean_correct_weapon__clean__img_00012653,False,,,,,,case_bucket,clean_correct_weapon,3,,clean_correct_weapon,Clean weapon image correctly classified as weapon.,,efficientnet_b0,fold_2,clean,none,clean,weapon,weapon,0.9986039996147156,True,True,img_00012653,img_00012653,img_00012653,datasets/splits/clean/fold_2/weapon/img_00012653.jpg,,,,,,
efficientnet_b0_chapter5_core_candidates_per_bucket_500_manual_per_bucket_3_target_predicted_label_chapter5_separate_assets_final,2026-05-23T08:10:49+00:00,efficientnet_b0__fold_3__clean_correct_weapon__clean__img_00012640,False,,,,,,case_bucket,clean_correct_weapon,3,,clean_correct_weapon,Clean weapon image correctly classified as weapon.,,efficientnet_b0,fold_3,clean,none,clean,weapon,weapon,0.9985790252685548,True,True,img_00012640,img_00012640,img_00012640,datasets/splits/clean/fold_3/weapon/img_00012640.jpg,,,,,,
efficientnet_b0_chapter5_core_candidates_per_bucket_500_manual_per_bucket_3_target_predicted_label_chapter5_separate_assets_final,2026-05-23T08:10:49+00:00,efficientnet_b0__fold_4__clean_correct_weapon__clean__img_00000221,False,,,,,,case_bucket,clean_correct_weapon,3,,clean_correct_weapon,Clean weapon image correctly classified as weapon.,,efficientnet_b0,fold_4,clean,none,clean,weapon,weapon,0.9985766410827636,True,True,img_00000221,img_00000221,img_00000221,datasets/splits/clean/fold_4/weapon/img_00000221.png,,,,,,
efficientnet_b0_chapter5_core_candidates_per_bucket_500_manual_per_bucket_3_target_predicted_label_chapter5_separate_assets_final,2026-05-23T08:10:49+00:00,efficientnet_b0__fold_5__clean_correct_weapon__clean__img_00012752,False,,,,,,case_bucket,clean_correct_weapon,3,,clean_correct_weapon,Clean weapon image correctly classified as weapon.,,efficientnet_b0,fold_5,clean,none,clean,weapon,weapon,0.9984723925590516,True,True,img_00012752,img_00012752,img_00012752,datasets/splits/clean/fold_5/weapon/img_00012752.jpg,,,,,,
efficientnet_b0_chapter5_core_candidates_per_bucket_500_manual_per_bucket_3_target_predicted_label_chapter5_separate_assets_final,2026-05-23T08:10:49+00:00,efficientnet_b0__fold_4__clean_correct_weapon__clean__img_00000477,False,,,,,,case_bucket,clean_correct_weapon,3,,clean_correct_weapon,Clean weapon image correctly classified as weapon.,,efficientnet_b0,fold_4,clean,none,clean,weapon,weapon,0.9984366297721864,True,True,img_00000477,img_00000477,img_00000477,datasets/splits/clean/fold_4/weapon/img_00000477.jpg,,,,,,
efficientnet_b0_chapter5_core_candidates_per_bucket_500_manual_per_bucket_3_target_predicted_label_chapter5_separate_assets_final,2026-05-23T08:10:49+00:00,efficientnet_b0__fold_4__clean_correct_weapon__clean__img_00012722,False,,,,,,case_bucket,clean_correct_weapon,3,,clean_correct_weapon,Clean weapon image correctly classified as weapon.,,efficientnet_b0,fold_4,clean,none,clean,weapon,weapon,0.9984233379364014,True,True,img_00012722,img_00012722,img_00012722,datasets/splits/clean/fold_4/weapon/img_00012722.jpg,,,,,,
efficientnet_b0_chapter5_core_candidates_per_bucket_500_manual_per_bucket_3_target_predicted_label_chapter5_separate_assets_final,2026-05-23T08:10:49+00:00,efficientnet_b0__fold_2__clean_correct_weapon__clean__img_00013621,False,,,,,,case_bucket,clean_correct_weapon,3,,clean_correct_weapon,Clean weapon image correctly classified as weapon.,,efficientnet_b0,fold_2,clean,none,clean,weapon,weapon,0.9984177350997924,True,True,img_00013621,img_00013621,img_00013621,datasets/splits/clean/fold_2/weapon/img_00013621.jpg,,,,,,
efficientnet_b0_chapter5_core_candidates_per_bucket_500_manual_per_bucket_3_target_predicted_label_chapter5_separate_assets_final,2026-05-23T08:10:49+00:00,efficientnet_b0__fold_5__clean_correct_weapon__clean__img_00004534,False,,,,,,case_bucket,clean_correct_weapon,3,,clean_correct_weapon,Clean weapon image correctly classified as weapon.,,efficientnet_b0,fold_5,clean,none,clean,weapon,weapon,0.9984159469604492,True,True,img_00004534,img_00004534,img_00004534,datasets/splits/clean/fold_5/weapon/img_00004534.jpg,,,,,,
efficientnet_b0_chapter5_core_candidates_per_bucket_500_manual_per_bucket_3_target_predicted_label_chapter5_separate_assets_final,2026-05-23T08:10:49+00:00,efficientnet_b0__fold_4__clean_correct_weapon__clean__img_00000352,False,,,,,,case_bucket,clean_correct_weapon,3,,clean_correct_weapon,Clean weapon image correctly classified as weapon.,,efficientnet_b0,fold_4,clean,none,clean,weapon,weapon,0.998367726802826,True,True,img_00000352,img_00000352,img_00000352,datasets/splits/clean/fold_4/weapon/img_00000352.jpeg,,,,,,
efficientnet_b0_chapter5_core_candidates_per_bucket_500_manual_per_bucket_3_target_predicted_label_chapter5_separate_assets_final,2026-05-23T08:10:49+00:00,efficientnet_b0__fold_4__clean_correct_weapon__clean__img_00010401,False,,,,,,case_bucket,clean_correct_weapon,3,,clean_correct_weapon,Clean weapon image correctly classified as weapon.,,efficientnet_b0,fold_4,clean,none,clean,weapon,weapon,0.9983304142951964,True,True,img_00010401,img_00010401,img_00010401,datasets/splits/clean/fold_4/weapon/img_00010401.jpg,,,,,,
efficientnet_b0_chapter5_core_candidates_per_bucket_500_manual_per_bucket_3_target_predicted_label_chapter5_separate_assets_final,2026-05-23T08:10:49+00:00,efficientnet_b0__fold_3__clean_correct_weapon__clean__img_00014432,False,,,,,,case_bucket,clean_correct_weapon,3,,clean_correct_weapon,Clean weapon image correctly classified as weapon.,,efficientnet_b0,fold_3,clean,none,clean,weapon,weapon,0.998318076133728,True,True,img_00014432,img_00014432,img_00014432,datasets/splits/clean/fold_3/weapon/img_00014432.jpeg,,,,,,
efficientnet_b0_chapter5_core_candidates_per_bucket_500_manual_per_bucket_3_target_predicted_label_chapter5_separate_assets_final,2026-05-23T08:10:49+00:00,efficientnet_b0__fold_4__clean_correct_weapon__clean__img_00000218,False,,,,,,case_bucket,clean_correct_weapon,3,,clean_correct_weapon,Clean weapon image correctly classified as weapon.,,efficientnet_b0,fold_4,clean,none,clean,weapon,weapon,0.9983118772506714,True,True,img_00000218,img_00000218,img_00000218,datasets/splits/clean/fold_4/weapon/img_00000218.jpeg,,,,,,
efficientnet_b0_chapter5_core_candidates_per_bucket_500_manual_per_bucket_3_target_predicted_label_chapter5_separate_assets_final,2026-05-23T08:10:49+00:00,efficientnet_b0__fold_2__clean_correct_weapon__clean__img_00014477,False,,,,,,case_bucket,clean_correct_weapon,3,,clean_correct_weapon,Clean weapon image correctly classified as weapon.,,efficientnet_b0,fold_2,clean,none,clean,weapon,weapon,0.9982901215553284,True,True,img_00014477,img_00014477,img_00014477,datasets/splits/clean/fold_2/weapon/img_00014477.jpeg,,,,,,
efficientnet_b0_chapter5_core_candidates_per_bucket_500_manual_per_bucket_3_target_predicted_label_chapter5_separate_assets_final,2026-05-23T08:10:49+00:00,efficientnet_b0__fold_2__clean_correct_weapon__clean__img_00012724,False,,,,,,case_bucket,clean_correct_weapon,3,,clean_correct_weapon,Clean weapon image correctly classified as weapon.,,efficientnet_b0,fold_2,clean,none,clean,weapon,weapon,0.9982482194900512,True,True,img_00012724,img_00012724,img_00012724,datasets/splits/clean/fold_2/weapon/img_00012724.jpg,,,,,,
efficientnet_b0_chapter5_core_candidates_per_bucket_500_manual_per_bucket_3_target_predicted_label_chapter5_separate_assets_final,2026-05-23T08:10:49+00:00,efficientnet_b0__fold_5__clean_correct_weapon__clean__img_00000803,False,,,,,,case_bucket,clean_correct_weapon,3,,clean_correct_weapon,Clean weapon image correctly classified as weapon.,,efficientnet_b0,fold_5,clean,none,clean,weapon,weapon,0.9982383251190186,True,True,img_00000803,img_00000803,img_00000803,datasets/splits/clean/fold_5/weapon/img_00000803.jpg,,,,,,
efficientnet_b0_chapter5_core_candidates_per_bucket_500_manual_per_bucket_3_target_predicted_label_chapter5_separate_assets_final,2026-05-23T08:10:49+00:00,efficientnet_b0__fold_2__clean_correct_weapon__clean__img_00013622,False,,,,,,case_bucket,clean_correct_weapon,3,,clean_correct_weapon,Clean weapon image correctly classified as weapon.,,efficientnet_b0,fold_2,clean,none,clean,weapon,weapon,0.998229205608368,True,True,img_00013622,img_00013622,img_00013622,datasets/splits/clean/fold_2/weapon/img_00013622.jpg,,,,,,
efficientnet_b0_chapter5_core_candidates_per_bucket_500_manual_per_bucket_3_target_predicted_label_chapter5_separate_assets_final,2026-05-23T08:10:49+00:00,efficientnet_b0__fold_5__clean_correct_weapon__clean__img_00012747,False,,,,,,case_bucket,clean_correct_weapon,3,,clean_correct_weapon,Clean weapon image correctly classified as weapon.,,efficientnet_b0,fold_5,clean,none,clean,weapon,weapon,0.9982184767723083,True,True,img_00012747,img_00012747,img_00012747,datasets/splits/clean/fold_5/weapon/img_00012747.jpg,,,,,,
efficientnet_b0_chapter5_core_candidates_per_bucket_500_manual_per_bucket_3_target_predicted_label_chapter5_separate_assets_final,2026-05-23T08:10:49+00:00,efficientnet_b0__fold_3__clean_correct_weapon__clean__img_00000153,False,,,,,,case_bucket,clean_correct_weapon,3,,clean_correct_weapon,Clean weapon image correctly classified as weapon.,,efficientnet_b0,fold_3,clean,none,clean,weapon,weapon,0.9982082843780518,True,True,img_00000153,img_00000153,img_00000153,datasets/splits/clean/fold_3/weapon/img_00000153.png,,,,,,
efficientnet_b0_chapter5_core_candidates_per_bucket_500_manual_per_bucket_3_target_predicted_label_chapter5_separate_assets_final,2026-05-23T08:10:49+00:00,efficientnet_b0__fold_1__clean_correct_weapon__clean__img_00000325,False,,,,,,case_bucket,clean_correct_weapon,3,,clean_correct_weapon,Clean weapon image correctly classified as weapon.,,efficientnet_b0,fold_1,clean,none,clean,weapon,weapon,0.998199701309204,True,True,img_00000325,img_00000325,img_00000325,datasets/splits/clean/fold_1/weapon/img_00000325.jpeg,,,,,,
efficientnet_b0_chapter5_core_candidates_per_bucket_500_manual_per_bucket_3_target_predicted_label_chapter5_separate_assets_final,2026-05-23T08:10:49+00:00,efficientnet_b0__fold_3__clean_correct_weapon__clean__img_00000129,False,,,,,,case_bucket,clean_correct_weapon,3,,clean_correct_weapon,Clean weapon image correctly classified as weapon.,,efficientnet_b0,fold_3,clean,none,clean,weapon,weapon,0.998181700706482,True,True,img_00000129,img_00000129,img_00000129,datasets/splits/clean/fold_3/weapon/img_00000129.jpeg,,,,,,
efficientnet_b0_chapter5_core_candidates_per_bucket_500_manual_per_bucket_3_target_predicted_label_chapter5_separate_assets_final,2026-05-23T08:10:49+00:00,efficientnet_b0__fold_3__clean_correct_weapon__clean__img_00014419,False,,,,,,case_bucket,clean_correct_weapon,3,,clean_correct_weapon,Clean weapon image correctly classified as weapon.,,efficientnet_b0,fold_3,clean,none,clean,weapon,weapon,0.9981704950332642,True,True,img_00014419,img_00014419,img_00014419,datasets/splits/clean/fold_3/weapon/img_00014419.jpeg,,,,,,
efficientnet_b0_chapter5_core_candidates_per_bucket_500_manual_per_bucket_3_target_predicted_label_chapter5_separate_assets_final,2026-05-23T08:10:49+00:00,efficientnet_b0__fold_2__clean_correct_weapon__clean__img_00000605,False,,,,,,case_bucket,clean_correct_weapon,3,,clean_correct_weapon,Clean weapon image correctly classified as weapon.,,efficientnet_b0,fold_2,clean,none,clean,weapon,weapon,0.9981332421302797,True,True,img_00000605,img_00000605,img_00000605,datasets/splits/clean/fold_2/weapon/img_00000605.jpg,,,,,,
efficientnet_b0_chapter5_core_candidates_per_bucket_500_manual_per_bucket_3_target_predicted_label_chapter5_separate_assets_final,2026-05-23T08:10:49+00:00,efficientnet_b0__fold_3__clean_correct_weapon__clean__img_00000839,False,,,,,,case_bucket,clean_correct_weapon,3,,clean_correct_weapon,Clean weapon image correctly classified as weapon.,,efficientnet_b0,fold_3,clean,none,clean,weapon,weapon,0.9981219172477722,True,True,img_00000839,img_00000839,img_00000839,datasets/splits/clean/fold_3/weapon/img_00000839.jpg,,,,,,
efficientnet_b0_chapter5_core_candidates_per_bucket_500_manual_per_bucket_3_target_predicted_label_chapter5_separate_assets_final,2026-05-23T08:10:49+00:00,efficientnet_b0__fold_4__clean_correct_weapon__clean__img_00000816,False,,,,,,case_bucket,clean_correct_weapon,3,,clean_correct_weapon,Clean weapon image correctly classified as weapon.,,efficientnet_b0,fold_4,clean,none,clean,weapon,weapon,0.9980599284172058,True,True,img_00000816,img_00000816,img_00000816,datasets/splits/clean/fold_4/weapon/img_00000816.jpg,,,,,,
efficientnet_b0_chapter5_core_candidates_per_bucket_500_manual_per_bucket_3_target_predicted_label_chapter5_separate_assets_final,2026-05-23T08:10:49+00:00,efficientnet_b0__fold_3__clean_correct_weapon__clean__img_00000016,False,,,,,,case_bucket,clean_correct_weapon,3,,clean_correct_weapon,Clean weapon image correctly classified as weapon.,,efficientnet_b0,fold_3,clean,none,clean,weapon,weapon,0.9980401396751404,True,True,img_00000016,img_00000016,img_00000016,datasets/splits/clean/fold_3/weapon/img_00000016.jpeg,,,,,,
efficientnet_b0_chapter5_core_candidates_per_bucket_500_manual_per_bucket_3_target_predicted_label_chapter5_separate_assets_final,2026-05-23T08:10:49+00:00,efficientnet_b0__fold_3__clean_correct_weapon__clean__img_00013553,False,,,,,,case_bucket,clean_correct_weapon,3,,clean_correct_weapon,Clean weapon image correctly classified as weapon.,,efficientnet_b0,fold_3,clean,none,clean,weapon,weapon,0.9980280995368958,True,True,img_00013553,img_00013553,img_00013553,datasets/splits/clean/fold_3/weapon/img_00013553.jpg,,,,,,
efficientnet_b0_chapter5_core_candidates_per_bucket_500_manual_per_bucket_3_target_predicted_label_chapter5_separate_assets_final,2026-05-23T08:10:49+00:00,efficientnet_b0__fold_1__clean_correct_weapon__clean__img_00014475,False,,,,,,case_bucket,clean_correct_weapon,3,,clean_correct_weapon,Clean weapon image correctly classified as weapon.,,efficientnet_b0,fold_1,clean,none,clean,weapon,weapon,0.9979984164237976,True,True,img_00014475,img_00014475,img_00014475,datasets/splits/clean/fold_1/weapon/img_00014475.jpeg,,,,,,
efficientnet_b0_chapter5_core_candidates_per_bucket_500_manual_per_bucket_3_target_predicted_label_chapter5_separate_assets_final,2026-05-23T08:10:49+00:00,efficientnet_b0__fold_5__clean_correct_weapon__clean__img_00012914,False,,,,,,case_bucket,clean_correct_weapon,3,,clean_correct_weapon,Clean weapon image correctly classified as weapon.,,efficientnet_b0,fold_5,clean,none,clean,weapon,weapon,0.9979885816574096,True,True,img_00012914,img_00012914,img_00012914,datasets/splits/clean/fold_5/weapon/img_00012914.jpg,,,,,,
efficientnet_b0_chapter5_core_candidates_per_bucket_500_manual_per_bucket_3_target_predicted_label_chapter5_separate_assets_final,2026-05-23T08:10:49+00:00,efficientnet_b0__fold_4__clean_correct_weapon__clean__img_00000020,False,,,,,,case_bucket,clean_correct_weapon,3,,clean_correct_weapon,Clean weapon image correctly classified as weapon.,,efficientnet_b0,fold_4,clean,none,clean,weapon,weapon,0.9979813694953918,True,True,img_00000020,img_00000020,img_00000020,datasets/splits/clean/fold_4/weapon/img_00000020.jpeg,,,,,,
efficientnet_b0_chapter5_core_candidates_per_bucket_500_manual_per_bucket_3_target_predicted_label_chapter5_separate_assets_final,2026-05-23T08:10:49+00:00,efficientnet_b0__fold_2__clean_correct_weapon__clean__img_00000127,False,,,,,,case_bucket,clean_correct_weapon,3,,clean_correct_weapon,Clean weapon image correctly classified as weapon.,,efficientnet_b0,fold_2,clean,none,clean,weapon,weapon,0.9979708790779114,True,True,img_00000127,img_00000127,img_00000127,datasets/splits/clean/fold_2/weapon/img_00000127.jpeg,,,,,,
efficientnet_b0_chapter5_core_candidates_per_bucket_500_manual_per_bucket_3_target_predicted_label_chapter5_separate_assets_final,2026-05-23T08:10:49+00:00,efficientnet_b0__fold_4__clean_correct_weapon__clean__img_00000022,False,,,,,,case_bucket,clean_correct_weapon,3,,clean_correct_weapon,Clean weapon image correctly classified as weapon.,,efficientnet_b0,fold_4,clean,none,clean,weapon,weapon,0.9978811144828796,True,True,img_00000022,img_00000022,img_00000022,datasets/splits/clean/fold_4/weapon/img_00000022.jpeg,,,,,,
efficientnet_b0_chapter5_core_candidates_per_bucket_500_manual_per_bucket_3_target_predicted_label_chapter5_separate_assets_final,2026-05-23T08:10:49+00:00,efficientnet_b0__fold_5__clean_correct_weapon__clean__img_00014400,False,,,,,,case_bucket,clean_correct_weapon,3,,clean_correct_weapon,Clean weapon image correctly classified as weapon.,,efficientnet_b0,fold_5,clean,none,clean,weapon,weapon,0.9978051781654358,True,True,img_00014400,img_00014400,img_00014400,datasets/splits/clean/fold_5/weapon/img_00014400.jpeg,,,,,,
efficientnet_b0_chapter5_core_candidates_per_bucket_500_manual_per_bucket_3_target_predicted_label_chapter5_separate_assets_final,2026-05-23T08:10:49+00:00,efficientnet_b0__fold_3__clean_correct_weapon__clean__img_00014517,False,,,,,,case_bucket,clean_correct_weapon,3,,clean_correct_weapon,Clean weapon image correctly classified as weapon.,,efficientnet_b0,fold_3,clean,none,clean,weapon,weapon,0.9977923631668092,True,True,img_00014517,img_00014517,img_00014517,datasets/splits/clean/fold_3/weapon/img_00014517.jpeg,,,,,,
efficientnet_b0_chapter5_core_candidates_per_bucket_500_manual_per_bucket_3_target_predicted_label_chapter5_separate_assets_final,2026-05-23T08:10:49+00:00,efficientnet_b0__fold_2__clean_correct_weapon__clean__img_00000231,False,,,,,,case_bucket,clean_correct_weapon,3,,clean_correct_weapon,Clean weapon image correctly classified as weapon.,,efficientnet_b0,fold_2,clean,none,clean,weapon,weapon,0.99777090549469,True,True,img_00000231,img_00000231,img_00000231,datasets/splits/clean/fold_2/weapon/img_00000231.jpeg,,,,,,
efficientnet_b0_chapter5_core_candidates_per_bucket_500_manual_per_bucket_3_target_predicted_label_chapter5_separate_assets_final,2026-05-23T08:10:49+00:00,efficientnet_b0__fold_1__clean_correct_weapon__clean__img_00012818,False,,,,,,case_bucket,clean_correct_weapon,3,,clean_correct_weapon,Clean weapon image correctly classified as weapon.,,efficientnet_b0,fold_1,clean,none,clean,weapon,weapon,0.9977685213088988,True,True,img_00012818,img_00012818,img_00012818,datasets/splits/clean/fold_1/weapon/img_00012818.jpg,,,,,,
efficientnet_b0_chapter5_core_candidates_per_bucket_500_manual_per_bucket_3_target_predicted_label_chapter5_separate_assets_final,2026-05-23T08:10:49+00:00,efficientnet_b0__fold_4__clean_correct_weapon__clean__img_00014440,False,,,,,,case_bucket,clean_correct_weapon,3,,clean_correct_weapon,Clean weapon image correctly classified as weapon.,,efficientnet_b0,fold_4,clean,none,clean,weapon,weapon,0.9977179765701294,True,True,img_00014440,img_00014440,img_00014440,datasets/splits/clean/fold_4/weapon/img_00014440.jpeg,,,,,,
efficientnet_b0_chapter5_core_candidates_per_bucket_500_manual_per_bucket_3_target_predicted_label_chapter5_separate_assets_final,2026-05-23T08:10:49+00:00,efficientnet_b0__fold_3__clean_correct_weapon__clean__img_00000167,False,,,,,,case_bucket,clean_correct_weapon,3,,clean_correct_weapon,Clean weapon image correctly classified as weapon.,,efficientnet_b0,fold_3,clean,none,clean,weapon,weapon,0.9976844787597656,True,True,img_00000167,img_00000167,img_00000167,datasets/splits/clean/fold_3/weapon/img_00000167.jpeg,,,,,,
efficientnet_b0_chapter5_core_candidates_per_bucket_500_manual_per_bucket_3_target_predicted_label_chapter5_separate_assets_final,2026-05-23T08:10:49+00:00,efficientnet_b0__fold_4__clean_correct_weapon__clean__img_00014366,False,,,,,,case_bucket,clean_correct_weapon,3,,clean_correct_weapon,Clean weapon image correctly classified as weapon.,,efficientnet_b0,fold_4,clean,none,clean,weapon,weapon,0.9976602792739868,True,True,img_00014366,img_00014366,img_00014366,datasets/splits/clean/fold_4/weapon/img_00014366.jpeg,,,,,,
efficientnet_b0_chapter5_core_candidates_per_bucket_500_manual_per_bucket_3_target_predicted_label_chapter5_separate_assets_final,2026-05-23T08:10:49+00:00,efficientnet_b0__fold_2__clean_correct_weapon__clean__img_00013555,False,,,,,,case_bucket,clean_correct_weapon,3,,clean_correct_weapon,Clean weapon image correctly classified as weapon.,,efficientnet_b0,fold_2,clean,none,clean,weapon,weapon,0.9975973963737488,True,True,img_00013555,img_00013555,img_00013555,datasets/splits/clean/fold_2/weapon/img_00013555.jpg,,,,,,
efficientnet_b0_chapter5_core_candidates_per_bucket_500_manual_per_bucket_3_target_predicted_label_chapter5_separate_assets_final,2026-05-23T08:10:49+00:00,efficientnet_b0__fold_3__clean_correct_weapon__clean__img_00013629,False,,,,,,case_bucket,clean_correct_weapon,3,,clean_correct_weapon,Clean weapon image correctly classified as weapon.,,efficientnet_b0,fold_3,clean,none,clean,weapon,weapon,0.9975478053092957,True,True,img_00013629,img_00013629,img_00013629,datasets/splits/clean/fold_3/weapon/img_00013629.jpg,,,,,,
efficientnet_b0_chapter5_core_candidates_per_bucket_500_manual_per_bucket_3_target_predicted_label_chapter5_separate_assets_final,2026-05-23T08:10:49+00:00,efficientnet_b0__fold_4__clean_correct_weapon__clean__img_00009550,False,,,,,,case_bucket,clean_correct_weapon,3,,clean_correct_weapon,Clean weapon image correctly classified as weapon.,,efficientnet_b0,fold_4,clean,none,clean,weapon,weapon,0.997541069984436,True,True,img_00009550,img_00009550,img_00009550,datasets/splits/clean/fold_4/weapon/img_00009550.jpg,,,,,,
efficientnet_b0_chapter5_core_candidates_per_bucket_500_manual_per_bucket_3_target_predicted_label_chapter5_separate_assets_final,2026-05-23T08:10:49+00:00,efficientnet_b0__fold_3__clean_correct_weapon__clean__img_00014381,False,,,,,,case_bucket,clean_correct_weapon,3,,clean_correct_weapon,Clean weapon image correctly classified as weapon.,,efficientnet_b0,fold_3,clean,none,clean,weapon,weapon,0.99750417470932,True,True,img_00014381,img_00014381,img_00014381,datasets/splits/clean/fold_3/weapon/img_00014381.webp,,,,,,
efficientnet_b0_chapter5_core_candidates_per_bucket_500_manual_per_bucket_3_target_predicted_label_chapter5_separate_assets_final,2026-05-23T08:10:49+00:00,efficientnet_b0__fold_3__clean_correct_weapon__clean__img_00000155,False,,,,,,case_bucket,clean_correct_weapon,3,,clean_correct_weapon,Clean weapon image correctly classified as weapon.,,efficientnet_b0,fold_3,clean,none,clean,weapon,weapon,0.9973914623260498,True,True,img_00000155,img_00000155,img_00000155,datasets/splits/clean/fold_3/weapon/img_00000155.jpeg,,,,,,
efficientnet_b0_chapter5_core_candidates_per_bucket_500_manual_per_bucket_3_target_predicted_label_chapter5_separate_assets_final,2026-05-23T08:10:49+00:00,efficientnet_b0__fold_3__clean_correct_weapon__clean__img_00014490,False,,,,,,case_bucket,clean_correct_weapon,3,,clean_correct_weapon,Clean weapon image correctly classified as weapon.,,efficientnet_b0,fold_3,clean,none,clean,weapon,weapon,0.9972909092903136,True,True,img_00014490,img_00014490,img_00014490,datasets/splits/clean/fold_3/weapon/img_00014490.jpeg,,,,,,
efficientnet_b0_chapter5_core_candidates_per_bucket_500_manual_per_bucket_3_target_predicted_label_chapter5_separate_assets_final,2026-05-23T08:10:49+00:00,efficientnet_b0__fold_2__clean_correct_weapon__clean__img_00012989,False,,,,,,case_bucket,clean_correct_weapon,3,,clean_correct_weapon,Clean weapon image correctly classified as weapon.,,efficientnet_b0,fold_2,clean,none,clean,weapon,weapon,0.9971532821655272,True,True,img_00012989,img_00012989,img_00012989,datasets/splits/clean/fold_2/weapon/img_00012989.jpg,,,,,,
efficientnet_b0_chapter5_core_candidates_per_bucket_500_manual_per_bucket_3_target_predicted_label_chapter5_separate_assets_final,2026-05-23T08:10:49+00:00,efficientnet_b0__fold_4__clean_correct_weapon__clean__img_00013594,False,,,,,,case_bucket,clean_correct_weapon,3,,clean_correct_weapon,Clean weapon image correctly classified as weapon.,,efficientnet_b0,fold_4,clean,none,clean,weapon,weapon,0.9970207810401917,True,True,img_00013594,img_00013594,img_00013594,datasets/splits/clean/fold_4/weapon/img_00013594.jpg,,,,,,
efficientnet_b0_chapter5_core_candidates_per_bucket_500_manual_per_bucket_3_target_predicted_label_chapter5_separate_assets_final,2026-05-23T08:10:49+00:00,efficientnet_b0__fold_1__clean_correct_weapon__clean__img_00012675,False,,,,,,case_bucket,clean_correct_weapon,3,,clean_correct_weapon,Clean weapon image correctly classified as weapon.,,efficientnet_b0,fold_1,clean,none,clean,weapon,weapon,0.997018575668335,True,True,img_00012675,img_00012675,img_00012675,datasets/splits/clean/fold_1/weapon/img_00012675.jpg,,,,,,
efficientnet_b0_chapter5_core_candidates_per_bucket_500_manual_per_bucket_3_target_predicted_label_chapter5_separate_assets_final,2026-05-23T08:10:49+00:00,efficientnet_b0__fold_4__clean_correct_weapon__clean__img_00009546,False,,,,,,case_bucket,clean_correct_weapon,3,,clean_correct_weapon,Clean weapon image correctly classified as weapon.,,efficientnet_b0,fold_4,clean,none,clean,weapon,weapon,0.9969326257705688,True,True,img_00009546,img_00009546,img_00009546,datasets/splits/clean/fold_4/weapon/img_00009546.jpg,,,,,,
efficientnet_b0_chapter5_core_candidates_per_bucket_500_manual_per_bucket_3_target_predicted_label_chapter5_separate_assets_final,2026-05-23T08:10:49+00:00,efficientnet_b0__fold_2__clean_correct_weapon__clean__img_00013537,False,,,,,,case_bucket,clean_correct_weapon,3,,clean_correct_weapon,Clean weapon image correctly classified as weapon.,,efficientnet_b0,fold_2,clean,none,clean,weapon,weapon,0.9967352747917176,True,True,img_00013537,img_00013537,img_00013537,datasets/splits/clean/fold_2/weapon/img_00013537.jpg,,,,,,
efficientnet_b0_chapter5_core_candidates_per_bucket_500_manual_per_bucket_3_target_predicted_label_chapter5_separate_assets_final,2026-05-23T08:10:49+00:00,efficientnet_b0__fold_5__clean_correct_weapon__clean__img_00000318,False,,,,,,case_bucket,clean_correct_weapon,3,,clean_correct_weapon,Clean weapon image correctly classified as weapon.,,efficientnet_b0,fold_5,clean,none,clean,weapon,weapon,0.9964872598648072,True,True,img_00000318,img_00000318,img_00000318,datasets/splits/clean/fold_5/weapon/img_00000318.jpeg,,,,,,
efficientnet_b0_chapter5_core_candidates_per_bucket_500_manual_per_bucket_3_target_predicted_label_chapter5_separate_assets_final,2026-05-23T08:10:49+00:00,efficientnet_b0__fold_4__clean_correct_weapon__clean__img_00013568,False,,,,,,case_bucket,clean_correct_weapon,3,,clean_correct_weapon,Clean weapon image correctly classified as weapon.,,efficientnet_b0,fold_4,clean,none,clean,weapon,weapon,0.9964770674705504,True,True,img_00013568,img_00013568,img_00013568,datasets/splits/clean/fold_4/weapon/img_00013568.jpg,,,,,,
efficientnet_b0_chapter5_core_candidates_per_bucket_500_manual_per_bucket_3_target_predicted_label_chapter5_separate_assets_final,2026-05-23T08:10:49+00:00,efficientnet_b0__fold_3__clean_correct_weapon__clean__img_00013587,False,,,,,,case_bucket,clean_correct_weapon,3,,clean_correct_weapon,Clean weapon image correctly classified as weapon.,,efficientnet_b0,fold_3,clean,none,clean,weapon,weapon,0.9964295029640198,True,True,img_00013587,img_00013587,img_00013587,datasets/splits/clean/fold_3/weapon/img_00013587.jpg,,,,,,
efficientnet_b0_chapter5_core_candidates_per_bucket_500_manual_per_bucket_3_target_predicted_label_chapter5_separate_assets_final,2026-05-23T08:10:49+00:00,efficientnet_b0__fold_4__clean_correct_weapon__clean__img_00008536,False,,,,,,case_bucket,clean_correct_weapon,3,,clean_correct_weapon,Clean weapon image correctly classified as weapon.,,efficientnet_b0,fold_4,clean,none,clean,weapon,weapon,0.9962892532348632,True,True,img_00008536,img_00008536,img_00008536,datasets/splits/clean/fold_4/weapon/img_00008536.jpg,,,,,,
efficientnet_b0_chapter5_core_candidates_per_bucket_500_manual_per_bucket_3_target_predicted_label_chapter5_separate_assets_final,2026-05-23T08:10:49+00:00,efficientnet_b0__fold_5__clean_correct_weapon__clean__img_00012900,False,,,,,,case_bucket,clean_correct_weapon,3,,clean_correct_weapon,Clean weapon image correctly classified as weapon.,,efficientnet_b0,fold_5,clean,none,clean,weapon,weapon,0.9958679676055908,True,True,img_00012900,img_00012900,img_00012900,datasets/splits/clean/fold_5/weapon/img_00012900.jpg,,,,,,
efficientnet_b0_chapter5_core_candidates_per_bucket_500_manual_per_bucket_3_target_predicted_label_chapter5_separate_assets_final,2026-05-23T08:10:49+00:00,efficientnet_b0__fold_1__clean_correct_weapon__clean__img_00000478,False,,,,,,case_bucket,clean_correct_weapon,3,,clean_correct_weapon,Clean weapon image correctly classified as weapon.,,efficientnet_b0,fold_1,clean,none,clean,weapon,weapon,0.995853066444397,True,True,img_00000478,img_00000478,img_00000478,datasets/splits/clean/fold_1/weapon/img_00000478.jpg,,,,,,
efficientnet_b0_chapter5_core_candidates_per_bucket_500_manual_per_bucket_3_target_predicted_label_chapter5_separate_assets_final,2026-05-23T08:10:49+00:00,efficientnet_b0__fold_5__clean_correct_weapon__clean__img_00000005,False,,,,,,case_bucket,clean_correct_weapon,3,,clean_correct_weapon,Clean weapon image correctly classified as weapon.,,efficientnet_b0,fold_5,clean,none,clean,weapon,weapon,0.9958200454711914,True,True,img_00000005,img_00000005,img_00000005,datasets/splits/clean/fold_5/weapon/img_00000005.jpg,,,,,,
efficientnet_b0_chapter5_core_candidates_per_bucket_500_manual_per_bucket_3_target_predicted_label_chapter5_separate_assets_final,2026-05-23T08:10:49+00:00,efficientnet_b0__fold_5__clean_correct_weapon__clean__img_00012634,False,,,,,,case_bucket,clean_correct_weapon,3,,clean_correct_weapon,Clean weapon image correctly classified as weapon.,,efficientnet_b0,fold_5,clean,none,clean,weapon,weapon,0.9956663846969604,True,True,img_00012634,img_00012634,img_00012634,datasets/splits/clean/fold_5/weapon/img_00012634.jpg,,,,,,
efficientnet_b0_chapter5_core_candidates_per_bucket_500_manual_per_bucket_3_target_predicted_label_chapter5_separate_assets_final,2026-05-23T08:10:49+00:00,efficientnet_b0__fold_1__clean_correct_weapon__clean__img_00012951,False,,,,,,case_bucket,clean_correct_weapon,3,,clean_correct_weapon,Clean weapon image correctly classified as weapon.,,efficientnet_b0,fold_1,clean,none,clean,weapon,weapon,0.995634138584137,True,True,img_00012951,img_00012951,img_00012951,datasets/splits/clean/fold_1/weapon/img_00012951.jpg,,,,,,
efficientnet_b0_chapter5_core_candidates_per_bucket_500_manual_per_bucket_3_target_predicted_label_chapter5_separate_assets_final,2026-05-23T08:10:49+00:00,efficientnet_b0__fold_2__clean_correct_weapon__clean__img_00014476,False,,,,,,case_bucket,clean_correct_weapon,3,,clean_correct_weapon,Clean weapon image correctly classified as weapon.,,efficientnet_b0,fold_2,clean,none,clean,weapon,weapon,0.9954320192337036,True,True,img_00014476,img_00014476,img_00014476,datasets/splits/clean/fold_2/weapon/img_00014476.jpeg,,,,,,
efficientnet_b0_chapter5_core_candidates_per_bucket_500_manual_per_bucket_3_target_predicted_label_chapter5_separate_assets_final,2026-05-23T08:10:49+00:00,efficientnet_b0__fold_2__clean_correct_weapon__clean__img_00000134,False,,,,,,case_bucket,clean_correct_weapon,3,,clean_correct_weapon,Clean weapon image correctly classified as weapon.,,efficientnet_b0,fold_2,clean,none,clean,weapon,weapon,0.99528968334198,True,True,img_00000134,img_00000134,img_00000134,datasets/splits/clean/fold_2/weapon/img_00000134.jpeg,,,,,,
efficientnet_b0_chapter5_core_candidates_per_bucket_500_manual_per_bucket_3_target_predicted_label_chapter5_separate_assets_final,2026-05-23T08:10:49+00:00,efficientnet_b0__fold_3__clean_correct_weapon__clean__img_00014378,False,,,,,,case_bucket,clean_correct_weapon,3,,clean_correct_weapon,Clean weapon image correctly classified as weapon.,,efficientnet_b0,fold_3,clean,none,clean,weapon,weapon,0.9952656030654908,True,True,img_00014378,img_00014378,img_00014378,datasets/splits/clean/fold_3/weapon/img_00014378.webp,,,,,,
efficientnet_b0_chapter5_core_candidates_per_bucket_500_manual_per_bucket_3_target_predicted_label_chapter5_separate_assets_final,2026-05-23T08:10:49+00:00,efficientnet_b0__fold_4__clean_correct_weapon__clean__img_00000149,False,,,,,,case_bucket,clean_correct_weapon,3,,clean_correct_weapon,Clean weapon image correctly classified as weapon.,,efficientnet_b0,fold_4,clean,none,clean,weapon,weapon,0.9951451420783995,True,True,img_00000149,img_00000149,img_00000149,datasets/splits/clean/fold_4/weapon/img_00000149.jpeg,,,,,,
efficientnet_b0_chapter5_core_candidates_per_bucket_500_manual_per_bucket_3_target_predicted_label_chapter5_separate_assets_final,2026-05-23T08:10:49+00:00,efficientnet_b0__fold_2__clean_correct_weapon__clean__img_00012629,False,,,,,,case_bucket,clean_correct_weapon,3,,clean_correct_weapon,Clean weapon image correctly classified as weapon.,,efficientnet_b0,fold_2,clean,none,clean,weapon,weapon,0.9951332211494446,True,True,img_00012629,img_00012629,img_00012629,datasets/splits/clean/fold_2/weapon/img_00012629.jpg,,,,,,
efficientnet_b0_chapter5_core_candidates_per_bucket_500_manual_per_bucket_3_target_predicted_label_chapter5_separate_assets_final,2026-05-23T08:10:49+00:00,efficientnet_b0__fold_1__clean_correct_weapon__clean__img_00000219,False,,,,,,case_bucket,clean_correct_weapon,3,,clean_correct_weapon,Clean weapon image correctly classified as weapon.,,efficientnet_b0,fold_1,clean,none,clean,weapon,weapon,0.9951205849647522,True,True,img_00000219,img_00000219,img_00000219,datasets/splits/clean/fold_1/weapon/img_00000219.jpeg,,,,,,
efficientnet_b0_chapter5_core_candidates_per_bucket_500_manual_per_bucket_3_target_predicted_label_chapter5_separate_assets_final,2026-05-23T08:10:49+00:00,efficientnet_b0__fold_2__clean_correct_weapon__clean__img_00012678,False,,,,,,case_bucket,clean_correct_weapon,3,,clean_correct_weapon,Clean weapon image correctly classified as weapon.,,efficientnet_b0,fold_2,clean,none,clean,weapon,weapon,0.9949131011962892,True,True,img_00012678,img_00012678,img_00012678,datasets/splits/clean/fold_2/weapon/img_00012678.jpg,,,,,,
efficientnet_b0_chapter5_core_candidates_per_bucket_500_manual_per_bucket_3_target_predicted_label_chapter5_separate_assets_final,2026-05-23T08:10:49+00:00,efficientnet_b0__fold_4__clean_correct_weapon__clean__img_00014461,False,,,,,,case_bucket,clean_correct_weapon,3,,clean_correct_weapon,Clean weapon image correctly classified as weapon.,,efficientnet_b0,fold_4,clean,none,clean,weapon,weapon,0.9948953986167908,True,True,img_00014461,img_00014461,img_00014461,datasets/splits/clean/fold_4/weapon/img_00014461.jpeg,,,,,,
efficientnet_b0_chapter5_core_candidates_per_bucket_500_manual_per_bucket_3_target_predicted_label_chapter5_separate_assets_final,2026-05-23T08:10:49+00:00,efficientnet_b0__fold_3__clean_correct_weapon__clean__img_00000162,False,,,,,,case_bucket,clean_correct_weapon,3,,clean_correct_weapon,Clean weapon image correctly classified as weapon.,,efficientnet_b0,fold_3,clean,none,clean,weapon,weapon,0.994659960269928,True,True,img_00000162,img_00000162,img_00000162,datasets/splits/clean/fold_3/weapon/img_00000162.jpeg,,,,,,
efficientnet_b0_chapter5_core_candidates_per_bucket_500_manual_per_bucket_3_target_predicted_label_chapter5_separate_assets_final,2026-05-23T08:10:49+00:00,efficientnet_b0__fold_4__clean_correct_weapon__clean__img_00014371,False,,,,,,case_bucket,clean_correct_weapon,3,,clean_correct_weapon,Clean weapon image correctly classified as weapon.,,efficientnet_b0,fold_4,clean,none,clean,weapon,weapon,0.9945671558380128,True,True,img_00014371,img_00014371,img_00014371,datasets/splits/clean/fold_4/weapon/img_00014371.jpeg,,,,,,
efficientnet_b0_chapter5_core_candidates_per_bucket_500_manual_per_bucket_3_target_predicted_label_chapter5_separate_assets_final,2026-05-23T08:10:49+00:00,efficientnet_b0__fold_4__clean_correct_weapon__clean__img_00012955,False,,,,,,case_bucket,clean_correct_weapon,3,,clean_correct_weapon,Clean weapon image correctly classified as weapon.,,efficientnet_b0,fold_4,clean,none,clean,weapon,weapon,0.9943100214004515,True,True,img_00012955,img_00012955,img_00012955,datasets/splits/clean/fold_4/weapon/img_00012955.jpg,,,,,,
efficientnet_b0_chapter5_core_candidates_per_bucket_500_manual_per_bucket_3_target_predicted_label_chapter5_separate_assets_final,2026-05-23T08:10:49+00:00,efficientnet_b0__fold_1__clean_correct_weapon__clean__img_00012665,False,,,,,,case_bucket,clean_correct_weapon,3,,clean_correct_weapon,Clean weapon image correctly classified as weapon.,,efficientnet_b0,fold_1,clean,none,clean,weapon,weapon,0.994084656238556,True,True,img_00012665,img_00012665,img_00012665,datasets/splits/clean/fold_1/weapon/img_00012665.jpg,,,,,,
efficientnet_b0_chapter5_core_candidates_per_bucket_500_manual_per_bucket_3_target_predicted_label_chapter5_separate_assets_final,2026-05-23T08:10:49+00:00,efficientnet_b0__fold_3__clean_correct_weapon__clean__img_00014374,False,,,,,,case_bucket,clean_correct_weapon,3,,clean_correct_weapon,Clean weapon image correctly classified as weapon.,,efficientnet_b0,fold_3,clean,none,clean,weapon,weapon,0.99393492937088,True,True,img_00014374,img_00014374,img_00014374,datasets/splits/clean/fold_3/weapon/img_00014374.png,,,,,,
efficientnet_b0_chapter5_core_candidates_per_bucket_500_manual_per_bucket_3_target_predicted_label_chapter5_separate_assets_final,2026-05-23T08:10:49+00:00,efficientnet_b0__fold_3__clean_correct_weapon__clean__img_00012967,False,,,,,,case_bucket,clean_correct_weapon,3,,clean_correct_weapon,Clean weapon image correctly classified as weapon.,,efficientnet_b0,fold_3,clean,none,clean,weapon,weapon,0.9938281178474426,True,True,img_00012967,img_00012967,img_00012967,datasets/splits/clean/fold_3/weapon/img_00012967.jpg,,,,,,
efficientnet_b0_chapter5_core_candidates_per_bucket_500_manual_per_bucket_3_target_predicted_label_chapter5_separate_assets_final,2026-05-23T08:10:49+00:00,efficientnet_b0__fold_3__clean_correct_weapon__clean__img_00000476,False,,,,,,case_bucket,clean_correct_weapon,3,,clean_correct_weapon,Clean weapon image correctly classified as weapon.,,efficientnet_b0,fold_3,clean,none,clean,weapon,weapon,0.9937649965286256,True,True,img_00000476,img_00000476,img_00000476,datasets/splits/clean/fold_3/weapon/img_00000476.jpg,,,,,,
efficientnet_b0_chapter5_core_candidates_per_bucket_500_manual_per_bucket_3_target_predicted_label_chapter5_separate_assets_final,2026-05-23T08:10:49+00:00,efficientnet_b0__fold_1__clean_correct_weapon__clean__img_00014481,False,,,,,,case_bucket,clean_correct_weapon,3,,clean_correct_weapon,Clean weapon image correctly classified as weapon.,,efficientnet_b0,fold_1,clean,none,clean,weapon,weapon,0.9934130311012268,True,True,img_00014481,img_00014481,img_00014481,datasets/splits/clean/fold_1/weapon/img_00014481.jpeg,,,,,,
efficientnet_b0_chapter5_core_candidates_per_bucket_500_manual_per_bucket_3_target_predicted_label_chapter5_separate_assets_final,2026-05-23T08:10:49+00:00,efficientnet_b0__fold_3__clean_correct_weapon__clean__img_00013649,False,,,,,,case_bucket,clean_correct_weapon,3,,clean_correct_weapon,Clean weapon image correctly classified as weapon.,,efficientnet_b0,fold_3,clean,none,clean,weapon,weapon,0.9933713674545288,True,True,img_00013649,img_00013649,img_00013649,datasets/splits/clean/fold_3/weapon/img_00013649.jpg,,,,,,
efficientnet_b0_chapter5_core_candidates_per_bucket_500_manual_per_bucket_3_target_predicted_label_chapter5_separate_assets_final,2026-05-23T08:10:49+00:00,efficientnet_b0__fold_2__clean_correct_weapon__clean__img_00000469,False,,,,,,case_bucket,clean_correct_weapon,3,,clean_correct_weapon,Clean weapon image correctly classified as weapon.,,efficientnet_b0,fold_2,clean,none,clean,weapon,weapon,0.9933708906173706,True,True,img_00000469,img_00000469,img_00000469,datasets/splits/clean/fold_2/weapon/img_00000469.jpg,,,,,,
efficientnet_b0_chapter5_core_candidates_per_bucket_500_manual_per_bucket_3_target_predicted_label_chapter5_separate_assets_final,2026-05-23T08:10:49+00:00,efficientnet_b0__fold_4__clean_correct_weapon__clean__img_00000468,False,,,,,,case_bucket,clean_correct_weapon,3,,clean_correct_weapon,Clean weapon image correctly classified as weapon.,,efficientnet_b0,fold_4,clean,none,clean,weapon,weapon,0.9932382106781006,True,True,img_00000468,img_00000468,img_00000468,datasets/splits/clean/fold_4/weapon/img_00000468.jpg,,,,,,
efficientnet_b0_chapter5_core_candidates_per_bucket_500_manual_per_bucket_3_target_predicted_label_chapter5_separate_assets_final,2026-05-23T08:10:49+00:00,efficientnet_b0__fold_4__clean_correct_weapon__clean__img_00013619,False,,,,,,case_bucket,clean_correct_weapon,3,,clean_correct_weapon,Clean weapon image correctly classified as weapon.,,efficientnet_b0,fold_4,clean,none,clean,weapon,weapon,0.9927029609680176,True,True,img_00013619,img_00013619,img_00013619,datasets/splits/clean/fold_4/weapon/img_00013619.jpg,,,,,,
efficientnet_b0_chapter5_core_candidates_per_bucket_500_manual_per_bucket_3_target_predicted_label_chapter5_separate_assets_final,2026-05-23T08:10:49+00:00,efficientnet_b0__fold_4__clean_correct_weapon__clean__img_00013118,False,,,,,,case_bucket,clean_correct_weapon,3,,clean_correct_weapon,Clean weapon image correctly classified as weapon.,,efficientnet_b0,fold_4,clean,none,clean,weapon,weapon,0.9925850033760072,True,True,img_00013118,img_00013118,img_00013118,datasets/splits/clean/fold_4/weapon/img_00013118.jpg,,,,,,
efficientnet_b0_chapter5_core_candidates_per_bucket_500_manual_per_bucket_3_target_predicted_label_chapter5_separate_assets_final,2026-05-23T08:10:49+00:00,efficientnet_b0__fold_1__clean_correct_weapon__clean__img_00011557,False,,,,,,case_bucket,clean_correct_weapon,3,,clean_correct_weapon,Clean weapon image correctly classified as weapon.,,efficientnet_b0,fold_1,clean,none,clean,weapon,weapon,0.992306649684906,True,True,img_00011557,img_00011557,img_00011557,datasets/splits/clean/fold_1/weapon/img_00011557.jpg,,,,,,
efficientnet_b0_chapter5_core_candidates_per_bucket_500_manual_per_bucket_3_target_predicted_label_chapter5_separate_assets_final,2026-05-23T08:10:49+00:00,efficientnet_b0__fold_3__clean_correct_weapon__clean__img_00000528,False,,,,,,case_bucket,clean_correct_weapon,3,,clean_correct_weapon,Clean weapon image correctly classified as weapon.,,efficientnet_b0,fold_3,clean,none,clean,weapon,weapon,0.9920226335525512,True,True,img_00000528,img_00000528,img_00000528,datasets/splits/clean/fold_3/weapon/img_00000528.jpg,,,,,,
efficientnet_b0_chapter5_core_candidates_per_bucket_500_manual_per_bucket_3_target_predicted_label_chapter5_separate_assets_final,2026-05-23T08:10:49+00:00,efficientnet_b0__fold_3__clean_correct_weapon__clean__img_00014445,False,,,,,,case_bucket,clean_correct_weapon,3,,clean_correct_weapon,Clean weapon image correctly classified as weapon.,,efficientnet_b0,fold_3,clean,none,clean,weapon,weapon,0.9919971823692322,True,True,img_00014445,img_00014445,img_00014445,datasets/splits/clean/fold_3/weapon/img_00014445.jpeg,,,,,,
efficientnet_b0_chapter5_core_candidates_per_bucket_500_manual_per_bucket_3_target_predicted_label_chapter5_separate_assets_final,2026-05-23T08:10:49+00:00,efficientnet_b0__fold_4__clean_correct_weapon__clean__img_00013474,False,,,,,,case_bucket,clean_correct_weapon,3,,clean_correct_weapon,Clean weapon image correctly classified as weapon.,,efficientnet_b0,fold_4,clean,none,clean,weapon,weapon,0.991865575313568,True,True,img_00013474,img_00013474,img_00013474,datasets/splits/clean/fold_4/weapon/img_00013474.jpg,,,,,,
efficientnet_b0_chapter5_core_candidates_per_bucket_500_manual_per_bucket_3_target_predicted_label_chapter5_separate_assets_final,2026-05-23T08:10:49+00:00,efficientnet_b0__fold_5__clean_correct_weapon__clean__img_00000840,False,,,,,,case_bucket,clean_correct_weapon,3,,clean_correct_weapon,Clean weapon image correctly classified as weapon.,,efficientnet_b0,fold_5,clean,none,clean,weapon,weapon,0.9917256832122804,True,True,img_00000840,img_00000840,img_00000840,datasets/splits/clean/fold_5/weapon/img_00000840.jpg,,,,,,
efficientnet_b0_chapter5_core_candidates_per_bucket_500_manual_per_bucket_3_target_predicted_label_chapter5_separate_assets_final,2026-05-23T08:10:49+00:00,efficientnet_b0__fold_1__clean_correct_weapon__clean__img_00013611,False,,,,,,case_bucket,clean_correct_weapon,3,,clean_correct_weapon,Clean weapon image correctly classified as weapon.,,efficientnet_b0,fold_1,clean,none,clean,weapon,weapon,0.9917166829109192,True,True,img_00013611,img_00013611,img_00013611,datasets/splits/clean/fold_1/weapon/img_00013611.jpg,,,,,,
efficientnet_b0_chapter5_core_candidates_per_bucket_500_manual_per_bucket_3_target_predicted_label_chapter5_separate_assets_final,2026-05-23T08:10:49+00:00,efficientnet_b0__fold_3__clean_correct_weapon__clean__img_00000234,False,,,,,,case_bucket,clean_correct_weapon,3,,clean_correct_weapon,Clean weapon image correctly classified as weapon.,,efficientnet_b0,fold_3,clean,none,clean,weapon,weapon,0.9914265871047974,True,True,img_00000234,img_00000234,img_00000234,datasets/splits/clean/fold_3/weapon/img_00000234.jpeg,,,,,,
efficientnet_b0_chapter5_core_candidates_per_bucket_500_manual_per_bucket_3_target_predicted_label_chapter5_separate_assets_final,2026-05-23T08:10:49+00:00,efficientnet_b0__fold_4__clean_correct_weapon__clean__img_00012751,False,,,,,,case_bucket,clean_correct_weapon,3,,clean_correct_weapon,Clean weapon image correctly classified as weapon.,,efficientnet_b0,fold_4,clean,none,clean,weapon,weapon,0.9913678765296936,True,True,img_00012751,img_00012751,img_00012751,datasets/splits/clean/fold_4/weapon/img_00012751.jpg,,,,,,
efficientnet_b0_chapter5_core_candidates_per_bucket_500_manual_per_bucket_3_target_predicted_label_chapter5_separate_assets_final,2026-05-23T08:10:49+00:00,efficientnet_b0__fold_3__clean_correct_weapon__clean__img_00014459,False,,,,,,case_bucket,clean_correct_weapon,3,,clean_correct_weapon,Clean weapon image correctly classified as weapon.,,efficientnet_b0,fold_3,clean,none,clean,weapon,weapon,0.9912882447242736,True,True,img_00014459,img_00014459,img_00014459,datasets/splits/clean/fold_3/weapon/img_00014459.jpeg,,,,,,
efficientnet_b0_chapter5_core_candidates_per_bucket_500_manual_per_bucket_3_target_predicted_label_chapter5_separate_assets_final,2026-05-23T08:10:49+00:00,efficientnet_b0__fold_2__clean_correct_weapon__clean__img_00012952,False,,,,,,case_bucket,clean_correct_weapon,3,,clean_correct_weapon,Clean weapon image correctly classified as weapon.,,efficientnet_b0,fold_2,clean,none,clean,weapon,weapon,0.9909684062004088,True,True,img_00012952,img_00012952,img_00012952,datasets/splits/clean/fold_2/weapon/img_00012952.jpg,,,,,,
efficientnet_b0_chapter5_core_candidates_per_bucket_500_manual_per_bucket_3_target_predicted_label_chapter5_separate_assets_final,2026-05-23T08:10:49+00:00,efficientnet_b0__fold_3__clean_correct_weapon__clean__img_00013601,False,,,,,,case_bucket,clean_correct_weapon,3,,clean_correct_weapon,Clean weapon image correctly classified as weapon.,,efficientnet_b0,fold_3,clean,none,clean,weapon,weapon,0.9902724623680116,True,True,img_00013601,img_00013601,img_00013601,datasets/splits/clean/fold_3/weapon/img_00013601.jpg,,,,,,
efficientnet_b0_chapter5_core_candidates_per_bucket_500_manual_per_bucket_3_target_predicted_label_chapter5_separate_assets_final,2026-05-23T08:10:49+00:00,efficientnet_b0__fold_1__clean_correct_weapon__clean__img_00000128,False,,,,,,case_bucket,clean_correct_weapon,3,,clean_correct_weapon,Clean weapon image correctly classified as weapon.,,efficientnet_b0,fold_1,clean,none,clean,weapon,weapon,0.989627480506897,True,True,img_00000128,img_00000128,img_00000128,datasets/splits/clean/fold_1/weapon/img_00000128.png,,,,,,
efficientnet_b0_chapter5_core_candidates_per_bucket_500_manual_per_bucket_3_target_predicted_label_chapter5_separate_assets_final,2026-05-23T08:10:49+00:00,efficientnet_b0__fold_5__clean_correct_weapon__clean__img_00000315,False,,,,,,case_bucket,clean_correct_weapon,3,,clean_correct_weapon,Clean weapon image correctly classified as weapon.,,efficientnet_b0,fold_5,clean,none,clean,weapon,weapon,0.9895499348640442,True,True,img_00000315,img_00000315,img_00000315,datasets/splits/clean/fold_5/weapon/img_00000315.jpeg,,,,,,
efficientnet_b0_chapter5_core_candidates_per_bucket_500_manual_per_bucket_3_target_predicted_label_chapter5_separate_assets_final,2026-05-23T08:10:49+00:00,efficientnet_b0__fold_4__clean_correct_weapon__clean__img_00013530,False,,,,,,case_bucket,clean_correct_weapon,3,,clean_correct_weapon,Clean weapon image correctly classified as weapon.,,efficientnet_b0,fold_4,clean,none,clean,weapon,weapon,0.9895469546318054,True,True,img_00013530,img_00013530,img_00013530,datasets/splits/clean/fold_4/weapon/img_00013530.jpg,,,,,,
efficientnet_b0_chapter5_core_candidates_per_bucket_500_manual_per_bucket_3_target_predicted_label_chapter5_separate_assets_final,2026-05-23T08:10:49+00:00,efficientnet_b0__fold_2__clean_correct_weapon__clean__img_00000023,False,,,,,,case_bucket,clean_correct_weapon,3,,clean_correct_weapon,Clean weapon image correctly classified as weapon.,,efficientnet_b0,fold_2,clean,none,clean,weapon,weapon,0.989224135875702,True,True,img_00000023,img_00000023,img_00000023,datasets/splits/clean/fold_2/weapon/img_00000023.jpeg,,,,,,
efficientnet_b0_chapter5_core_candidates_per_bucket_500_manual_per_bucket_3_target_predicted_label_chapter5_separate_assets_final,2026-05-23T08:10:49+00:00,efficientnet_b0__fold_4__clean_correct_weapon__clean__img_00000126,False,,,,,,case_bucket,clean_correct_weapon,3,,clean_correct_weapon,Clean weapon image correctly classified as weapon.,,efficientnet_b0,fold_4,clean,none,clean,weapon,weapon,0.9889906644821168,True,True,img_00000126,img_00000126,img_00000126,datasets/splits/clean/fold_4/weapon/img_00000126.jpeg,,,,,,
efficientnet_b0_chapter5_core_candidates_per_bucket_500_manual_per_bucket_3_target_predicted_label_chapter5_separate_assets_final,2026-05-23T08:10:49+00:00,efficientnet_b0__fold_2__clean_correct_weapon__clean__img_00000125,False,,,,,,case_bucket,clean_correct_weapon,3,,clean_correct_weapon,Clean weapon image correctly classified as weapon.,,efficientnet_b0,fold_2,clean,none,clean,weapon,weapon,0.9889340996742249,True,True,img_00000125,img_00000125,img_00000125,datasets/splits/clean/fold_2/weapon/img_00000125.jpeg,,,,,,
efficientnet_b0_chapter5_core_candidates_per_bucket_500_manual_per_bucket_3_target_predicted_label_chapter5_separate_assets_final,2026-05-23T08:10:49+00:00,efficientnet_b0__fold_4__clean_correct_weapon__clean__img_00000464,False,,,,,,case_bucket,clean_correct_weapon,3,,clean_correct_weapon,Clean weapon image correctly classified as weapon.,,efficientnet_b0,fold_4,clean,none,clean,weapon,weapon,0.9888555407524108,True,True,img_00000464,img_00000464,img_00000464,datasets/splits/clean/fold_4/weapon/img_00000464.jpg,,,,,,
efficientnet_b0_chapter5_core_candidates_per_bucket_500_manual_per_bucket_3_target_predicted_label_chapter5_separate_assets_final,2026-05-23T08:10:49+00:00,efficientnet_b0__fold_3__clean_correct_weapon__clean__img_00010556,False,,,,,,case_bucket,clean_correct_weapon,3,,clean_correct_weapon,Clean weapon image correctly classified as weapon.,,efficientnet_b0,fold_3,clean,none,clean,weapon,weapon,0.9887019395828248,True,True,img_00010556,img_00010556,img_00010556,datasets/splits/clean/fold_3/weapon/img_00010556.jpg,,,,,,
efficientnet_b0_chapter5_core_candidates_per_bucket_500_manual_per_bucket_3_target_predicted_label_chapter5_separate_assets_final,2026-05-23T08:10:49+00:00,efficientnet_b0__fold_4__clean_correct_weapon__clean__img_00012686,False,,,,,,case_bucket,clean_correct_weapon,3,,clean_correct_weapon,Clean weapon image correctly classified as weapon.,,efficientnet_b0,fold_4,clean,none,clean,weapon,weapon,0.9885204434394836,True,True,img_00012686,img_00012686,img_00012686,datasets/splits/clean/fold_4/weapon/img_00012686.jpg,,,,,,
efficientnet_b0_chapter5_core_candidates_per_bucket_500_manual_per_bucket_3_target_predicted_label_chapter5_separate_assets_final,2026-05-23T08:10:49+00:00,efficientnet_b0__fold_5__clean_correct_weapon__clean__img_00013624,False,,,,,,case_bucket,clean_correct_weapon,3,,clean_correct_weapon,Clean weapon image correctly classified as weapon.,,efficientnet_b0,fold_5,clean,none,clean,weapon,weapon,0.9879042506217957,True,True,img_00013624,img_00013624,img_00013624,datasets/splits/clean/fold_5/weapon/img_00013624.jpg,,,,,,
efficientnet_b0_chapter5_core_candidates_per_bucket_500_manual_per_bucket_3_target_predicted_label_chapter5_separate_assets_final,2026-05-23T08:10:49+00:00,efficientnet_b0__fold_5__clean_correct_weapon__clean__img_00013596,False,,,,,,case_bucket,clean_correct_weapon,3,,clean_correct_weapon,Clean weapon image correctly classified as weapon.,,efficientnet_b0,fold_5,clean,none,clean,weapon,weapon,0.9873999357223512,True,True,img_00013596,img_00013596,img_00013596,datasets/splits/clean/fold_5/weapon/img_00013596.jpg,,,,,,
efficientnet_b0_chapter5_core_candidates_per_bucket_500_manual_per_bucket_3_target_predicted_label_chapter5_separate_assets_final,2026-05-23T08:10:49+00:00,efficientnet_b0__fold_4__clean_correct_weapon__clean__img_00008533,False,,,,,,case_bucket,clean_correct_weapon,3,,clean_correct_weapon,Clean weapon image correctly classified as weapon.,,efficientnet_b0,fold_4,clean,none,clean,weapon,weapon,0.9873600602149964,True,True,img_00008533,img_00008533,img_00008533,datasets/splits/clean/fold_4/weapon/img_00008533.jpg,,,,,,
efficientnet_b0_chapter5_core_candidates_per_bucket_500_manual_per_bucket_3_target_predicted_label_chapter5_separate_assets_final,2026-05-23T08:10:49+00:00,efficientnet_b0__fold_3__clean_correct_weapon__clean__img_00013579,False,,,,,,case_bucket,clean_correct_weapon,3,,clean_correct_weapon,Clean weapon image correctly classified as weapon.,,efficientnet_b0,fold_3,clean,none,clean,weapon,weapon,0.9868374466896056,True,True,img_00013579,img_00013579,img_00013579,datasets/splits/clean/fold_3/weapon/img_00013579.jpg,,,,,,
efficientnet_b0_chapter5_core_candidates_per_bucket_500_manual_per_bucket_3_target_predicted_label_chapter5_separate_assets_final,2026-05-23T08:10:49+00:00,efficientnet_b0__fold_2__clean_correct_weapon__clean__img_00012691,False,,,,,,case_bucket,clean_correct_weapon,3,,clean_correct_weapon,Clean weapon image correctly classified as weapon.,,efficientnet_b0,fold_2,clean,none,clean,weapon,weapon,0.9856274127960204,True,True,img_00012691,img_00012691,img_00012691,datasets/splits/clean/fold_2/weapon/img_00012691.jpg,,,,,,
efficientnet_b0_chapter5_core_candidates_per_bucket_500_manual_per_bucket_3_target_predicted_label_chapter5_separate_assets_final,2026-05-23T08:10:49+00:00,efficientnet_b0__fold_3__clean_correct_weapon__clean__img_00013651,False,,,,,,case_bucket,clean_correct_weapon,3,,clean_correct_weapon,Clean weapon image correctly classified as weapon.,,efficientnet_b0,fold_3,clean,none,clean,weapon,weapon,0.9852348566055298,True,True,img_00013651,img_00013651,img_00013651,datasets/splits/clean/fold_3/weapon/img_00013651.jpg,,,,,,
efficientnet_b0_chapter5_core_candidates_per_bucket_500_manual_per_bucket_3_target_predicted_label_chapter5_separate_assets_final,2026-05-23T08:10:49+00:00,efficientnet_b0__fold_2__clean_correct_weapon__clean__img_00014531,False,,,,,,case_bucket,clean_correct_weapon,3,,clean_correct_weapon,Clean weapon image correctly classified as weapon.,,efficientnet_b0,fold_2,clean,none,clean,weapon,weapon,0.9850598573684692,True,True,img_00014531,img_00014531,img_00014531,datasets/splits/clean/fold_2/weapon/img_00014531.jpeg,,,,,,
efficientnet_b0_chapter5_core_candidates_per_bucket_500_manual_per_bucket_3_target_predicted_label_chapter5_separate_assets_final,2026-05-23T08:10:49+00:00,efficientnet_b0__fold_2__clean_correct_weapon__clean__img_00012953,False,,,,,,case_bucket,clean_correct_weapon,3,,clean_correct_weapon,Clean weapon image correctly classified as weapon.,,efficientnet_b0,fold_2,clean,none,clean,weapon,weapon,0.9847990870475768,True,True,img_00012953,img_00012953,img_00012953,datasets/splits/clean/fold_2/weapon/img_00012953.jpg,,,,,,
efficientnet_b0_chapter5_core_candidates_per_bucket_500_manual_per_bucket_3_target_predicted_label_chapter5_separate_assets_final,2026-05-23T08:10:49+00:00,efficientnet_b0__fold_1__clean_correct_weapon__clean__img_00013139,False,,,,,,case_bucket,clean_correct_weapon,3,,clean_correct_weapon,Clean weapon image correctly classified as weapon.,,efficientnet_b0,fold_1,clean,none,clean,weapon,weapon,0.9843835830688475,True,True,img_00013139,img_00013139,img_00013139,datasets/splits/clean/fold_1/weapon/img_00013139.jpg,,,,,,
efficientnet_b0_chapter5_core_candidates_per_bucket_500_manual_per_bucket_3_target_predicted_label_chapter5_separate_assets_final,2026-05-23T08:10:49+00:00,efficientnet_b0__fold_2__clean_correct_weapon__clean__img_00012753,False,,,,,,case_bucket,clean_correct_weapon,3,,clean_correct_weapon,Clean weapon image correctly classified as weapon.,,efficientnet_b0,fold_2,clean,none,clean,weapon,weapon,0.9842926859855652,True,True,img_00012753,img_00012753,img_00012753,datasets/splits/clean/fold_2/weapon/img_00012753.jpg,,,,,,
efficientnet_b0_chapter5_core_candidates_per_bucket_500_manual_per_bucket_3_target_predicted_label_chapter5_separate_assets_final,2026-05-23T08:10:49+00:00,efficientnet_b0__fold_2__clean_correct_weapon__clean__img_00014497,False,,,,,,case_bucket,clean_correct_weapon,3,,clean_correct_weapon,Clean weapon image correctly classified as weapon.,,efficientnet_b0,fold_2,clean,none,clean,weapon,weapon,0.9835824966430664,True,True,img_00014497,img_00014497,img_00014497,datasets/splits/clean/fold_2/weapon/img_00014497.jpeg,,,,,,
efficientnet_b0_chapter5_core_candidates_per_bucket_500_manual_per_bucket_3_target_predicted_label_chapter5_separate_assets_final,2026-05-23T08:10:49+00:00,efficientnet_b0__fold_1__clean_correct_weapon__clean__img_00012787,False,,,,,,case_bucket,clean_correct_weapon,3,,clean_correct_weapon,Clean weapon image correctly classified as weapon.,,efficientnet_b0,fold_1,clean,none,clean,weapon,weapon,0.9829921126365662,True,True,img_00012787,img_00012787,img_00012787,datasets/splits/clean/fold_1/weapon/img_00012787.png,,,,,,
efficientnet_b0_chapter5_core_candidates_per_bucket_500_manual_per_bucket_3_target_predicted_label_chapter5_separate_assets_final,2026-05-23T08:10:49+00:00,efficientnet_b0__fold_3__clean_correct_weapon__clean__img_00012726,False,,,,,,case_bucket,clean_correct_weapon,3,,clean_correct_weapon,Clean weapon image correctly classified as weapon.,,efficientnet_b0,fold_3,clean,none,clean,weapon,weapon,0.9825344681739808,True,True,img_00012726,img_00012726,img_00012726,datasets/splits/clean/fold_3/weapon/img_00012726.jpg,,,,,,
efficientnet_b0_chapter5_core_candidates_per_bucket_500_manual_per_bucket_3_target_predicted_label_chapter5_separate_assets_final,2026-05-23T08:10:49+00:00,efficientnet_b0__fold_3__clean_correct_weapon__clean__img_00012660,False,,,,,,case_bucket,clean_correct_weapon,3,,clean_correct_weapon,Clean weapon image correctly classified as weapon.,,efficientnet_b0,fold_3,clean,none,clean,weapon,weapon,0.9818165302276612,True,True,img_00012660,img_00012660,img_00012660,datasets/splits/clean/fold_3/weapon/img_00012660.jpg,,,,,,
efficientnet_b0_chapter5_core_candidates_per_bucket_500_manual_per_bucket_3_target_predicted_label_chapter5_separate_assets_final,2026-05-23T08:10:49+00:00,efficientnet_b0__fold_3__clean_correct_weapon__clean__img_00000486,False,,,,,,case_bucket,clean_correct_weapon,3,,clean_correct_weapon,Clean weapon image correctly classified as weapon.,,efficientnet_b0,fold_3,clean,none,clean,weapon,weapon,0.981172740459442,True,True,img_00000486,img_00000486,img_00000486,datasets/splits/clean/fold_3/weapon/img_00000486.jpg,,,,,,
efficientnet_b0_chapter5_core_candidates_per_bucket_500_manual_per_bucket_3_target_predicted_label_chapter5_separate_assets_final,2026-05-23T08:10:49+00:00,efficientnet_b0__fold_3__clean_correct_weapon__clean__img_00014427,False,,,,,,case_bucket,clean_correct_weapon,3,,clean_correct_weapon,Clean weapon image correctly classified as weapon.,,efficientnet_b0,fold_3,clean,none,clean,weapon,weapon,0.980196177959442,True,True,img_00014427,img_00014427,img_00014427,datasets/splits/clean/fold_3/weapon/img_00014427.png,,,,,,
efficientnet_b0_chapter5_core_candidates_per_bucket_500_manual_per_bucket_3_target_predicted_label_chapter5_separate_assets_final,2026-05-23T08:10:49+00:00,efficientnet_b0__fold_4__clean_correct_weapon__clean__img_00013607,False,,,,,,case_bucket,clean_correct_weapon,3,,clean_correct_weapon,Clean weapon image correctly classified as weapon.,,efficientnet_b0,fold_4,clean,none,clean,weapon,weapon,0.9800884127616882,True,True,img_00013607,img_00013607,img_00013607,datasets/splits/clean/fold_4/weapon/img_00013607.jpg,,,,,,
efficientnet_b0_chapter5_core_candidates_per_bucket_500_manual_per_bucket_3_target_predicted_label_chapter5_separate_assets_final,2026-05-23T08:10:49+00:00,efficientnet_b0__fold_1__clean_correct_weapon__clean__img_00012879,False,,,,,,case_bucket,clean_correct_weapon,3,,clean_correct_weapon,Clean weapon image correctly classified as weapon.,,efficientnet_b0,fold_1,clean,none,clean,weapon,weapon,0.9799811244010924,True,True,img_00012879,img_00012879,img_00012879,datasets/splits/clean/fold_1/weapon/img_00012879.jpg,,,,,,
efficientnet_b0_chapter5_core_candidates_per_bucket_500_manual_per_bucket_3_target_predicted_label_chapter5_separate_assets_final,2026-05-23T08:10:49+00:00,efficientnet_b0__fold_5__clean_correct_weapon__clean__img_00000161,False,,,,,,case_bucket,clean_correct_weapon,3,,clean_correct_weapon,Clean weapon image correctly classified as weapon.,,efficientnet_b0,fold_5,clean,none,clean,weapon,weapon,0.9796894788742064,True,True,img_00000161,img_00000161,img_00000161,datasets/splits/clean/fold_5/weapon/img_00000161.jpeg,,,,,,
efficientnet_b0_chapter5_core_candidates_per_bucket_500_manual_per_bucket_3_target_predicted_label_chapter5_separate_assets_final,2026-05-23T08:10:49+00:00,efficientnet_b0__fold_1__clean_correct_weapon__clean__img_00013589,False,,,,,,case_bucket,clean_correct_weapon,3,,clean_correct_weapon,Clean weapon image correctly classified as weapon.,,efficientnet_b0,fold_1,clean,none,clean,weapon,weapon,0.9788833260536194,True,True,img_00013589,img_00013589,img_00013589,datasets/splits/clean/fold_1/weapon/img_00013589.jpg,,,,,,
efficientnet_b0_chapter5_core_candidates_per_bucket_500_manual_per_bucket_3_target_predicted_label_chapter5_separate_assets_final,2026-05-23T08:10:49+00:00,efficientnet_b0__fold_1__clean_correct_weapon__clean__img_00012745,False,,,,,,case_bucket,clean_correct_weapon,3,,clean_correct_weapon,Clean weapon image correctly classified as weapon.,,efficientnet_b0,fold_1,clean,none,clean,weapon,weapon,0.9787673950195312,True,True,img_00012745,img_00012745,img_00012745,datasets/splits/clean/fold_1/weapon/img_00012745.jpg,,,,,,
efficientnet_b0_chapter5_core_candidates_per_bucket_500_manual_per_bucket_3_target_predicted_label_chapter5_separate_assets_final,2026-05-23T08:10:49+00:00,efficientnet_b0__fold_4__clean_correct_weapon__clean__img_00013478,False,,,,,,case_bucket,clean_correct_weapon,3,,clean_correct_weapon,Clean weapon image correctly classified as weapon.,,efficientnet_b0,fold_4,clean,none,clean,weapon,weapon,0.9779019355773926,True,True,img_00013478,img_00013478,img_00013478,datasets/splits/clean/fold_4/weapon/img_00013478.jpg,,,,,,
efficientnet_b0_chapter5_core_candidates_per_bucket_500_manual_per_bucket_3_target_predicted_label_chapter5_separate_assets_final,2026-05-23T08:10:49+00:00,efficientnet_b0__fold_4__clean_correct_weapon__clean__img_00012749,False,,,,,,case_bucket,clean_correct_weapon,3,,clean_correct_weapon,Clean weapon image correctly classified as weapon.,,efficientnet_b0,fold_4,clean,none,clean,weapon,weapon,0.9776960015296936,True,True,img_00012749,img_00012749,img_00012749,datasets/splits/clean/fold_4/weapon/img_00012749.jpg,,,,,,
efficientnet_b0_chapter5_core_candidates_per_bucket_500_manual_per_bucket_3_target_predicted_label_chapter5_separate_assets_final,2026-05-23T08:10:49+00:00,efficientnet_b0__fold_5__clean_correct_weapon__clean__img_00013144,False,,,,,,case_bucket,clean_correct_weapon,3,,clean_correct_weapon,Clean weapon image correctly classified as weapon.,,efficientnet_b0,fold_5,clean,none,clean,weapon,weapon,0.9764134287834167,True,True,img_00013144,img_00013144,img_00013144,datasets/splits/clean/fold_5/weapon/img_00013144.jpg,,,,,,
efficientnet_b0_chapter5_core_candidates_per_bucket_500_manual_per_bucket_3_target_predicted_label_chapter5_separate_assets_final,2026-05-23T08:10:49+00:00,efficientnet_b0__fold_3__clean_correct_weapon__clean__img_00013557,False,,,,,,case_bucket,clean_correct_weapon,3,,clean_correct_weapon,Clean weapon image correctly classified as weapon.,,efficientnet_b0,fold_3,clean,none,clean,weapon,weapon,0.9758501648902892,True,True,img_00013557,img_00013557,img_00013557,datasets/splits/clean/fold_3/weapon/img_00013557.jpg,,,,,,
efficientnet_b0_chapter5_core_candidates_per_bucket_500_manual_per_bucket_3_target_predicted_label_chapter5_separate_assets_final,2026-05-23T08:10:49+00:00,efficientnet_b0__fold_1__clean_correct_weapon__clean__img_00013588,False,,,,,,case_bucket,clean_correct_weapon,3,,clean_correct_weapon,Clean weapon image correctly classified as weapon.,,efficientnet_b0,fold_1,clean,none,clean,weapon,weapon,0.975739598274231,True,True,img_00013588,img_00013588,img_00013588,datasets/splits/clean/fold_1/weapon/img_00013588.jpg,,,,,,
efficientnet_b0_chapter5_core_candidates_per_bucket_500_manual_per_bucket_3_target_predicted_label_chapter5_separate_assets_final,2026-05-23T08:10:49+00:00,efficientnet_b0__fold_2__clean_correct_weapon__clean__img_00000336,False,,,,,,case_bucket,clean_correct_weapon,3,,clean_correct_weapon,Clean weapon image correctly classified as weapon.,,efficientnet_b0,fold_2,clean,none,clean,weapon,weapon,0.9754000306129456,True,True,img_00000336,img_00000336,img_00000336,datasets/splits/clean/fold_2/weapon/img_00000336.jpeg,,,,,,
efficientnet_b0_chapter5_core_candidates_per_bucket_500_manual_per_bucket_3_target_predicted_label_chapter5_separate_assets_final,2026-05-23T08:10:49+00:00,efficientnet_b0__fold_5__clean_correct_weapon__clean__img_00013591,False,,,,,,case_bucket,clean_correct_weapon,3,,clean_correct_weapon,Clean weapon image correctly classified as weapon.,,efficientnet_b0,fold_5,clean,none,clean,weapon,weapon,0.9745206832885742,True,True,img_00013591,img_00013591,img_00013591,datasets/splits/clean/fold_5/weapon/img_00013591.jpg,,,,,,
efficientnet_b0_chapter5_core_candidates_per_bucket_500_manual_per_bucket_3_target_predicted_label_chapter5_separate_assets_final,2026-05-23T08:10:49+00:00,efficientnet_b0__fold_2__clean_correct_weapon__clean__img_00013638,False,,,,,,case_bucket,clean_correct_weapon,3,,clean_correct_weapon,Clean weapon image correctly classified as weapon.,,efficientnet_b0,fold_2,clean,none,clean,weapon,weapon,0.9737517237663268,True,True,img_00013638,img_00013638,img_00013638,datasets/splits/clean/fold_2/weapon/img_00013638.jpg,,,,,,
efficientnet_b0_chapter5_core_candidates_per_bucket_500_manual_per_bucket_3_target_predicted_label_chapter5_separate_assets_final,2026-05-23T08:10:49+00:00,efficientnet_b0__fold_3__clean_correct_weapon__clean__img_00014397,False,,,,,,case_bucket,clean_correct_weapon,3,,clean_correct_weapon,Clean weapon image correctly classified as weapon.,,efficientnet_b0,fold_3,clean,none,clean,weapon,weapon,0.9736219644546508,True,True,img_00014397,img_00014397,img_00014397,datasets/splits/clean/fold_3/weapon/img_00014397.webp,,,,,,
efficientnet_b0_chapter5_core_candidates_per_bucket_500_manual_per_bucket_3_target_predicted_label_chapter5_separate_assets_final,2026-05-23T08:10:49+00:00,efficientnet_b0__fold_3__clean_correct_weapon__clean__img_00000039,False,,,,,,case_bucket,clean_correct_weapon,3,,clean_correct_weapon,Clean weapon image correctly classified as weapon.,,efficientnet_b0,fold_3,clean,none,clean,weapon,weapon,0.97291362285614,True,True,img_00000039,img_00000039,img_00000039,datasets/splits/clean/fold_3/weapon/img_00000039.jpeg,,,,,,
efficientnet_b0_chapter5_core_candidates_per_bucket_500_manual_per_bucket_3_target_predicted_label_chapter5_separate_assets_final,2026-05-23T08:10:49+00:00,efficientnet_b0__fold_3__clean_correct_weapon__clean__img_00013625,False,,,,,,case_bucket,clean_correct_weapon,3,,clean_correct_weapon,Clean weapon image correctly classified as weapon.,,efficientnet_b0,fold_3,clean,none,clean,weapon,weapon,0.971936285495758,True,True,img_00013625,img_00013625,img_00013625,datasets/splits/clean/fold_3/weapon/img_00013625.jpg,,,,,,
efficientnet_b0_chapter5_core_candidates_per_bucket_500_manual_per_bucket_3_target_predicted_label_chapter5_separate_assets_final,2026-05-23T08:10:49+00:00,efficientnet_b0__fold_1__clean_correct_weapon__clean__img_00012734,False,,,,,,case_bucket,clean_correct_weapon,3,,clean_correct_weapon,Clean weapon image correctly classified as weapon.,,efficientnet_b0,fold_1,clean,none,clean,weapon,weapon,0.9708628058433532,True,True,img_00012734,img_00012734,img_00012734,datasets/splits/clean/fold_1/weapon/img_00012734.jpg,,,,,,
efficientnet_b0_chapter5_core_candidates_per_bucket_500_manual_per_bucket_3_target_predicted_label_chapter5_separate_assets_final,2026-05-23T08:10:49+00:00,efficientnet_b0__fold_4__clean_correct_weapon__clean__img_00013630,False,,,,,,case_bucket,clean_correct_weapon,3,,clean_correct_weapon,Clean weapon image correctly classified as weapon.,,efficientnet_b0,fold_4,clean,none,clean,weapon,weapon,0.9695889353752136,True,True,img_00013630,img_00013630,img_00013630,datasets/splits/clean/fold_4/weapon/img_00013630.jpg,,,,,,
efficientnet_b0_chapter5_core_candidates_per_bucket_500_manual_per_bucket_3_target_predicted_label_chapter5_separate_assets_final,2026-05-23T08:10:49+00:00,efficientnet_b0__fold_1__clean_correct_weapon__clean__img_00014446,False,,,,,,case_bucket,clean_correct_weapon,3,,clean_correct_weapon,Clean weapon image correctly classified as weapon.,,efficientnet_b0,fold_1,clean,none,clean,weapon,weapon,0.9666330814361572,True,True,img_00014446,img_00014446,img_00014446,datasets/splits/clean/fold_1/weapon/img_00014446.jpeg,,,,,,
efficientnet_b0_chapter5_core_candidates_per_bucket_500_manual_per_bucket_3_target_predicted_label_chapter5_separate_assets_final,2026-05-23T08:10:49+00:00,efficientnet_b0__fold_5__clean_correct_weapon__clean__img_00013123,False,,,,,,case_bucket,clean_correct_weapon,3,,clean_correct_weapon,Clean weapon image correctly classified as weapon.,,efficientnet_b0,fold_5,clean,none,clean,weapon,weapon,0.9657745957374572,True,True,img_00013123,img_00013123,img_00013123,datasets/splits/clean/fold_5/weapon/img_00013123.jpg,,,,,,
efficientnet_b0_chapter5_core_candidates_per_bucket_500_manual_per_bucket_3_target_predicted_label_chapter5_separate_assets_final,2026-05-23T08:10:49+00:00,efficientnet_b0__fold_1__clean_correct_weapon__clean__img_00014449,False,,,,,,case_bucket,clean_correct_weapon,3,,clean_correct_weapon,Clean weapon image correctly classified as weapon.,,efficientnet_b0,fold_1,clean,none,clean,weapon,weapon,0.9638141989707948,True,True,img_00014449,img_00014449,img_00014449,datasets/splits/clean/fold_1/weapon/img_00014449.jpeg,,,,,,
efficientnet_b0_chapter5_core_candidates_per_bucket_500_manual_per_bucket_3_target_predicted_label_chapter5_separate_assets_final,2026-05-23T08:10:49+00:00,efficientnet_b0__fold_5__clean_correct_weapon__clean__img_00000321,False,,,,,,case_bucket,clean_correct_weapon,3,,clean_correct_weapon,Clean weapon image correctly classified as weapon.,,efficientnet_b0,fold_5,clean,none,clean,weapon,weapon,0.9634957313537598,True,True,img_00000321,img_00000321,img_00000321,datasets/splits/clean/fold_5/weapon/img_00000321.jpeg,,,,,,
efficientnet_b0_chapter5_core_candidates_per_bucket_500_manual_per_bucket_3_target_predicted_label_chapter5_separate_assets_final,2026-05-23T08:10:49+00:00,efficientnet_b0__fold_2__clean_correct_weapon__clean__img_00000001,False,,,,,,case_bucket,clean_correct_weapon,3,,clean_correct_weapon,Clean weapon image correctly classified as weapon.,,efficientnet_b0,fold_2,clean,none,clean,weapon,weapon,0.960702896118164,True,True,img_00000001,img_00000001,img_00000001,datasets/splits/clean/fold_2/weapon/img_00000001.jpg,,,,,,
efficientnet_b0_chapter5_core_candidates_per_bucket_500_manual_per_bucket_3_target_predicted_label_chapter5_separate_assets_final,2026-05-23T08:10:49+00:00,efficientnet_b0__fold_4__clean_correct_weapon__clean__img_00012940,False,,,,,,case_bucket,clean_correct_weapon,3,,clean_correct_weapon,Clean weapon image correctly classified as weapon.,,efficientnet_b0,fold_4,clean,none,clean,weapon,weapon,0.957819938659668,True,True,img_00012940,img_00012940,img_00012940,datasets/splits/clean/fold_4/weapon/img_00012940.jpg,,,,,,
efficientnet_b0_chapter5_core_candidates_per_bucket_500_manual_per_bucket_3_target_predicted_label_chapter5_separate_assets_final,2026-05-23T08:10:49+00:00,efficientnet_b0__fold_3__clean_correct_weapon__clean__img_00013563,False,,,,,,case_bucket,clean_correct_weapon,3,,clean_correct_weapon,Clean weapon image correctly classified as weapon.,,efficientnet_b0,fold_3,clean,none,clean,weapon,weapon,0.9551313519477844,True,True,img_00013563,img_00013563,img_00013563,datasets/splits/clean/fold_3/weapon/img_00013563.jpg,,,,,,
efficientnet_b0_chapter5_core_candidates_per_bucket_500_manual_per_bucket_3_target_predicted_label_chapter5_separate_assets_final,2026-05-23T08:10:49+00:00,efficientnet_b0__fold_3__clean_correct_weapon__clean__img_00012757,False,,,,,,case_bucket,clean_correct_weapon,3,,clean_correct_weapon,Clean weapon image correctly classified as weapon.,,efficientnet_b0,fold_3,clean,none,clean,weapon,weapon,0.9424451589584352,True,True,img_00012757,img_00012757,img_00012757,datasets/splits/clean/fold_3/weapon/img_00012757.jpg,,,,,,
efficientnet_b0_chapter5_core_candidates_per_bucket_500_manual_per_bucket_3_target_predicted_label_chapter5_separate_assets_final,2026-05-23T08:10:49+00:00,efficientnet_b0__fold_3__clean_correct_weapon__clean__img_00000223,False,,,,,,case_bucket,clean_correct_weapon,3,,clean_correct_weapon,Clean weapon image correctly classified as weapon.,,efficientnet_b0,fold_3,clean,none,clean,weapon,weapon,0.9390007257461548,True,True,img_00000223,img_00000223,img_00000223,datasets/splits/clean/fold_3/weapon/img_00000223.png,,,,,,
efficientnet_b0_chapter5_core_candidates_per_bucket_500_manual_per_bucket_3_target_predicted_label_chapter5_separate_assets_final,2026-05-23T08:10:49+00:00,efficientnet_b0__fold_4__clean_correct_weapon__clean__img_00000133,False,,,,,,case_bucket,clean_correct_weapon,3,,clean_correct_weapon,Clean weapon image correctly classified as weapon.,,efficientnet_b0,fold_4,clean,none,clean,weapon,weapon,0.9371427297592164,True,True,img_00000133,img_00000133,img_00000133,datasets/splits/clean/fold_4/weapon/img_00000133.jpeg,,,,,,
efficientnet_b0_chapter5_core_candidates_per_bucket_500_manual_per_bucket_3_target_predicted_label_chapter5_separate_assets_final,2026-05-23T08:10:49+00:00,efficientnet_b0__fold_3__clean_correct_weapon__clean__img_00012754,False,,,,,,case_bucket,clean_correct_weapon,3,,clean_correct_weapon,Clean weapon image correctly classified as weapon.,,efficientnet_b0,fold_3,clean,none,clean,weapon,weapon,0.9362809062004088,True,True,img_00012754,img_00012754,img_00012754,datasets/splits/clean/fold_3/weapon/img_00012754.jpg,,,,,,
efficientnet_b0_chapter5_core_candidates_per_bucket_500_manual_per_bucket_3_target_predicted_label_chapter5_separate_assets_final,2026-05-23T08:10:49+00:00,efficientnet_b0__fold_1__clean_correct_weapon__clean__img_00012941,False,,,,,,case_bucket,clean_correct_weapon,3,,clean_correct_weapon,Clean weapon image correctly classified as weapon.,,efficientnet_b0,fold_1,clean,none,clean,weapon,weapon,0.9316108822822572,True,True,img_00012941,img_00012941,img_00012941,datasets/splits/clean/fold_1/weapon/img_00012941.jpg,,,,,,
efficientnet_b0_chapter5_core_candidates_per_bucket_500_manual_per_bucket_3_target_predicted_label_chapter5_separate_assets_final,2026-05-23T08:10:49+00:00,efficientnet_b0__fold_1__clean_correct_weapon__clean__img_00014407,False,,,,,,case_bucket,clean_correct_weapon,3,,clean_correct_weapon,Clean weapon image correctly classified as weapon.,,efficientnet_b0,fold_1,clean,none,clean,weapon,weapon,0.9121872186660768,True,True,img_00014407,img_00014407,img_00014407,datasets/splits/clean/fold_1/weapon/img_00014407.jpeg,,,,,,
efficientnet_b0_chapter5_core_candidates_per_bucket_500_manual_per_bucket_3_target_predicted_label_chapter5_separate_assets_final,2026-05-23T08:10:49+00:00,efficientnet_b0__fold_5__clean_correct_weapon__clean__img_00013504,False,,,,,,case_bucket,clean_correct_weapon,3,,clean_correct_weapon,Clean weapon image correctly classified as weapon.,,efficientnet_b0,fold_5,clean,none,clean,weapon,weapon,0.90671706199646,True,True,img_00013504,img_00013504,img_00013504,datasets/splits/clean/fold_5/weapon/img_00013504.jpg,,,,,,
efficientnet_b0_chapter5_core_candidates_per_bucket_500_manual_per_bucket_3_target_predicted_label_chapter5_separate_assets_final,2026-05-23T08:10:49+00:00,efficientnet_b0__fold_5__clean_correct_weapon__clean__img_00012684,False,,,,,,case_bucket,clean_correct_weapon,3,,clean_correct_weapon,Clean weapon image correctly classified as weapon.,,efficientnet_b0,fold_5,clean,none,clean,weapon,weapon,0.901813805103302,True,True,img_00012684,img_00012684,img_00012684,datasets/splits/clean/fold_5/weapon/img_00012684.jpg,,,,,,
efficientnet_b0_chapter5_core_candidates_per_bucket_500_manual_per_bucket_3_target_predicted_label_chapter5_separate_assets_final,2026-05-23T08:10:49+00:00,efficientnet_b0__fold_4__clean_correct_weapon__clean__img_00012917,False,,,,,,case_bucket,clean_correct_weapon,3,,clean_correct_weapon,Clean weapon image correctly classified as weapon.,,efficientnet_b0,fold_4,clean,none,clean,weapon,weapon,0.8819829821586609,True,True,img_00012917,img_00012917,img_00012917,datasets/splits/clean/fold_4/weapon/img_00012917.jpg,,,,,,
efficientnet_b0_chapter5_core_candidates_per_bucket_500_manual_per_bucket_3_target_predicted_label_chapter5_separate_assets_final,2026-05-23T08:10:49+00:00,efficientnet_b0__fold_4__clean_correct_weapon__clean__img_00000131,False,,,,,,case_bucket,clean_correct_weapon,3,,clean_correct_weapon,Clean weapon image correctly classified as weapon.,,efficientnet_b0,fold_4,clean,none,clean,weapon,weapon,0.8733060956001282,True,True,img_00000131,img_00000131,img_00000131,datasets/splits/clean/fold_4/weapon/img_00000131.jpeg,,,,,,
efficientnet_b0_chapter5_core_candidates_per_bucket_500_manual_per_bucket_3_target_predicted_label_chapter5_separate_assets_final,2026-05-23T08:10:49+00:00,efficientnet_b0__fold_1__clean_correct_weapon__clean__img_00012733,False,,,,,,case_bucket,clean_correct_weapon,3,,clean_correct_weapon,Clean weapon image correctly classified as weapon.,,efficientnet_b0,fold_1,clean,none,clean,weapon,weapon,0.8710352778434753,True,True,img_00012733,img_00012733,img_00012733,datasets/splits/clean/fold_1/weapon/img_00012733.jpg,,,,,,
efficientnet_b0_chapter5_core_candidates_per_bucket_500_manual_per_bucket_3_target_predicted_label_chapter5_separate_assets_final,2026-05-23T08:10:49+00:00,efficientnet_b0__fold_3__clean_correct_weapon__clean__img_00014429,False,,,,,,case_bucket,clean_correct_weapon,3,,clean_correct_weapon,Clean weapon image correctly classified as weapon.,,efficientnet_b0,fold_3,clean,none,clean,weapon,weapon,0.8663012385368347,True,True,img_00014429,img_00014429,img_00014429,datasets/splits/clean/fold_3/weapon/img_00014429.jpeg,,,,,,
efficientnet_b0_chapter5_core_candidates_per_bucket_500_manual_per_bucket_3_target_predicted_label_chapter5_separate_assets_final,2026-05-23T08:10:49+00:00,efficientnet_b0__fold_4__clean_correct_weapon__clean__img_00014391,False,,,,,,case_bucket,clean_correct_weapon,3,,clean_correct_weapon,Clean weapon image correctly classified as weapon.,,efficientnet_b0,fold_4,clean,none,clean,weapon,weapon,0.8513790369033813,True,True,img_00014391,img_00014391,img_00014391,datasets/splits/clean/fold_4/weapon/img_00014391.jpeg,,,,,,
efficientnet_b0_chapter5_core_candidates_per_bucket_500_manual_per_bucket_3_target_predicted_label_chapter5_separate_assets_final,2026-05-23T08:10:49+00:00,efficientnet_b0__fold_3__clean_correct_weapon__clean__img_00000474,False,,,,,,case_bucket,clean_correct_weapon,3,,clean_correct_weapon,Clean weapon image correctly classified as weapon.,,efficientnet_b0,fold_3,clean,none,clean,weapon,weapon,0.8375928401947021,True,True,img_00000474,img_00000474,img_00000474,datasets/splits/clean/fold_3/weapon/img_00000474.jpg,,,,,,
efficientnet_b0_chapter5_core_candidates_per_bucket_500_manual_per_bucket_3_target_predicted_label_chapter5_separate_assets_final,2026-05-23T08:10:49+00:00,efficientnet_b0__fold_3__clean_correct_weapon__clean__img_00012891,False,,,,,,case_bucket,clean_correct_weapon,3,,clean_correct_weapon,Clean weapon image correctly classified as weapon.,,efficientnet_b0,fold_3,clean,none,clean,weapon,weapon,0.8361873626708984,True,True,img_00012891,img_00012891,img_00012891,datasets/splits/clean/fold_3/weapon/img_00012891.jpg,,,,,,
efficientnet_b0_chapter5_core_candidates_per_bucket_500_manual_per_bucket_3_target_predicted_label_chapter5_separate_assets_final,2026-05-23T08:10:49+00:00,efficientnet_b0__fold_2__clean_correct_weapon__clean__img_00010402,False,,,,,,case_bucket,clean_correct_weapon,3,,clean_correct_weapon,Clean weapon image correctly classified as weapon.,,efficientnet_b0,fold_2,clean,none,clean,weapon,weapon,0.8287453651428223,True,True,img_00010402,img_00010402,img_00010402,datasets/splits/clean/fold_2/weapon/img_00010402.jpg,,,,,,
efficientnet_b0_chapter5_core_candidates_per_bucket_500_manual_per_bucket_3_target_predicted_label_chapter5_separate_assets_final,2026-05-23T08:10:49+00:00,efficientnet_b0__fold_3__clean_correct_weapon__clean__img_00000479,False,,,,,,case_bucket,clean_correct_weapon,3,,clean_correct_weapon,Clean weapon image correctly classified as weapon.,,efficientnet_b0,fold_3,clean,none,clean,weapon,weapon,0.8067911863327026,True,True,img_00000479,img_00000479,img_00000479,datasets/splits/clean/fold_3/weapon/img_00000479.jpg,,,,,,
efficientnet_b0_chapter5_core_candidates_per_bucket_500_manual_per_bucket_3_target_predicted_label_chapter5_separate_assets_final,2026-05-23T08:10:49+00:00,efficientnet_b0__fold_3__clean_correct_weapon__clean__img_00000166,False,,,,,,case_bucket,clean_correct_weapon,3,,clean_correct_weapon,Clean weapon image correctly classified as weapon.,,efficientnet_b0,fold_3,clean,none,clean,weapon,weapon,0.8042564392089844,True,True,img_00000166,img_00000166,img_00000166,datasets/splits/clean/fold_3/weapon/img_00000166.jpeg,,,,,,
efficientnet_b0_chapter5_core_candidates_per_bucket_500_manual_per_bucket_3_target_predicted_label_chapter5_separate_assets_final,2026-05-23T08:10:49+00:00,efficientnet_b0__fold_1__clean_correct_weapon__clean__img_00013608,False,,,,,,case_bucket,clean_correct_weapon,3,,clean_correct_weapon,Clean weapon image correctly classified as weapon.,,efficientnet_b0,fold_1,clean,none,clean,weapon,weapon,0.7863580584526062,True,True,img_00013608,img_00013608,img_00013608,datasets/splits/clean/fold_1/weapon/img_00013608.jpg,,,,,,
efficientnet_b0_chapter5_core_candidates_per_bucket_500_manual_per_bucket_3_target_predicted_label_chapter5_separate_assets_final,2026-05-23T08:10:49+00:00,efficientnet_b0__fold_5__clean_correct_weapon__clean__img_00013590,False,,,,,,case_bucket,clean_correct_weapon,3,,clean_correct_weapon,Clean weapon image correctly classified as weapon.,,efficientnet_b0,fold_5,clean,none,clean,weapon,weapon,0.7691895365715027,True,True,img_00013590,img_00013590,img_00013590,datasets/splits/clean/fold_5/weapon/img_00013590.jpg,,,,,,
efficientnet_b0_chapter5_core_candidates_per_bucket_500_manual_per_bucket_3_target_predicted_label_chapter5_separate_assets_final,2026-05-23T08:10:49+00:00,efficientnet_b0__fold_1__clean_correct_weapon__clean__img_00013610,False,,,,,,case_bucket,clean_correct_weapon,3,,clean_correct_weapon,Clean weapon image correctly classified as weapon.,,efficientnet_b0,fold_1,clean,none,clean,weapon,weapon,0.7638354897499084,True,True,img_00013610,img_00013610,img_00013610,datasets/splits/clean/fold_1/weapon/img_00013610.jpg,,,,,,
efficientnet_b0_chapter5_core_candidates_per_bucket_500_manual_per_bucket_3_target_predicted_label_chapter5_separate_assets_final,2026-05-23T08:10:49+00:00,efficientnet_b0__fold_2__clean_correct_weapon__clean__img_00013599,False,,,,,,case_bucket,clean_correct_weapon,3,,clean_correct_weapon,Clean weapon image correctly classified as weapon.,,efficientnet_b0,fold_2,clean,none,clean,weapon,weapon,0.7284460067749023,True,True,img_00013599,img_00013599,img_00013599,datasets/splits/clean/fold_2/weapon/img_00013599.jpg,,,,,,
efficientnet_b0_chapter5_core_candidates_per_bucket_500_manual_per_bucket_3_target_predicted_label_chapter5_separate_assets_final,2026-05-23T08:10:49+00:00,efficientnet_b0__fold_3__clean_correct_weapon__clean__img_00012742,False,,,,,,case_bucket,clean_correct_weapon,3,,clean_correct_weapon,Clean weapon image correctly classified as weapon.,,efficientnet_b0,fold_3,clean,none,clean,weapon,weapon,0.6452009081840515,True,True,img_00012742,img_00012742,img_00012742,datasets/splits/clean/fold_3/weapon/img_00012742.jpg,,,,,,
efficientnet_b0_chapter5_core_candidates_per_bucket_500_manual_per_bucket_3_target_predicted_label_chapter5_separate_assets_final,2026-05-23T08:10:49+00:00,efficientnet_b0__fold_3__clean_correct_weapon__clean__img_00014510,False,,,,,,case_bucket,clean_correct_weapon,3,,clean_correct_weapon,Clean weapon image correctly classified as weapon.,,efficientnet_b0,fold_3,clean,none,clean,weapon,weapon,0.635000467300415,True,True,img_00014510,img_00014510,img_00014510,datasets/splits/clean/fold_3/weapon/img_00014510.jpeg,,,,,,
efficientnet_b0_chapter5_core_candidates_per_bucket_500_manual_per_bucket_3_target_predicted_label_chapter5_separate_assets_final,2026-05-23T08:10:49+00:00,efficientnet_b0__fold_2__clean_correct_weapon__clean__img_00013146,False,,,,,,case_bucket,clean_correct_weapon,3,,clean_correct_weapon,Clean weapon image correctly classified as weapon.,,efficientnet_b0,fold_2,clean,none,clean,weapon,weapon,0.5806112885475159,True,True,img_00013146,img_00013146,img_00013146,datasets/splits/clean/fold_2/weapon/img_00013146.jpg,,,,,,
efficientnet_b0_chapter5_core_candidates_per_bucket_500_manual_per_bucket_3_target_predicted_label_chapter5_separate_assets_final,2026-05-23T08:10:49+00:00,efficientnet_b0__fold_2__clean_correct_weapon__clean__img_00014484,False,,,,,,case_bucket,clean_correct_weapon,3,,clean_correct_weapon,Clean weapon image correctly classified as weapon.,,efficientnet_b0,fold_2,clean,none,clean,weapon,weapon,0.529816210269928,True,True,img_00014484,img_00014484,img_00014484,datasets/splits/clean/fold_2/weapon/img_00014484.jpeg,,,,,,
efficientnet_b0_chapter5_core_candidates_per_bucket_500_manual_per_bucket_3_target_predicted_label_chapter5_separate_assets_final,2026-05-23T08:10:49+00:00,efficientnet_b0__fold_5__clean_false_negative_weapon__clean__img_00014460,False,,,,,,case_bucket,clean_false_negative_weapon,3,,clean_false_negative_weapon,Clean weapon image incorrectly classified as non_weapon.,,efficientnet_b0,fold_5,clean,none,clean,weapon,non_weapon,0.9133062958717346,False,False,img_00014460,img_00014460,img_00014460,datasets/splits/clean/fold_5/weapon/img_00014460.webp,,,,,,
efficientnet_b0_chapter5_core_candidates_per_bucket_500_manual_per_bucket_3_target_predicted_label_chapter5_separate_assets_final,2026-05-23T08:10:49+00:00,efficientnet_b0__fold_5__clean_false_negative_weapon__clean__img_00000467,False,,,,,,case_bucket,clean_false_negative_weapon,3,,clean_false_negative_weapon,Clean weapon image incorrectly classified as non_weapon.,,efficientnet_b0,fold_5,clean,none,clean,weapon,non_weapon,0.8552386164665222,False,False,img_00000467,img_00000467,img_00000467,datasets/splits/clean/fold_5/weapon/img_00000467.jpg,,,,,,
efficientnet_b0_chapter5_core_candidates_per_bucket_500_manual_per_bucket_3_target_predicted_label_chapter5_separate_assets_final,2026-05-23T08:10:49+00:00,efficientnet_b0__fold_5__clean_false_negative_weapon__clean__img_00000465,False,,,,,,case_bucket,clean_false_negative_weapon,3,,clean_false_negative_weapon,Clean weapon image incorrectly classified as non_weapon.,,efficientnet_b0,fold_5,clean,none,clean,weapon,non_weapon,0.8069615960121155,False,False,img_00000465,img_00000465,img_00000465,datasets/splits/clean/fold_5/weapon/img_00000465.jpg,,,,,,
efficientnet_b0_chapter5_core_candidates_per_bucket_500_manual_per_bucket_3_target_predicted_label_chapter5_separate_assets_final,2026-05-23T08:10:49+00:00,efficientnet_b0__fold_3__clean_false_negative_weapon__clean__img_00012748,False,,,,,,case_bucket,clean_false_negative_weapon,3,,clean_false_negative_weapon,Clean weapon image incorrectly classified as non_weapon.,,efficientnet_b0,fold_3,clean,none,clean,weapon,non_weapon,0.8046563863754272,False,False,img_00012748,img_00012748,img_00012748,datasets/splits/clean/fold_3/weapon/img_00012748.jpg,,,,,,
efficientnet_b0_chapter5_core_candidates_per_bucket_500_manual_per_bucket_3_target_predicted_label_chapter5_separate_assets_final,2026-05-23T08:10:49+00:00,efficientnet_b0__fold_3__clean_false_negative_weapon__clean__img_00000324,True,4.0,Lello,2026-05-23T08:11:35+00:00,select,,case_bucket,clean_false_negative_weapon,3,,clean_false_negative_weapon,Clean weapon image incorrectly classified as non_weapon.,,efficientnet_b0,fold_3,clean,none,clean,weapon,non_weapon,0.7977629899978638,False,False,img_00000324,img_00000324,img_00000324,datasets/splits/clean/fold_3/weapon/img_00000324.jpeg,,,,,,
efficientnet_b0_chapter5_core_candidates_per_bucket_500_manual_per_bucket_3_target_predicted_label_chapter5_separate_assets_final,2026-05-23T08:10:49+00:00,efficientnet_b0__fold_2__clean_false_negative_weapon__clean__img_00012777,True,5.0,Lello,2026-05-23T08:11:36+00:00,select,,case_bucket,clean_false_negative_weapon,3,,clean_false_negative_weapon,Clean weapon image incorrectly classified as non_weapon.,,efficientnet_b0,fold_2,clean,none,clean,weapon,non_weapon,0.788966953754425,False,False,img_00012777,img_00012777,img_00012777,datasets/splits/clean/fold_2/weapon/img_00012777.jpg,,,,,,
efficientnet_b0_chapter5_core_candidates_per_bucket_500_manual_per_bucket_3_target_predicted_label_chapter5_separate_assets_final,2026-05-23T08:10:49+00:00,efficientnet_b0__fold_3__clean_false_negative_weapon__clean__img_00012676,False,,,,,,case_bucket,clean_false_negative_weapon,3,,clean_false_negative_weapon,Clean weapon image incorrectly classified as non_weapon.,,efficientnet_b0,fold_3,clean,none,clean,weapon,non_weapon,0.7819218039512634,False,False,img_00012676,img_00012676,img_00012676,datasets/splits/clean/fold_3/weapon/img_00012676.jpg,,,,,,
efficientnet_b0_chapter5_core_candidates_per_bucket_500_manual_per_bucket_3_target_predicted_label_chapter5_separate_assets_final,2026-05-23T08:10:49+00:00,efficientnet_b0__fold_2__clean_false_negative_weapon__clean__img_00000003,True,6.0,Lello,2026-05-23T08:11:36+00:00,select,,case_bucket,clean_false_negative_weapon,3,,clean_false_negative_weapon,Clean weapon image incorrectly classified as non_weapon.,,efficientnet_b0,fold_2,clean,none,clean,weapon,non_weapon,0.6920745372772217,False,False,img_00000003,img_00000003,img_00000003,datasets/splits/clean/fold_2/weapon/img_00000003.jpg,,,,,,
efficientnet_b0_chapter5_core_candidates_per_bucket_500_manual_per_bucket_3_target_predicted_label_chapter5_separate_assets_final,2026-05-23T08:10:49+00:00,efficientnet_b0__fold_5__ood_as_weapon__ood__img_00012704,False,,,,,,case_bucket,ood_as_weapon,3,,ood_as_weapon,Out-of-distribution image classified as weapon with high confidence.,,efficientnet_b0,fold_5,ood,none,ood,ood,weapon,1.0,,,img_00012704,img_00012704,img_00012704,datasets/splits/ood/ood_eval_set/ood/img_00012704.jpg,,,,,,
efficientnet_b0_chapter5_core_candidates_per_bucket_500_manual_per_bucket_3_target_predicted_label_chapter5_separate_assets_final,2026-05-23T08:10:49+00:00,efficientnet_b0__fold_5__ood_as_weapon__ood__img_00013439,False,,,,,,case_bucket,ood_as_weapon,3,,ood_as_weapon,Out-of-distribution image classified as weapon with high confidence.,,efficientnet_b0,fold_5,ood,none,ood,ood,weapon,0.9999994039535522,,,img_00013439,img_00013439,img_00013439,datasets/splits/ood/ood_eval_set/ood/img_00013439.jpg,,,,,,
efficientnet_b0_chapter5_core_candidates_per_bucket_500_manual_per_bucket_3_target_predicted_label_chapter5_separate_assets_final,2026-05-23T08:10:49+00:00,efficientnet_b0__fold_5__ood_as_weapon__ood__img_00013444,False,,,,,,case_bucket,ood_as_weapon,3,,ood_as_weapon,Out-of-distribution image classified as weapon with high confidence.,,efficientnet_b0,fold_5,ood,none,ood,ood,weapon,0.9999982118606568,,,img_00013444,img_00013444,img_00013444,datasets/splits/ood/ood_eval_set/ood/img_00013444.jpg,,,,,,
efficientnet_b0_chapter5_core_candidates_per_bucket_500_manual_per_bucket_3_target_predicted_label_chapter5_separate_assets_final,2026-05-23T08:10:49+00:00,efficientnet_b0__fold_1__ood_as_weapon__ood__img_00000308,False,,,,,,case_bucket,ood_as_weapon,3,,ood_as_weapon,Out-of-distribution image classified as weapon with high confidence.,,efficientnet_b0,fold_1,ood,none,ood,ood,weapon,0.9999980926513672,,,img_00000308,img_00000308,img_00000308,datasets/splits/ood/ood_eval_set/ood/img_00000308.jpeg,,,,,,
efficientnet_b0_chapter5_core_candidates_per_bucket_500_manual_per_bucket_3_target_predicted_label_chapter5_separate_assets_final,2026-05-23T08:10:49+00:00,efficientnet_b0__fold_1__ood_as_weapon__ood__img_00013435,False,,,,,,case_bucket,ood_as_weapon,3,,ood_as_weapon,Out-of-distribution image classified as weapon with high confidence.,,efficientnet_b0,fold_1,ood,none,ood,ood,weapon,0.9999972581863404,,,img_00013435,img_00013435,img_00013435,datasets/splits/ood/ood_eval_set/ood/img_00013435.jpg,,,,,,
efficientnet_b0_chapter5_core_candidates_per_bucket_500_manual_per_bucket_3_target_predicted_label_chapter5_separate_assets_final,2026-05-23T08:10:49+00:00,efficientnet_b0__fold_5__ood_as_weapon__ood__img_00013462,False,,,,,,case_bucket,ood_as_weapon,3,,ood_as_weapon,Out-of-distribution image classified as weapon with high confidence.,,efficientnet_b0,fold_5,ood,none,ood,ood,weapon,0.9999971389770508,,,img_00013462,img_00013462,img_00013462,datasets/splits/ood/ood_eval_set/ood/img_00013462.png,,,,,,
efficientnet_b0_chapter5_core_candidates_per_bucket_500_manual_per_bucket_3_target_predicted_label_chapter5_separate_assets_final,2026-05-23T08:10:49+00:00,efficientnet_b0__fold_5__ood_as_weapon__ood__img_00013412,False,,,,,,case_bucket,ood_as_weapon,3,,ood_as_weapon,Out-of-distribution image classified as weapon with high confidence.,,efficientnet_b0,fold_5,ood,none,ood,ood,weapon,0.9999942779541016,,,img_00013412,img_00013412,img_00013412,datasets/splits/ood/ood_eval_set/ood/img_00013412.jpg,,,,,,
efficientnet_b0_chapter5_core_candidates_per_bucket_500_manual_per_bucket_3_target_predicted_label_chapter5_separate_assets_final,2026-05-23T08:10:49+00:00,efficientnet_b0__fold_5__ood_as_weapon__ood__img_00012735,False,,,,,,case_bucket,ood_as_weapon,3,,ood_as_weapon,Out-of-distribution image classified as weapon with high confidence.,,efficientnet_b0,fold_5,ood,none,ood,ood,weapon,0.999992847442627,,,img_00012735,img_00012735,img_00012735,datasets/splits/ood/ood_eval_set/ood/img_00012735.jpg,,,,,,
efficientnet_b0_chapter5_core_candidates_per_bucket_500_manual_per_bucket_3_target_predicted_label_chapter5_separate_assets_final,2026-05-23T08:10:49+00:00,efficientnet_b0__fold_5__ood_as_weapon__ood__img_00012701,False,,,,,,case_bucket,ood_as_weapon,3,,ood_as_weapon,Out-of-distribution image classified as weapon with high confidence.,,efficientnet_b0,fold_5,ood,none,ood,ood,weapon,0.9999910593032836,,,img_00012701,img_00012701,img_00012701,datasets/splits/ood/ood_eval_set/ood/img_00012701.jpg,,,,,,
efficientnet_b0_chapter5_core_candidates_per_bucket_500_manual_per_bucket_3_target_predicted_label_chapter5_separate_assets_final,2026-05-23T08:10:49+00:00,efficientnet_b0__fold_5__ood_as_weapon__ood__img_00012708,False,,,,,,case_bucket,ood_as_weapon,3,,ood_as_weapon,Out-of-distribution image classified as weapon with high confidence.,,efficientnet_b0,fold_5,ood,none,ood,ood,weapon,0.9999903440475464,,,img_00012708,img_00012708,img_00012708,datasets/splits/ood/ood_eval_set/ood/img_00012708.jpg,,,,,,
efficientnet_b0_chapter5_core_candidates_per_bucket_500_manual_per_bucket_3_target_predicted_label_chapter5_separate_assets_final,2026-05-23T08:10:49+00:00,efficientnet_b0__fold_5__ood_as_weapon__ood__img_00013443,False,,,,,,case_bucket,ood_as_weapon,3,,ood_as_weapon,Out-of-distribution image classified as weapon with high confidence.,,efficientnet_b0,fold_5,ood,none,ood,ood,weapon,0.9999866485595704,,,img_00013443,img_00013443,img_00013443,datasets/splits/ood/ood_eval_set/ood/img_00013443.jpg,,,,,,
efficientnet_b0_chapter5_core_candidates_per_bucket_500_manual_per_bucket_3_target_predicted_label_chapter5_separate_assets_final,2026-05-23T08:10:49+00:00,efficientnet_b0__fold_1__ood_as_weapon__ood__img_00013734,True,7.0,Lello,2026-05-23T08:11:47+00:00,select,,case_bucket,ood_as_weapon,3,,ood_as_weapon,Out-of-distribution image classified as weapon with high confidence.,,efficientnet_b0,fold_1,ood,none,ood,ood,weapon,0.9999839067459106,,,img_00013734,img_00013734,img_00013734,datasets/splits/ood/ood_eval_set/ood/img_00013734.jpg,,,,,,
efficientnet_b0_chapter5_core_candidates_per_bucket_500_manual_per_bucket_3_target_predicted_label_chapter5_separate_assets_final,2026-05-23T08:10:49+00:00,efficientnet_b0__fold_5__ood_as_weapon__ood__img_00013434,False,,,,,,case_bucket,ood_as_weapon,3,,ood_as_weapon,Out-of-distribution image classified as weapon with high confidence.,,efficientnet_b0,fold_5,ood,none,ood,ood,weapon,0.9999834299087524,,,img_00013434,img_00013434,img_00013434,datasets/splits/ood/ood_eval_set/ood/img_00013434.png,,,,,,
efficientnet_b0_chapter5_core_candidates_per_bucket_500_manual_per_bucket_3_target_predicted_label_chapter5_separate_assets_final,2026-05-23T08:10:49+00:00,efficientnet_b0__fold_5__ood_as_weapon__ood__img_00013417,False,,,,,,case_bucket,ood_as_weapon,3,,ood_as_weapon,Out-of-distribution image classified as weapon with high confidence.,,efficientnet_b0,fold_5,ood,none,ood,ood,weapon,0.9999825954437256,,,img_00013417,img_00013417,img_00013417,datasets/splits/ood/ood_eval_set/ood/img_00013417.jpg,,,,,,
efficientnet_b0_chapter5_core_candidates_per_bucket_500_manual_per_bucket_3_target_predicted_label_chapter5_separate_assets_final,2026-05-23T08:10:49+00:00,efficientnet_b0__fold_5__ood_as_weapon__ood__img_00013451,False,,,,,,case_bucket,ood_as_weapon,3,,ood_as_weapon,Out-of-distribution image classified as weapon with high confidence.,,efficientnet_b0,fold_5,ood,none,ood,ood,weapon,0.9999781847000122,,,img_00013451,img_00013451,img_00013451,datasets/splits/ood/ood_eval_set/ood/img_00013451.png,,,,,,
efficientnet_b0_chapter5_core_candidates_per_bucket_500_manual_per_bucket_3_target_predicted_label_chapter5_separate_assets_final,2026-05-23T08:10:49+00:00,efficientnet_b0__fold_5__ood_as_weapon__ood__img_00013430,False,,,,,,case_bucket,ood_as_weapon,3,,ood_as_weapon,Out-of-distribution image classified as weapon with high confidence.,,efficientnet_b0,fold_5,ood,none,ood,ood,weapon,0.9999018907546996,,,img_00013430,img_00013430,img_00013430,datasets/splits/ood/ood_eval_set/ood/img_00013430.jpg,,,,,,
efficientnet_b0_chapter5_core_candidates_per_bucket_500_manual_per_bucket_3_target_predicted_label_chapter5_separate_assets_final,2026-05-23T08:10:49+00:00,efficientnet_b0__fold_3__ood_as_weapon__ood__img_00000024,False,,,,,,case_bucket,ood_as_weapon,3,,ood_as_weapon,Out-of-distribution image classified as weapon with high confidence.,,efficientnet_b0,fold_3,ood,none,ood,ood,weapon,0.9998786449432372,,,img_00000024,img_00000024,img_00000024,datasets/splits/ood/ood_eval_set/ood/img_00000024.jpeg,,,,,,
efficientnet_b0_chapter5_core_candidates_per_bucket_500_manual_per_bucket_3_target_predicted_label_chapter5_separate_assets_final,2026-05-23T08:10:49+00:00,efficientnet_b0__fold_2__ood_as_weapon__ood__img_00000237,False,,,,,,case_bucket,ood_as_weapon,3,,ood_as_weapon,Out-of-distribution image classified as weapon with high confidence.,,efficientnet_b0,fold_2,ood,none,ood,ood,weapon,0.9998175501823424,,,img_00000237,img_00000237,img_00000237,datasets/splits/ood/ood_eval_set/ood/img_00000237.jpeg,,,,,,
efficientnet_b0_chapter5_core_candidates_per_bucket_500_manual_per_bucket_3_target_predicted_label_chapter5_separate_assets_final,2026-05-23T08:10:49+00:00,efficientnet_b0__fold_2__ood_as_weapon__ood__img_00013414,False,,,,,,case_bucket,ood_as_weapon,3,,ood_as_weapon,Out-of-distribution image classified as weapon with high confidence.,,efficientnet_b0,fold_2,ood,none,ood,ood,weapon,0.999786913394928,,,img_00013414,img_00013414,img_00013414,datasets/splits/ood/ood_eval_set/ood/img_00013414.jpg,,,,,,
efficientnet_b0_chapter5_core_candidates_per_bucket_500_manual_per_bucket_3_target_predicted_label_chapter5_separate_assets_final,2026-05-23T08:10:49+00:00,efficientnet_b0__fold_5__ood_as_weapon__ood__img_00013727,False,,,,,,case_bucket,ood_as_weapon,3,,ood_as_weapon,Out-of-distribution image classified as weapon with high confidence.,,efficientnet_b0,fold_5,ood,none,ood,ood,weapon,0.9997829794883728,,,img_00013727,img_00013727,img_00013727,datasets/splits/ood/ood_eval_set/ood/img_00013727.jpg,,,,,,
efficientnet_b0_chapter5_core_candidates_per_bucket_500_manual_per_bucket_3_target_predicted_label_chapter5_separate_assets_final,2026-05-23T08:10:49+00:00,efficientnet_b0__fold_5__ood_as_weapon__ood__img_00000326,False,,,,,,case_bucket,ood_as_weapon,3,,ood_as_weapon,Out-of-distribution image classified as weapon with high confidence.,,efficientnet_b0,fold_5,ood,none,ood,ood,weapon,0.999772012233734,,,img_00000326,img_00000326,img_00000326,datasets/splits/ood/ood_eval_set/ood/img_00000326.jpeg,,,,,,
efficientnet_b0_chapter5_core_candidates_per_bucket_500_manual_per_bucket_3_target_predicted_label_chapter5_separate_assets_final,2026-05-23T08:10:49+00:00,efficientnet_b0__fold_1__ood_as_weapon__ood__img_00000017,False,,,,,,case_bucket,ood_as_weapon,3,,ood_as_weapon,Out-of-distribution image classified as weapon with high confidence.,,efficientnet_b0,fold_1,ood,none,ood,ood,weapon,0.9997488856315612,,,img_00000017,img_00000017,img_00000017,datasets/splits/ood/ood_eval_set/ood/img_00000017.jpeg,,,,,,
efficientnet_b0_chapter5_core_candidates_per_bucket_500_manual_per_bucket_3_target_predicted_label_chapter5_separate_assets_final,2026-05-23T08:10:49+00:00,efficientnet_b0__fold_5__ood_as_weapon__ood__img_00013711,False,,,,,,case_bucket,ood_as_weapon,3,,ood_as_weapon,Out-of-distribution image classified as weapon with high confidence.,,efficientnet_b0,fold_5,ood,none,ood,ood,weapon,0.9997106194496156,,,img_00013711,img_00013711,img_00013711,datasets/splits/ood/ood_eval_set/ood/img_00013711.jpg,,,,,,
efficientnet_b0_chapter5_core_candidates_per_bucket_500_manual_per_bucket_3_target_predicted_label_chapter5_separate_assets_final,2026-05-23T08:10:49+00:00,efficientnet_b0__fold_5__ood_as_weapon__ood__img_00013426,False,,,,,,case_bucket,ood_as_weapon,3,,ood_as_weapon,Out-of-distribution image classified as weapon with high confidence.,,efficientnet_b0,fold_5,ood,none,ood,ood,weapon,0.9997084736824036,,,img_00013426,img_00013426,img_00013426,datasets/splits/ood/ood_eval_set/ood/img_00013426.jpg,,,,,,
efficientnet_b0_chapter5_core_candidates_per_bucket_500_manual_per_bucket_3_target_predicted_label_chapter5_separate_assets_final,2026-05-23T08:10:49+00:00,efficientnet_b0__fold_1__ood_as_weapon__ood__img_00013440,False,,,,,,case_bucket,ood_as_weapon,3,,ood_as_weapon,Out-of-distribution image classified as weapon with high confidence.,,efficientnet_b0,fold_1,ood,none,ood,ood,weapon,0.9996668100357056,,,img_00013440,img_00013440,img_00013440,datasets/splits/ood/ood_eval_set/ood/img_00013440.jpg,,,,,,
efficientnet_b0_chapter5_core_candidates_per_bucket_500_manual_per_bucket_3_target_predicted_label_chapter5_separate_assets_final,2026-05-23T08:10:49+00:00,efficientnet_b0__fold_1__ood_as_weapon__ood__img_00013421,False,,,,,,case_bucket,ood_as_weapon,3,,ood_as_weapon,Out-of-distribution image classified as weapon with high confidence.,,efficientnet_b0,fold_1,ood,none,ood,ood,weapon,0.9996360540390016,,,img_00013421,img_00013421,img_00013421,datasets/splits/ood/ood_eval_set/ood/img_00013421.jpg,,,,,,
efficientnet_b0_chapter5_core_candidates_per_bucket_500_manual_per_bucket_3_target_predicted_label_chapter5_separate_assets_final,2026-05-23T08:10:49+00:00,efficientnet_b0__fold_1__ood_as_weapon__ood__img_00014091,False,,,,,,case_bucket,ood_as_weapon,3,,ood_as_weapon,Out-of-distribution image classified as weapon with high confidence.,,efficientnet_b0,fold_1,ood,none,ood,ood,weapon,0.9996240139007568,,,img_00014091,img_00014091,img_00014091,datasets/splits/ood/ood_eval_set/ood/img_00014091.jpg,,,,,,
efficientnet_b0_chapter5_core_candidates_per_bucket_500_manual_per_bucket_3_target_predicted_label_chapter5_separate_assets_final,2026-05-23T08:10:49+00:00,efficientnet_b0__fold_1__ood_as_weapon__ood__img_00000370,False,,,,,,case_bucket,ood_as_weapon,3,,ood_as_weapon,Out-of-distribution image classified as weapon with high confidence.,,efficientnet_b0,fold_1,ood,none,ood,ood,weapon,0.9996029734611512,,,img_00000370,img_00000370,img_00000370,datasets/splits/ood/ood_eval_set/ood/img_00000370.jpeg,,,,,,
efficientnet_b0_chapter5_core_candidates_per_bucket_500_manual_per_bucket_3_target_predicted_label_chapter5_separate_assets_final,2026-05-23T08:10:49+00:00,efficientnet_b0__fold_2__ood_as_weapon__ood__img_00000213,False,,,,,,case_bucket,ood_as_weapon,3,,ood_as_weapon,Out-of-distribution image classified as weapon with high confidence.,,efficientnet_b0,fold_2,ood,none,ood,ood,weapon,0.999584972858429,,,img_00000213,img_00000213,img_00000213,datasets/splits/ood/ood_eval_set/ood/img_00000213.jpeg,,,,,,
efficientnet_b0_chapter5_core_candidates_per_bucket_500_manual_per_bucket_3_target_predicted_label_chapter5_separate_assets_final,2026-05-23T08:10:49+00:00,efficientnet_b0__fold_5__ood_as_weapon__ood__img_00013456,False,,,,,,case_bucket,ood_as_weapon,3,,ood_as_weapon,Out-of-distribution image classified as weapon with high confidence.,,efficientnet_b0,fold_5,ood,none,ood,ood,weapon,0.9995805621147156,,,img_00013456,img_00013456,img_00013456,datasets/splits/ood/ood_eval_set/ood/img_00013456.jpg,,,,,,
efficientnet_b0_chapter5_core_candidates_per_bucket_500_manual_per_bucket_3_target_predicted_label_chapter5_separate_assets_final,2026-05-23T08:10:49+00:00,efficientnet_b0__fold_1__ood_as_weapon__ood__img_00000331,False,,,,,,case_bucket,ood_as_weapon,3,,ood_as_weapon,Out-of-distribution image classified as weapon with high confidence.,,efficientnet_b0,fold_1,ood,none,ood,ood,weapon,0.999512791633606,,,img_00000331,img_00000331,img_00000331,datasets/splits/ood/ood_eval_set/ood/img_00000331.jpeg,,,,,,
efficientnet_b0_chapter5_core_candidates_per_bucket_500_manual_per_bucket_3_target_predicted_label_chapter5_separate_assets_final,2026-05-23T08:10:49+00:00,efficientnet_b0__fold_1__ood_as_weapon__ood__img_00012728,False,,,,,,case_bucket,ood_as_weapon,3,,ood_as_weapon,Out-of-distribution image classified as weapon with high confidence.,,efficientnet_b0,fold_1,ood,none,ood,ood,weapon,0.9994682669639589,,,img_00012728,img_00012728,img_00012728,datasets/splits/ood/ood_eval_set/ood/img_00012728.jpg,,,,,,
efficientnet_b0_chapter5_core_candidates_per_bucket_500_manual_per_bucket_3_target_predicted_label_chapter5_separate_assets_final,2026-05-23T08:10:49+00:00,efficientnet_b0__fold_1__ood_as_weapon__ood__img_00015067,True,8.0,Lello,2026-05-23T08:11:54+00:00,select,,case_bucket,ood_as_weapon,3,,ood_as_weapon,Out-of-distribution image classified as weapon with high confidence.,,efficientnet_b0,fold_1,ood,none,ood,ood,weapon,0.9993919134140016,,,img_00015067,img_00015067,img_00015067,datasets/splits/ood/ood_eval_set/ood/img_00015067.webp,,,,,,
efficientnet_b0_chapter5_core_candidates_per_bucket_500_manual_per_bucket_3_target_predicted_label_chapter5_separate_assets_final,2026-05-23T08:10:49+00:00,efficientnet_b0__fold_1__ood_as_weapon__ood__img_00013461,False,,,,,,case_bucket,ood_as_weapon,3,,ood_as_weapon,Out-of-distribution image classified as weapon with high confidence.,,efficientnet_b0,fold_1,ood,none,ood,ood,weapon,0.9993853569030762,,,img_00013461,img_00013461,img_00013461,datasets/splits/ood/ood_eval_set/ood/img_00013461.jpg,,,,,,
efficientnet_b0_chapter5_core_candidates_per_bucket_500_manual_per_bucket_3_target_predicted_label_chapter5_separate_assets_final,2026-05-23T08:10:49+00:00,efficientnet_b0__fold_1__ood_as_weapon__ood__img_00013423,False,,,,,,case_bucket,ood_as_weapon,3,,ood_as_weapon,Out-of-distribution image classified as weapon with high confidence.,,efficientnet_b0,fold_1,ood,none,ood,ood,weapon,0.9993849992752076,,,img_00013423,img_00013423,img_00013423,datasets/splits/ood/ood_eval_set/ood/img_00013423.jpg,,,,,,
efficientnet_b0_chapter5_core_candidates_per_bucket_500_manual_per_bucket_3_target_predicted_label_chapter5_separate_assets_final,2026-05-23T08:10:49+00:00,efficientnet_b0__fold_5__ood_as_weapon__ood__img_00013446,False,,,,,,case_bucket,ood_as_weapon,3,,ood_as_weapon,Out-of-distribution image classified as weapon with high confidence.,,efficientnet_b0,fold_5,ood,none,ood,ood,weapon,0.9993649125099182,,,img_00013446,img_00013446,img_00013446,datasets/splits/ood/ood_eval_set/ood/img_00013446.jpg,,,,,,
efficientnet_b0_chapter5_core_candidates_per_bucket_500_manual_per_bucket_3_target_predicted_label_chapter5_separate_assets_final,2026-05-23T08:10:49+00:00,efficientnet_b0__fold_3__ood_as_weapon__ood__img_00012702,False,,,,,,case_bucket,ood_as_weapon,3,,ood_as_weapon,Out-of-distribution image classified as weapon with high confidence.,,efficientnet_b0,fold_3,ood,none,ood,ood,weapon,0.9992696642875672,,,img_00012702,img_00012702,img_00012702,datasets/splits/ood/ood_eval_set/ood/img_00012702.jpg,,,,,,
efficientnet_b0_chapter5_core_candidates_per_bucket_500_manual_per_bucket_3_target_predicted_label_chapter5_separate_assets_final,2026-05-23T08:10:49+00:00,efficientnet_b0__fold_1__ood_as_weapon__ood__img_00013425,False,,,,,,case_bucket,ood_as_weapon,3,,ood_as_weapon,Out-of-distribution image classified as weapon with high confidence.,,efficientnet_b0,fold_1,ood,none,ood,ood,weapon,0.9992434978485109,,,img_00013425,img_00013425,img_00013425,datasets/splits/ood/ood_eval_set/ood/img_00013425.jpg,,,,,,
efficientnet_b0_chapter5_core_candidates_per_bucket_500_manual_per_bucket_3_target_predicted_label_chapter5_separate_assets_final,2026-05-23T08:10:49+00:00,efficientnet_b0__fold_2__ood_as_weapon__ood__img_00000029,False,,,,,,case_bucket,ood_as_weapon,3,,ood_as_weapon,Out-of-distribution image classified as weapon with high confidence.,,efficientnet_b0,fold_2,ood,none,ood,ood,weapon,0.9990679621696472,,,img_00000029,img_00000029,img_00000029,datasets/splits/ood/ood_eval_set/ood/img_00000029.jpeg,,,,,,
efficientnet_b0_chapter5_core_candidates_per_bucket_500_manual_per_bucket_3_target_predicted_label_chapter5_separate_assets_final,2026-05-23T08:10:49+00:00,efficientnet_b0__fold_1__ood_as_weapon__ood__img_00014955,False,,,,,,case_bucket,ood_as_weapon,3,,ood_as_weapon,Out-of-distribution image classified as weapon with high confidence.,,efficientnet_b0,fold_1,ood,none,ood,ood,weapon,0.9990519881248474,,,img_00014955,img_00014955,img_00014955,datasets/splits/ood/ood_eval_set/ood/img_00014955.png,,,,,,
efficientnet_b0_chapter5_core_candidates_per_bucket_500_manual_per_bucket_3_target_predicted_label_chapter5_separate_assets_final,2026-05-23T08:10:49+00:00,efficientnet_b0__fold_2__ood_as_weapon__ood__img_00014615,True,9.0,Lello,2026-05-23T08:11:59+00:00,select,,case_bucket,ood_as_weapon,3,,ood_as_weapon,Out-of-distribution image classified as weapon with high confidence.,,efficientnet_b0,fold_2,ood,none,ood,ood,weapon,0.9990302324295044,,,img_00014615,img_00014615,img_00014615,datasets/splits/ood/ood_eval_set/ood/img_00014615.jpeg,,,,,,
efficientnet_b0_chapter5_core_candidates_per_bucket_500_manual_per_bucket_3_target_predicted_label_chapter5_separate_assets_final,2026-05-23T08:10:49+00:00,efficientnet_b0__fold_1__ood_as_weapon__ood__img_00000070,False,,,,,,case_bucket,ood_as_weapon,3,,ood_as_weapon,Out-of-distribution image classified as weapon with high confidence.,,efficientnet_b0,fold_1,ood,none,ood,ood,weapon,0.9987768530845642,,,img_00000070,img_00000070,img_00000070,datasets/splits/ood/ood_eval_set/ood/img_00000070.jpeg,,,,,,
efficientnet_b0_chapter5_core_candidates_per_bucket_500_manual_per_bucket_3_target_predicted_label_chapter5_separate_assets_final,2026-05-23T08:10:49+00:00,efficientnet_b0__fold_1__ood_as_weapon__ood__img_00000373,False,,,,,,case_bucket,ood_as_weapon,3,,ood_as_weapon,Out-of-distribution image classified as weapon with high confidence.,,efficientnet_b0,fold_1,ood,none,ood,ood,weapon,0.9983516931533812,,,img_00000373,img_00000373,img_00000373,datasets/splits/ood/ood_eval_set/ood/img_00000373.jpeg,,,,,,
efficientnet_b0_chapter5_core_candidates_per_bucket_500_manual_per_bucket_3_target_predicted_label_chapter5_separate_assets_final,2026-05-23T08:10:49+00:00,efficientnet_b0__fold_1__ood_as_weapon__ood__img_00013725,False,,,,,,case_bucket,ood_as_weapon,3,,ood_as_weapon,Out-of-distribution image classified as weapon with high confidence.,,efficientnet_b0,fold_1,ood,none,ood,ood,weapon,0.998170018196106,,,img_00013725,img_00013725,img_00013725,datasets/splits/ood/ood_eval_set/ood/img_00013725.jpg,,,,,,
efficientnet_b0_chapter5_core_candidates_per_bucket_500_manual_per_bucket_3_target_predicted_label_chapter5_separate_assets_final,2026-05-23T08:10:49+00:00,efficientnet_b0__fold_5__ood_as_weapon__ood__img_00013464,False,,,,,,case_bucket,ood_as_weapon,3,,ood_as_weapon,Out-of-distribution image classified as weapon with high confidence.,,efficientnet_b0,fold_5,ood,none,ood,ood,weapon,0.9980778694152832,,,img_00013464,img_00013464,img_00013464,datasets/splits/ood/ood_eval_set/ood/img_00013464.jpg,,,,,,
efficientnet_b0_chapter5_core_candidates_per_bucket_500_manual_per_bucket_3_target_predicted_label_chapter5_separate_assets_final,2026-05-23T08:10:49+00:00,efficientnet_b0__fold_1__ood_as_weapon__ood__img_00000027,False,,,,,,case_bucket,ood_as_weapon,3,,ood_as_weapon,Out-of-distribution image classified as weapon with high confidence.,,efficientnet_b0,fold_1,ood,none,ood,ood,weapon,0.9979438185691832,,,img_00000027,img_00000027,img_00000027,datasets/splits/ood/ood_eval_set/ood/img_00000027.jpeg,,,,,,
efficientnet_b0_chapter5_core_candidates_per_bucket_500_manual_per_bucket_3_target_predicted_label_chapter5_separate_assets_final,2026-05-23T08:10:49+00:00,efficientnet_b0__fold_2__ood_as_weapon__ood__img_00013411,False,,,,,,case_bucket,ood_as_weapon,3,,ood_as_weapon,Out-of-distribution image classified as weapon with high confidence.,,efficientnet_b0,fold_2,ood,none,ood,ood,weapon,0.9979372024536132,,,img_00013411,img_00013411,img_00013411,datasets/splits/ood/ood_eval_set/ood/img_00013411.jpg,,,,,,
efficientnet_b0_chapter5_core_candidates_per_bucket_500_manual_per_bucket_3_target_predicted_label_chapter5_separate_assets_final,2026-05-23T08:10:49+00:00,efficientnet_b0__fold_2__ood_as_weapon__ood__img_00000071,False,,,,,,case_bucket,ood_as_weapon,3,,ood_as_weapon,Out-of-distribution image classified as weapon with high confidence.,,efficientnet_b0,fold_2,ood,none,ood,ood,weapon,0.997474491596222,,,img_00000071,img_00000071,img_00000071,datasets/splits/ood/ood_eval_set/ood/img_00000071.jpeg,,,,,,
efficientnet_b0_chapter5_core_candidates_per_bucket_500_manual_per_bucket_3_target_predicted_label_chapter5_separate_assets_final,2026-05-23T08:10:49+00:00,efficientnet_b0__fold_3__ood_as_weapon__ood__img_00013413,False,,,,,,case_bucket,ood_as_weapon,3,,ood_as_weapon,Out-of-distribution image classified as weapon with high confidence.,,efficientnet_b0,fold_3,ood,none,ood,ood,weapon,0.9974385499954224,,,img_00013413,img_00013413,img_00013413,datasets/splits/ood/ood_eval_set/ood/img_00013413.jpg,,,,,,
efficientnet_b0_chapter5_core_candidates_per_bucket_500_manual_per_bucket_3_target_predicted_label_chapter5_separate_assets_final,2026-05-23T08:10:49+00:00,efficientnet_b0__fold_2__ood_as_weapon__ood__img_00014090,False,,,,,,case_bucket,ood_as_weapon,3,,ood_as_weapon,Out-of-distribution image classified as weapon with high confidence.,,efficientnet_b0,fold_2,ood,none,ood,ood,weapon,0.9969780445098876,,,img_00014090,img_00014090,img_00014090,datasets/splits/ood/ood_eval_set/ood/img_00014090.jpg,,,,,,
efficientnet_b0_chapter5_core_candidates_per_bucket_500_manual_per_bucket_3_target_predicted_label_chapter5_separate_assets_final,2026-05-23T08:10:49+00:00,efficientnet_b0__fold_1__ood_as_weapon__ood__img_00012848,False,,,,,,case_bucket,ood_as_weapon,3,,ood_as_weapon,Out-of-distribution image classified as weapon with high confidence.,,efficientnet_b0,fold_1,ood,none,ood,ood,weapon,0.9968380928039552,,,img_00012848,img_00012848,img_00012848,datasets/splits/ood/ood_eval_set/ood/img_00012848.jpg,,,,,,
efficientnet_b0_chapter5_core_candidates_per_bucket_500_manual_per_bucket_3_target_predicted_label_chapter5_separate_assets_final,2026-05-23T08:10:49+00:00,efficientnet_b0__fold_3__ood_as_weapon__ood__img_00014550,False,,,,,,case_bucket,ood_as_weapon,3,,ood_as_weapon,Out-of-distribution image classified as weapon with high confidence.,,efficientnet_b0,fold_3,ood,none,ood,ood,weapon,0.9967072606086732,,,img_00014550,img_00014550,img_00014550,datasets/splits/ood/ood_eval_set/ood/img_00014550.jpeg,,,,,,
efficientnet_b0_chapter5_core_candidates_per_bucket_500_manual_per_bucket_3_target_predicted_label_chapter5_separate_assets_final,2026-05-23T08:10:49+00:00,efficientnet_b0__fold_4__ood_as_weapon__ood__img_00000366,False,,,,,,case_bucket,ood_as_weapon,3,,ood_as_weapon,Out-of-distribution image classified as weapon with high confidence.,,efficientnet_b0,fold_4,ood,none,ood,ood,weapon,0.9967072606086732,,,img_00000366,img_00000366,img_00000366,datasets/splits/ood/ood_eval_set/ood/img_00000366.jpeg,,,,,,
efficientnet_b0_chapter5_core_candidates_per_bucket_500_manual_per_bucket_3_target_predicted_label_chapter5_separate_assets_final,2026-05-23T08:10:49+00:00,efficientnet_b0__fold_1__ood_as_weapon__ood__img_00013726,False,,,,,,case_bucket,ood_as_weapon,3,,ood_as_weapon,Out-of-distribution image classified as weapon with high confidence.,,efficientnet_b0,fold_1,ood,none,ood,ood,weapon,0.996289849281311,,,img_00013726,img_00013726,img_00013726,datasets/splits/ood/ood_eval_set/ood/img_00013726.jpg,,,,,,
efficientnet_b0_chapter5_core_candidates_per_bucket_500_manual_per_bucket_3_target_predicted_label_chapter5_separate_assets_final,2026-05-23T08:10:49+00:00,efficientnet_b0__fold_2__ood_as_weapon__ood__img_00000199,False,,,,,,case_bucket,ood_as_weapon,3,,ood_as_weapon,Out-of-distribution image classified as weapon with high confidence.,,efficientnet_b0,fold_2,ood,none,ood,ood,weapon,0.995640516281128,,,img_00000199,img_00000199,img_00000199,datasets/splits/ood/ood_eval_set/ood/img_00000199.jpeg,,,,,,
efficientnet_b0_chapter5_core_candidates_per_bucket_500_manual_per_bucket_3_target_predicted_label_chapter5_separate_assets_final,2026-05-23T08:10:49+00:00,efficientnet_b0__fold_5__ood_as_weapon__ood__img_00013737,False,,,,,,case_bucket,ood_as_weapon,3,,ood_as_weapon,Out-of-distribution image classified as weapon with high confidence.,,efficientnet_b0,fold_5,ood,none,ood,ood,weapon,0.9956212639808656,,,img_00013737,img_00013737,img_00013737,datasets/splits/ood/ood_eval_set/ood/img_00013737.jpg,,,,,,
efficientnet_b0_chapter5_core_candidates_per_bucket_500_manual_per_bucket_3_target_predicted_label_chapter5_separate_assets_final,2026-05-23T08:10:49+00:00,efficientnet_b0__fold_4__ood_as_weapon__ood__img_00014921,False,,,,,,case_bucket,ood_as_weapon,3,,ood_as_weapon,Out-of-distribution image classified as weapon with high confidence.,,efficientnet_b0,fold_4,ood,none,ood,ood,weapon,0.9952355027198792,,,img_00014921,img_00014921,img_00014921,datasets/splits/ood/ood_eval_set/ood/img_00014921.jpeg,,,,,,
efficientnet_b0_chapter5_core_candidates_per_bucket_500_manual_per_bucket_3_target_predicted_label_chapter5_separate_assets_final,2026-05-23T08:10:49+00:00,efficientnet_b0__fold_1__ood_as_weapon__ood__img_00014059,False,,,,,,case_bucket,ood_as_weapon,3,,ood_as_weapon,Out-of-distribution image classified as weapon with high confidence.,,efficientnet_b0,fold_1,ood,none,ood,ood,weapon,0.995133340358734,,,img_00014059,img_00014059,img_00014059,datasets/splits/ood/ood_eval_set/ood/img_00014059.jpg,,,,,,
efficientnet_b0_chapter5_core_candidates_per_bucket_500_manual_per_bucket_3_target_predicted_label_chapter5_separate_assets_final,2026-05-23T08:10:49+00:00,efficientnet_b0__fold_4__ood_as_weapon__ood__img_00014822,False,,,,,,case_bucket,ood_as_weapon,3,,ood_as_weapon,Out-of-distribution image classified as weapon with high confidence.,,efficientnet_b0,fold_4,ood,none,ood,ood,weapon,0.995011568069458,,,img_00014822,img_00014822,img_00014822,datasets/splits/ood/ood_eval_set/ood/img_00014822.jpeg,,,,,,
efficientnet_b0_chapter5_core_candidates_per_bucket_500_manual_per_bucket_3_target_predicted_label_chapter5_separate_assets_final,2026-05-23T08:10:49+00:00,efficientnet_b0__fold_4__ood_as_weapon__ood__img_00000371,False,,,,,,case_bucket,ood_as_weapon,3,,ood_as_weapon,Out-of-distribution image classified as weapon with high confidence.,,efficientnet_b0,fold_4,ood,none,ood,ood,weapon,0.9947301149368286,,,img_00000371,img_00000371,img_00000371,datasets/splits/ood/ood_eval_set/ood/img_00000371.jpeg,,,,,,
efficientnet_b0_chapter5_core_candidates_per_bucket_500_manual_per_bucket_3_target_predicted_label_chapter5_separate_assets_final,2026-05-23T08:10:49+00:00,efficientnet_b0__fold_5__ood_as_weapon__ood__img_00013424,False,,,,,,case_bucket,ood_as_weapon,3,,ood_as_weapon,Out-of-distribution image classified as weapon with high confidence.,,efficientnet_b0,fold_5,ood,none,ood,ood,weapon,0.9942933917045592,,,img_00013424,img_00013424,img_00013424,datasets/splits/ood/ood_eval_set/ood/img_00013424.jpg,,,,,,
efficientnet_b0_chapter5_core_candidates_per_bucket_500_manual_per_bucket_3_target_predicted_label_chapter5_separate_assets_final,2026-05-23T08:10:49+00:00,efficientnet_b0__fold_5__ood_as_weapon__ood__img_00013812,False,,,,,,case_bucket,ood_as_weapon,3,,ood_as_weapon,Out-of-distribution image classified as weapon with high confidence.,,efficientnet_b0,fold_5,ood,none,ood,ood,weapon,0.9932548403739928,,,img_00013812,img_00013812,img_00013812,datasets/splits/ood/ood_eval_set/ood/img_00013812.jpg,,,,,,
efficientnet_b0_chapter5_core_candidates_per_bucket_500_manual_per_bucket_3_target_predicted_label_chapter5_separate_assets_final,2026-05-23T08:10:49+00:00,efficientnet_b0__fold_2__ood_as_weapon__ood__img_00013459,False,,,,,,case_bucket,ood_as_weapon,3,,ood_as_weapon,Out-of-distribution image classified as weapon with high confidence.,,efficientnet_b0,fold_2,ood,none,ood,ood,weapon,0.9924412965774536,,,img_00013459,img_00013459,img_00013459,datasets/splits/ood/ood_eval_set/ood/img_00013459.jpg,,,,,,
efficientnet_b0_chapter5_core_candidates_per_bucket_500_manual_per_bucket_3_target_predicted_label_chapter5_separate_assets_final,2026-05-23T08:10:49+00:00,efficientnet_b0__fold_2__ood_as_weapon__ood__img_00013445,False,,,,,,case_bucket,ood_as_weapon,3,,ood_as_weapon,Out-of-distribution image classified as weapon with high confidence.,,efficientnet_b0,fold_2,ood,none,ood,ood,weapon,0.9921118021011353,,,img_00013445,img_00013445,img_00013445,datasets/splits/ood/ood_eval_set/ood/img_00013445.jpg,,,,,,
efficientnet_b0_chapter5_core_candidates_per_bucket_500_manual_per_bucket_3_target_predicted_label_chapter5_separate_assets_final,2026-05-23T08:10:49+00:00,efficientnet_b0__fold_2__ood_as_weapon__ood__img_00013788,False,,,,,,case_bucket,ood_as_weapon,3,,ood_as_weapon,Out-of-distribution image classified as weapon with high confidence.,,efficientnet_b0,fold_2,ood,none,ood,ood,weapon,0.992007851600647,,,img_00013788,img_00013788,img_00013788,datasets/splits/ood/ood_eval_set/ood/img_00013788.jpg,,,,,,
efficientnet_b0_chapter5_core_candidates_per_bucket_500_manual_per_bucket_3_target_predicted_label_chapter5_separate_assets_final,2026-05-23T08:10:49+00:00,efficientnet_b0__fold_4__ood_as_weapon__ood__img_00013437,False,,,,,,case_bucket,ood_as_weapon,3,,ood_as_weapon,Out-of-distribution image classified as weapon with high confidence.,,efficientnet_b0,fold_4,ood,none,ood,ood,weapon,0.9914081692695618,,,img_00013437,img_00013437,img_00013437,datasets/splits/ood/ood_eval_set/ood/img_00013437.jpg,,,,,,
efficientnet_b0_chapter5_core_candidates_per_bucket_500_manual_per_bucket_3_target_predicted_label_chapter5_separate_assets_final,2026-05-23T08:10:49+00:00,efficientnet_b0__fold_4__ood_as_weapon__ood__img_00000368,False,,,,,,case_bucket,ood_as_weapon,3,,ood_as_weapon,Out-of-distribution image classified as weapon with high confidence.,,efficientnet_b0,fold_4,ood,none,ood,ood,weapon,0.9913314580917358,,,img_00000368,img_00000368,img_00000368,datasets/splits/ood/ood_eval_set/ood/img_00000368.jpeg,,,,,,
efficientnet_b0_chapter5_core_candidates_per_bucket_500_manual_per_bucket_3_target_predicted_label_chapter5_separate_assets_final,2026-05-23T08:10:49+00:00,efficientnet_b0__fold_4__ood_as_weapon__ood__img_00012694,False,,,,,,case_bucket,ood_as_weapon,3,,ood_as_weapon,Out-of-distribution image classified as weapon with high confidence.,,efficientnet_b0,fold_4,ood,none,ood,ood,weapon,0.9909213185310364,,,img_00012694,img_00012694,img_00012694,datasets/splits/ood/ood_eval_set/ood/img_00012694.jpg,,,,,,
efficientnet_b0_chapter5_core_candidates_per_bucket_500_manual_per_bucket_3_target_predicted_label_chapter5_separate_assets_final,2026-05-23T08:10:49+00:00,efficientnet_b0__fold_2__ood_as_weapon__ood__img_00014642,False,,,,,,case_bucket,ood_as_weapon,3,,ood_as_weapon,Out-of-distribution image classified as weapon with high confidence.,,efficientnet_b0,fold_2,ood,none,ood,ood,weapon,0.9905695915222168,,,img_00014642,img_00014642,img_00014642,datasets/splits/ood/ood_eval_set/ood/img_00014642.png,,,,,,
efficientnet_b0_chapter5_core_candidates_per_bucket_500_manual_per_bucket_3_target_predicted_label_chapter5_separate_assets_final,2026-05-23T08:10:49+00:00,efficientnet_b0__fold_5__ood_as_weapon__ood__img_00014902,False,,,,,,case_bucket,ood_as_weapon,3,,ood_as_weapon,Out-of-distribution image classified as weapon with high confidence.,,efficientnet_b0,fold_5,ood,none,ood,ood,weapon,0.99004465341568,,,img_00014902,img_00014902,img_00014902,datasets/splits/ood/ood_eval_set/ood/img_00014902.jpeg,,,,,,
efficientnet_b0_chapter5_core_candidates_per_bucket_500_manual_per_bucket_3_target_predicted_label_chapter5_separate_assets_final,2026-05-23T08:10:49+00:00,efficientnet_b0__fold_1__ood_as_weapon__ood__img_00000365,False,,,,,,case_bucket,ood_as_weapon,3,,ood_as_weapon,Out-of-distribution image classified as weapon with high confidence.,,efficientnet_b0,fold_1,ood,none,ood,ood,weapon,0.9893794655799866,,,img_00000365,img_00000365,img_00000365,datasets/splits/ood/ood_eval_set/ood/img_00000365.jpeg,,,,,,
efficientnet_b0_chapter5_core_candidates_per_bucket_500_manual_per_bucket_3_target_predicted_label_chapter5_separate_assets_final,2026-05-23T08:10:49+00:00,efficientnet_b0__fold_5__ood_as_weapon__ood__img_00013745,False,,,,,,case_bucket,ood_as_weapon,3,,ood_as_weapon,Out-of-distribution image classified as weapon with high confidence.,,efficientnet_b0,fold_5,ood,none,ood,ood,weapon,0.9893059134483336,,,img_00013745,img_00013745,img_00013745,datasets/splits/ood/ood_eval_set/ood/img_00013745.jpg,,,,,,
efficientnet_b0_chapter5_core_candidates_per_bucket_500_manual_per_bucket_3_target_predicted_label_chapter5_separate_assets_final,2026-05-23T08:10:49+00:00,efficientnet_b0__fold_2__ood_as_weapon__ood__img_00013416,False,,,,,,case_bucket,ood_as_weapon,3,,ood_as_weapon,Out-of-distribution image classified as weapon with high confidence.,,efficientnet_b0,fold_2,ood,none,ood,ood,weapon,0.9891620874404908,,,img_00013416,img_00013416,img_00013416,datasets/splits/ood/ood_eval_set/ood/img_00013416.jpg,,,,,,
efficientnet_b0_chapter5_core_candidates_per_bucket_500_manual_per_bucket_3_target_predicted_label_chapter5_separate_assets_final,2026-05-23T08:10:49+00:00,efficientnet_b0__fold_2__ood_as_weapon__ood__img_00013864,False,,,,,,case_bucket,ood_as_weapon,3,,ood_as_weapon,Out-of-distribution image classified as weapon with high confidence.,,efficientnet_b0,fold_2,ood,none,ood,ood,weapon,0.9889411330223083,,,img_00013864,img_00013864,img_00013864,datasets/splits/ood/ood_eval_set/ood/img_00013864.jpg,,,,,,
efficientnet_b0_chapter5_core_candidates_per_bucket_500_manual_per_bucket_3_target_predicted_label_chapter5_separate_assets_final,2026-05-23T08:10:49+00:00,efficientnet_b0__fold_4__ood_as_weapon__ood__img_00000312,False,,,,,,case_bucket,ood_as_weapon,3,,ood_as_weapon,Out-of-distribution image classified as weapon with high confidence.,,efficientnet_b0,fold_4,ood,none,ood,ood,weapon,0.9876677393913268,,,img_00000312,img_00000312,img_00000312,datasets/splits/ood/ood_eval_set/ood/img_00000312.jpeg,,,,,,
efficientnet_b0_chapter5_core_candidates_per_bucket_500_manual_per_bucket_3_target_predicted_label_chapter5_separate_assets_final,2026-05-23T08:10:49+00:00,efficientnet_b0__fold_2__ood_as_weapon__ood__img_00013499,False,,,,,,case_bucket,ood_as_weapon,3,,ood_as_weapon,Out-of-distribution image classified as weapon with high confidence.,,efficientnet_b0,fold_2,ood,none,ood,ood,weapon,0.9859827160835266,,,img_00013499,img_00013499,img_00013499,datasets/splits/ood/ood_eval_set/ood/img_00013499.jpg,,,,,,
efficientnet_b0_chapter5_core_candidates_per_bucket_500_manual_per_bucket_3_target_predicted_label_chapter5_separate_assets_final,2026-05-23T08:10:49+00:00,efficientnet_b0__fold_5__ood_as_weapon__ood__img_00013422,False,,,,,,case_bucket,ood_as_weapon,3,,ood_as_weapon,Out-of-distribution image classified as weapon with high confidence.,,efficientnet_b0,fold_5,ood,none,ood,ood,weapon,0.9850482940673828,,,img_00013422,img_00013422,img_00013422,datasets/splits/ood/ood_eval_set/ood/img_00013422.jpg,,,,,,
efficientnet_b0_chapter5_core_candidates_per_bucket_500_manual_per_bucket_3_target_predicted_label_chapter5_separate_assets_final,2026-05-23T08:10:49+00:00,efficientnet_b0__fold_1__ood_as_weapon__ood__img_00013721,False,,,,,,case_bucket,ood_as_weapon,3,,ood_as_weapon,Out-of-distribution image classified as weapon with high confidence.,,efficientnet_b0,fold_1,ood,none,ood,ood,weapon,0.984593629837036,,,img_00013721,img_00013721,img_00013721,datasets/splits/ood/ood_eval_set/ood/img_00013721.jpg,,,,,,
efficientnet_b0_chapter5_core_candidates_per_bucket_500_manual_per_bucket_3_target_predicted_label_chapter5_separate_assets_final,2026-05-23T08:10:49+00:00,efficientnet_b0__fold_2__ood_as_weapon__ood__img_00013774,False,,,,,,case_bucket,ood_as_weapon,3,,ood_as_weapon,Out-of-distribution image classified as weapon with high confidence.,,efficientnet_b0,fold_2,ood,none,ood,ood,weapon,0.9842489361763,,,img_00013774,img_00013774,img_00013774,datasets/splits/ood/ood_eval_set/ood/img_00013774.jpg,,,,,,
efficientnet_b0_chapter5_core_candidates_per_bucket_500_manual_per_bucket_3_target_predicted_label_chapter5_separate_assets_final,2026-05-23T08:10:49+00:00,efficientnet_b0__fold_2__ood_as_weapon__ood__img_00000183,False,,,,,,case_bucket,ood_as_weapon,3,,ood_as_weapon,Out-of-distribution image classified as weapon with high confidence.,,efficientnet_b0,fold_2,ood,none,ood,ood,weapon,0.9842097759246826,,,img_00000183,img_00000183,img_00000183,datasets/splits/ood/ood_eval_set/ood/img_00000183.jpeg,,,,,,
efficientnet_b0_chapter5_core_candidates_per_bucket_500_manual_per_bucket_3_target_predicted_label_chapter5_separate_assets_final,2026-05-23T08:10:49+00:00,efficientnet_b0__fold_4__ood_as_weapon__ood__img_00013857,False,,,,,,case_bucket,ood_as_weapon,3,,ood_as_weapon,Out-of-distribution image classified as weapon with high confidence.,,efficientnet_b0,fold_4,ood,none,ood,ood,weapon,0.984121561050415,,,img_00013857,img_00013857,img_00013857,datasets/splits/ood/ood_eval_set/ood/img_00013857.jpg,,,,,,
efficientnet_b0_chapter5_core_candidates_per_bucket_500_manual_per_bucket_3_target_predicted_label_chapter5_separate_assets_final,2026-05-23T08:10:49+00:00,efficientnet_b0__fold_1__ood_as_weapon__ood__img_00013452,False,,,,,,case_bucket,ood_as_weapon,3,,ood_as_weapon,Out-of-distribution image classified as weapon with high confidence.,,efficientnet_b0,fold_1,ood,none,ood,ood,weapon,0.9830778241157532,,,img_00013452,img_00013452,img_00013452,datasets/splits/ood/ood_eval_set/ood/img_00013452.jpg,,,,,,
efficientnet_b0_chapter5_core_candidates_per_bucket_500_manual_per_bucket_3_target_predicted_label_chapter5_separate_assets_final,2026-05-23T08:10:49+00:00,efficientnet_b0__fold_4__ood_as_weapon__ood__img_00013419,False,,,,,,case_bucket,ood_as_weapon,3,,ood_as_weapon,Out-of-distribution image classified as weapon with high confidence.,,efficientnet_b0,fold_4,ood,none,ood,ood,weapon,0.982826054096222,,,img_00013419,img_00013419,img_00013419,datasets/splits/ood/ood_eval_set/ood/img_00013419.jpg,,,,,,
efficientnet_b0_chapter5_core_candidates_per_bucket_500_manual_per_bucket_3_target_predicted_label_chapter5_separate_assets_final,2026-05-23T08:10:49+00:00,efficientnet_b0__fold_5__ood_as_weapon__ood__img_00013811,False,,,,,,case_bucket,ood_as_weapon,3,,ood_as_weapon,Out-of-distribution image classified as weapon with high confidence.,,efficientnet_b0,fold_5,ood,none,ood,ood,weapon,0.9823859930038452,,,img_00013811,img_00013811,img_00013811,datasets/splits/ood/ood_eval_set/ood/img_00013811.jpg,,,,,,
efficientnet_b0_chapter5_core_candidates_per_bucket_500_manual_per_bucket_3_target_predicted_label_chapter5_separate_assets_final,2026-05-23T08:10:49+00:00,efficientnet_b0__fold_5__ood_as_weapon__ood__img_00013799,False,,,,,,case_bucket,ood_as_weapon,3,,ood_as_weapon,Out-of-distribution image classified as weapon with high confidence.,,efficientnet_b0,fold_5,ood,none,ood,ood,weapon,0.9803418517112732,,,img_00013799,img_00013799,img_00013799,datasets/splits/ood/ood_eval_set/ood/img_00013799.jpg,,,,,,
efficientnet_b0_chapter5_core_candidates_per_bucket_500_manual_per_bucket_3_target_predicted_label_chapter5_separate_assets_final,2026-05-23T08:10:49+00:00,efficientnet_b0__fold_3__ood_as_weapon__ood__img_00000052,False,,,,,,case_bucket,ood_as_weapon,3,,ood_as_weapon,Out-of-distribution image classified as weapon with high confidence.,,efficientnet_b0,fold_3,ood,none,ood,ood,weapon,0.97939532995224,,,img_00000052,img_00000052,img_00000052,datasets/splits/ood/ood_eval_set/ood/img_00000052.jpeg,,,,,,
efficientnet_b0_chapter5_core_candidates_per_bucket_500_manual_per_bucket_3_target_predicted_label_chapter5_separate_assets_final,2026-05-23T08:10:49+00:00,efficientnet_b0__fold_2__ood_as_weapon__ood__img_00000184,False,,,,,,case_bucket,ood_as_weapon,3,,ood_as_weapon,Out-of-distribution image classified as weapon with high confidence.,,efficientnet_b0,fold_2,ood,none,ood,ood,weapon,0.9792025685310364,,,img_00000184,img_00000184,img_00000184,datasets/splits/ood/ood_eval_set/ood/img_00000184.jpeg,,,,,,
efficientnet_b0_chapter5_core_candidates_per_bucket_500_manual_per_bucket_3_target_predicted_label_chapter5_separate_assets_final,2026-05-23T08:10:49+00:00,efficientnet_b0__fold_5__ood_as_weapon__ood__img_00000204,False,,,,,,case_bucket,ood_as_weapon,3,,ood_as_weapon,Out-of-distribution image classified as weapon with high confidence.,,efficientnet_b0,fold_5,ood,none,ood,ood,weapon,0.9789295792579652,,,img_00000204,img_00000204,img_00000204,datasets/splits/ood/ood_eval_set/ood/img_00000204.jpeg,,,,,,
efficientnet_b0_chapter5_core_candidates_per_bucket_500_manual_per_bucket_3_target_predicted_label_chapter5_separate_assets_final,2026-05-23T08:10:49+00:00,efficientnet_b0__fold_1__ood_as_weapon__ood__img_00013757,False,,,,,,case_bucket,ood_as_weapon,3,,ood_as_weapon,Out-of-distribution image classified as weapon with high confidence.,,efficientnet_b0,fold_1,ood,none,ood,ood,weapon,0.97877299785614,,,img_00013757,img_00013757,img_00013757,datasets/splits/ood/ood_eval_set/ood/img_00013757.jpg,,,,,,
efficientnet_b0_chapter5_core_candidates_per_bucket_500_manual_per_bucket_3_target_predicted_label_chapter5_separate_assets_final,2026-05-23T08:10:49+00:00,efficientnet_b0__fold_1__ood_as_weapon__ood__img_00014204,False,,,,,,case_bucket,ood_as_weapon,3,,ood_as_weapon,Out-of-distribution image classified as weapon with high confidence.,,efficientnet_b0,fold_1,ood,none,ood,ood,weapon,0.9781463146209716,,,img_00014204,img_00014204,img_00014204,datasets/splits/ood/ood_eval_set/ood/img_00014204.jpg,,,,,,
efficientnet_b0_chapter5_core_candidates_per_bucket_500_manual_per_bucket_3_target_predicted_label_chapter5_separate_assets_final,2026-05-23T08:10:49+00:00,efficientnet_b0__fold_1__ood_as_weapon__ood__img_00013460,False,,,,,,case_bucket,ood_as_weapon,3,,ood_as_weapon,Out-of-distribution image classified as weapon with high confidence.,,efficientnet_b0,fold_1,ood,none,ood,ood,weapon,0.9770056009292604,,,img_00013460,img_00013460,img_00013460,datasets/splits/ood/ood_eval_set/ood/img_00013460.jpg,,,,,,
efficientnet_b0_chapter5_core_candidates_per_bucket_500_manual_per_bucket_3_target_predicted_label_chapter5_separate_assets_final,2026-05-23T08:10:49+00:00,efficientnet_b0__fold_1__ood_as_weapon__ood__img_00013775,False,,,,,,case_bucket,ood_as_weapon,3,,ood_as_weapon,Out-of-distribution image classified as weapon with high confidence.,,efficientnet_b0,fold_1,ood,none,ood,ood,weapon,0.9763612747192384,,,img_00013775,img_00013775,img_00013775,datasets/splits/ood/ood_eval_set/ood/img_00013775.jpg,,,,,,
efficientnet_b0_chapter5_core_candidates_per_bucket_500_manual_per_bucket_3_target_predicted_label_chapter5_separate_assets_final,2026-05-23T08:10:49+00:00,efficientnet_b0__fold_1__ood_as_weapon__ood__img_00014486,False,,,,,,case_bucket,ood_as_weapon,3,,ood_as_weapon,Out-of-distribution image classified as weapon with high confidence.,,efficientnet_b0,fold_1,ood,none,ood,ood,weapon,0.9763227701187134,,,img_00014486,img_00014486,img_00014486,datasets/splits/ood/ood_eval_set/ood/img_00014486.jpeg,,,,,,
efficientnet_b0_chapter5_core_candidates_per_bucket_500_manual_per_bucket_3_target_predicted_label_chapter5_separate_assets_final,2026-05-23T08:10:49+00:00,efficientnet_b0__fold_5__ood_as_weapon__ood__img_00013819,False,,,,,,case_bucket,ood_as_weapon,3,,ood_as_weapon,Out-of-distribution image classified as weapon with high confidence.,,efficientnet_b0,fold_5,ood,none,ood,ood,weapon,0.9759464263916016,,,img_00013819,img_00013819,img_00013819,datasets/splits/ood/ood_eval_set/ood/img_00013819.jpg,,,,,,
efficientnet_b0_chapter5_core_candidates_per_bucket_500_manual_per_bucket_3_target_predicted_label_chapter5_separate_assets_final,2026-05-23T08:10:49+00:00,efficientnet_b0__fold_5__ood_as_weapon__ood__img_00000200,False,,,,,,case_bucket,ood_as_weapon,3,,ood_as_weapon,Out-of-distribution image classified as weapon with high confidence.,,efficientnet_b0,fold_5,ood,none,ood,ood,weapon,0.975756824016571,,,img_00000200,img_00000200,img_00000200,datasets/splits/ood/ood_eval_set/ood/img_00000200.jpeg,,,,,,
efficientnet_b0_chapter5_core_candidates_per_bucket_500_manual_per_bucket_3_target_predicted_label_chapter5_separate_assets_final,2026-05-23T08:10:49+00:00,efficientnet_b0__fold_5__ood_as_weapon__ood__img_00013107,False,,,,,,case_bucket,ood_as_weapon,3,,ood_as_weapon,Out-of-distribution image classified as weapon with high confidence.,,efficientnet_b0,fold_5,ood,none,ood,ood,weapon,0.9739263653755188,,,img_00013107,img_00013107,img_00013107,datasets/splits/ood/ood_eval_set/ood/img_00013107.jpg,,,,,,
efficientnet_b0_chapter5_core_candidates_per_bucket_500_manual_per_bucket_3_target_predicted_label_chapter5_separate_assets_final,2026-05-23T08:10:49+00:00,efficientnet_b0__fold_4__ood_as_weapon__ood__img_00000047,False,,,,,,case_bucket,ood_as_weapon,3,,ood_as_weapon,Out-of-distribution image classified as weapon with high confidence.,,efficientnet_b0,fold_4,ood,none,ood,ood,weapon,0.9733052849769592,,,img_00000047,img_00000047,img_00000047,datasets/splits/ood/ood_eval_set/ood/img_00000047.png,,,,,,
efficientnet_b0_chapter5_core_candidates_per_bucket_500_manual_per_bucket_3_target_predicted_label_chapter5_separate_assets_final,2026-05-23T08:10:49+00:00,efficientnet_b0__fold_3__ood_as_weapon__ood__img_00000164,False,,,,,,case_bucket,ood_as_weapon,3,,ood_as_weapon,Out-of-distribution image classified as weapon with high confidence.,,efficientnet_b0,fold_3,ood,none,ood,ood,weapon,0.9714755415916444,,,img_00000164,img_00000164,img_00000164,datasets/splits/ood/ood_eval_set/ood/img_00000164.jpeg,,,,,,
efficientnet_b0_chapter5_core_candidates_per_bucket_500_manual_per_bucket_3_target_predicted_label_chapter5_separate_assets_final,2026-05-23T08:10:49+00:00,efficientnet_b0__fold_5__ood_as_weapon__ood__img_00014759,False,,,,,,case_bucket,ood_as_weapon,3,,ood_as_weapon,Out-of-distribution image classified as weapon with high confidence.,,efficientnet_b0,fold_5,ood,none,ood,ood,weapon,0.971342384815216,,,img_00014759,img_00014759,img_00014759,datasets/splits/ood/ood_eval_set/ood/img_00014759.jpeg,,,,,,
efficientnet_b0_chapter5_core_candidates_per_bucket_500_manual_per_bucket_3_target_predicted_label_chapter5_separate_assets_final,2026-05-23T08:10:49+00:00,efficientnet_b0__fold_2__ood_as_weapon__ood__img_00013831,False,,,,,,case_bucket,ood_as_weapon,3,,ood_as_weapon,Out-of-distribution image classified as weapon with high confidence.,,efficientnet_b0,fold_2,ood,none,ood,ood,weapon,0.9708871841430664,,,img_00013831,img_00013831,img_00013831,datasets/splits/ood/ood_eval_set/ood/img_00013831.jpg,,,,,,
efficientnet_b0_chapter5_core_candidates_per_bucket_500_manual_per_bucket_3_target_predicted_label_chapter5_separate_assets_final,2026-05-23T08:10:49+00:00,efficientnet_b0__fold_5__ood_as_weapon__ood__img_00012916,False,,,,,,case_bucket,ood_as_weapon,3,,ood_as_weapon,Out-of-distribution image classified as weapon with high confidence.,,efficientnet_b0,fold_5,ood,none,ood,ood,weapon,0.969963014125824,,,img_00012916,img_00012916,img_00012916,datasets/splits/ood/ood_eval_set/ood/img_00012916.jpg,,,,,,
efficientnet_b0_chapter5_core_candidates_per_bucket_500_manual_per_bucket_3_target_predicted_label_chapter5_separate_assets_final,2026-05-23T08:10:49+00:00,efficientnet_b0__fold_5__ood_as_weapon__ood__img_00000187,False,,,,,,case_bucket,ood_as_weapon,3,,ood_as_weapon,Out-of-distribution image classified as weapon with high confidence.,,efficientnet_b0,fold_5,ood,none,ood,ood,weapon,0.9668132066726683,,,img_00000187,img_00000187,img_00000187,datasets/splits/ood/ood_eval_set/ood/img_00000187.jpeg,,,,,,
efficientnet_b0_chapter5_core_candidates_per_bucket_500_manual_per_bucket_3_target_predicted_label_chapter5_separate_assets_final,2026-05-23T08:10:49+00:00,efficientnet_b0__fold_5__ood_as_weapon__ood__img_00013484,False,,,,,,case_bucket,ood_as_weapon,3,,ood_as_weapon,Out-of-distribution image classified as weapon with high confidence.,,efficientnet_b0,fold_5,ood,none,ood,ood,weapon,0.965465486049652,,,img_00013484,img_00013484,img_00013484,datasets/splits/ood/ood_eval_set/ood/img_00013484.jpg,,,,,,
efficientnet_b0_chapter5_core_candidates_per_bucket_500_manual_per_bucket_3_target_predicted_label_chapter5_separate_assets_final,2026-05-23T08:10:49+00:00,efficientnet_b0__fold_2__ood_as_weapon__ood__img_00013709,False,,,,,,case_bucket,ood_as_weapon,3,,ood_as_weapon,Out-of-distribution image classified as weapon with high confidence.,,efficientnet_b0,fold_2,ood,none,ood,ood,weapon,0.9622791409492492,,,img_00013709,img_00013709,img_00013709,datasets/splits/ood/ood_eval_set/ood/img_00013709.jpg,,,,,,
efficientnet_b0_chapter5_core_candidates_per_bucket_500_manual_per_bucket_3_target_predicted_label_chapter5_separate_assets_final,2026-05-23T08:10:49+00:00,efficientnet_b0__fold_1__ood_as_weapon__ood__img_00013489,False,,,,,,case_bucket,ood_as_weapon,3,,ood_as_weapon,Out-of-distribution image classified as weapon with high confidence.,,efficientnet_b0,fold_1,ood,none,ood,ood,weapon,0.9618270993232728,,,img_00013489,img_00013489,img_00013489,datasets/splits/ood/ood_eval_set/ood/img_00013489.jpg,,,,,,
efficientnet_b0_chapter5_core_candidates_per_bucket_500_manual_per_bucket_3_target_predicted_label_chapter5_separate_assets_final,2026-05-23T08:10:49+00:00,efficientnet_b0__fold_1__ood_as_weapon__ood__img_00013889,False,,,,,,case_bucket,ood_as_weapon,3,,ood_as_weapon,Out-of-distribution image classified as weapon with high confidence.,,efficientnet_b0,fold_1,ood,none,ood,ood,weapon,0.9616634845733644,,,img_00013889,img_00013889,img_00013889,datasets/splits/ood/ood_eval_set/ood/img_00013889.jpg,,,,,,
efficientnet_b0_chapter5_core_candidates_per_bucket_500_manual_per_bucket_3_target_predicted_label_chapter5_separate_assets_final,2026-05-23T08:10:49+00:00,efficientnet_b0__fold_1__ood_as_weapon__ood__img_00013884,False,,,,,,case_bucket,ood_as_weapon,3,,ood_as_weapon,Out-of-distribution image classified as weapon with high confidence.,,efficientnet_b0,fold_1,ood,none,ood,ood,weapon,0.9613474011421204,,,img_00013884,img_00013884,img_00013884,datasets/splits/ood/ood_eval_set/ood/img_00013884.jpg,,,,,,
efficientnet_b0_chapter5_core_candidates_per_bucket_500_manual_per_bucket_3_target_predicted_label_chapter5_separate_assets_final,2026-05-23T08:10:49+00:00,efficientnet_b0__fold_4__ood_as_weapon__ood__img_00000175,False,,,,,,case_bucket,ood_as_weapon,3,,ood_as_weapon,Out-of-distribution image classified as weapon with high confidence.,,efficientnet_b0,fold_4,ood,none,ood,ood,weapon,0.9608992338180542,,,img_00000175,img_00000175,img_00000175,datasets/splits/ood/ood_eval_set/ood/img_00000175.jpeg,,,,,,
efficientnet_b0_chapter5_core_candidates_per_bucket_500_manual_per_bucket_3_target_predicted_label_chapter5_separate_assets_final,2026-05-23T08:10:49+00:00,efficientnet_b0__fold_4__ood_as_weapon__ood__img_00013968,False,,,,,,case_bucket,ood_as_weapon,3,,ood_as_weapon,Out-of-distribution image classified as weapon with high confidence.,,efficientnet_b0,fold_4,ood,none,ood,ood,weapon,0.960315763950348,,,img_00013968,img_00013968,img_00013968,datasets/splits/ood/ood_eval_set/ood/img_00013968.jpg,,,,,,
efficientnet_b0_chapter5_core_candidates_per_bucket_500_manual_per_bucket_3_target_predicted_label_chapter5_separate_assets_final,2026-05-23T08:10:49+00:00,efficientnet_b0__fold_2__ood_as_weapon__ood__img_00013955,False,,,,,,case_bucket,ood_as_weapon,3,,ood_as_weapon,Out-of-distribution image classified as weapon with high confidence.,,efficientnet_b0,fold_2,ood,none,ood,ood,weapon,0.9585652947425842,,,img_00013955,img_00013955,img_00013955,datasets/splits/ood/ood_eval_set/ood/img_00013955.jpg,,,,,,
efficientnet_b0_chapter5_core_candidates_per_bucket_500_manual_per_bucket_3_target_predicted_label_chapter5_separate_assets_final,2026-05-23T08:10:49+00:00,efficientnet_b0__fold_1__ood_as_weapon__ood__img_00014805,False,,,,,,case_bucket,ood_as_weapon,3,,ood_as_weapon,Out-of-distribution image classified as weapon with high confidence.,,efficientnet_b0,fold_1,ood,none,ood,ood,weapon,0.9584672451019288,,,img_00014805,img_00014805,img_00014805,datasets/splits/ood/ood_eval_set/ood/img_00014805.jpeg,,,,,,
efficientnet_b0_chapter5_core_candidates_per_bucket_500_manual_per_bucket_3_target_predicted_label_chapter5_separate_assets_final,2026-05-23T08:10:49+00:00,efficientnet_b0__fold_4__ood_as_weapon__ood__img_00000339,False,,,,,,case_bucket,ood_as_weapon,3,,ood_as_weapon,Out-of-distribution image classified as weapon with high confidence.,,efficientnet_b0,fold_4,ood,none,ood,ood,weapon,0.9574711918830872,,,img_00000339,img_00000339,img_00000339,datasets/splits/ood/ood_eval_set/ood/img_00000339.jpeg,,,,,,
efficientnet_b0_chapter5_core_candidates_per_bucket_500_manual_per_bucket_3_target_predicted_label_chapter5_separate_assets_final,2026-05-23T08:10:49+00:00,efficientnet_b0__fold_1__ood_as_weapon__ood__img_00000362,False,,,,,,case_bucket,ood_as_weapon,3,,ood_as_weapon,Out-of-distribution image classified as weapon with high confidence.,,efficientnet_b0,fold_1,ood,none,ood,ood,weapon,0.9571977257728576,,,img_00000362,img_00000362,img_00000362,datasets/splits/ood/ood_eval_set/ood/img_00000362.jpeg,,,,,,
efficientnet_b0_chapter5_core_candidates_per_bucket_500_manual_per_bucket_3_target_predicted_label_chapter5_separate_assets_final,2026-05-23T08:10:49+00:00,efficientnet_b0__fold_4__ood_as_weapon__ood__img_00000357,False,,,,,,case_bucket,ood_as_weapon,3,,ood_as_weapon,Out-of-distribution image classified as weapon with high confidence.,,efficientnet_b0,fold_4,ood,none,ood,ood,weapon,0.9570936560630798,,,img_00000357,img_00000357,img_00000357,datasets/splits/ood/ood_eval_set/ood/img_00000357.jpeg,,,,,,
efficientnet_b0_chapter5_core_candidates_per_bucket_500_manual_per_bucket_3_target_predicted_label_chapter5_separate_assets_final,2026-05-23T08:10:49+00:00,efficientnet_b0__fold_2__ood_as_weapon__ood__img_00013809,False,,,,,,case_bucket,ood_as_weapon,3,,ood_as_weapon,Out-of-distribution image classified as weapon with high confidence.,,efficientnet_b0,fold_2,ood,none,ood,ood,weapon,0.9557191729545592,,,img_00013809,img_00013809,img_00013809,datasets/splits/ood/ood_eval_set/ood/img_00013809.jpg,,,,,,
efficientnet_b0_chapter5_core_candidates_per_bucket_500_manual_per_bucket_3_target_predicted_label_chapter5_separate_assets_final,2026-05-23T08:10:49+00:00,efficientnet_b0__fold_1__ood_as_weapon__ood__img_00013410,False,,,,,,case_bucket,ood_as_weapon,3,,ood_as_weapon,Out-of-distribution image classified as weapon with high confidence.,,efficientnet_b0,fold_1,ood,none,ood,ood,weapon,0.9490088224411012,,,img_00013410,img_00013410,img_00013410,datasets/splits/ood/ood_eval_set/ood/img_00013410.jpg,,,,,,
efficientnet_b0_chapter5_core_candidates_per_bucket_500_manual_per_bucket_3_target_predicted_label_chapter5_separate_assets_final,2026-05-23T08:10:49+00:00,efficientnet_b0__fold_4__ood_as_weapon__ood__img_00013962,False,,,,,,case_bucket,ood_as_weapon,3,,ood_as_weapon,Out-of-distribution image classified as weapon with high confidence.,,efficientnet_b0,fold_4,ood,none,ood,ood,weapon,0.9486807584762572,,,img_00013962,img_00013962,img_00013962,datasets/splits/ood/ood_eval_set/ood/img_00013962.jpg,,,,,,
efficientnet_b0_chapter5_core_candidates_per_bucket_500_manual_per_bucket_3_target_predicted_label_chapter5_separate_assets_final,2026-05-23T08:10:49+00:00,efficientnet_b0__fold_2__ood_as_weapon__ood__img_00000197,False,,,,,,case_bucket,ood_as_weapon,3,,ood_as_weapon,Out-of-distribution image classified as weapon with high confidence.,,efficientnet_b0,fold_2,ood,none,ood,ood,weapon,0.9484060406684875,,,img_00000197,img_00000197,img_00000197,datasets/splits/ood/ood_eval_set/ood/img_00000197.jpeg,,,,,,
efficientnet_b0_chapter5_core_candidates_per_bucket_500_manual_per_bucket_3_target_predicted_label_chapter5_separate_assets_final,2026-05-23T08:10:49+00:00,efficientnet_b0__fold_1__ood_as_weapon__ood__img_00000355,False,,,,,,case_bucket,ood_as_weapon,3,,ood_as_weapon,Out-of-distribution image classified as weapon with high confidence.,,efficientnet_b0,fold_1,ood,none,ood,ood,weapon,0.9463589191436768,,,img_00000355,img_00000355,img_00000355,datasets/splits/ood/ood_eval_set/ood/img_00000355.jpeg,,,,,,
efficientnet_b0_chapter5_core_candidates_per_bucket_500_manual_per_bucket_3_target_predicted_label_chapter5_separate_assets_final,2026-05-23T08:10:49+00:00,efficientnet_b0__fold_1__ood_as_weapon__ood__img_00013820,False,,,,,,case_bucket,ood_as_weapon,3,,ood_as_weapon,Out-of-distribution image classified as weapon with high confidence.,,efficientnet_b0,fold_1,ood,none,ood,ood,weapon,0.943993330001831,,,img_00013820,img_00013820,img_00013820,datasets/splits/ood/ood_eval_set/ood/img_00013820.jpg,,,,,,
efficientnet_b0_chapter5_core_candidates_per_bucket_500_manual_per_bucket_3_target_predicted_label_chapter5_separate_assets_final,2026-05-23T08:10:49+00:00,efficientnet_b0__fold_4__ood_as_weapon__ood__img_00013465,False,,,,,,case_bucket,ood_as_weapon,3,,ood_as_weapon,Out-of-distribution image classified as weapon with high confidence.,,efficientnet_b0,fold_4,ood,none,ood,ood,weapon,0.9430075883865356,,,img_00013465,img_00013465,img_00013465,datasets/splits/ood/ood_eval_set/ood/img_00013465.jpg,,,,,,
efficientnet_b0_chapter5_core_candidates_per_bucket_500_manual_per_bucket_3_target_predicted_label_chapter5_separate_assets_final,2026-05-23T08:10:49+00:00,efficientnet_b0__fold_2__ood_as_weapon__ood__img_00015279,False,,,,,,case_bucket,ood_as_weapon,3,,ood_as_weapon,Out-of-distribution image classified as weapon with high confidence.,,efficientnet_b0,fold_2,ood,none,ood,ood,weapon,0.9393216371536256,,,img_00015279,img_00015279,img_00015279,datasets/splits/ood/ood_eval_set/ood/img_00015279.jpeg,,,,,,
efficientnet_b0_chapter5_core_candidates_per_bucket_500_manual_per_bucket_3_target_predicted_label_chapter5_separate_assets_final,2026-05-23T08:10:49+00:00,efficientnet_b0__fold_5__ood_as_weapon__ood__img_00013886,False,,,,,,case_bucket,ood_as_weapon,3,,ood_as_weapon,Out-of-distribution image classified as weapon with high confidence.,,efficientnet_b0,fold_5,ood,none,ood,ood,weapon,0.9350605607032776,,,img_00013886,img_00013886,img_00013886,datasets/splits/ood/ood_eval_set/ood/img_00013886.jpg,,,,,,
efficientnet_b0_chapter5_core_candidates_per_bucket_500_manual_per_bucket_3_target_predicted_label_chapter5_separate_assets_final,2026-05-23T08:10:49+00:00,efficientnet_b0__fold_4__ood_as_weapon__ood__img_00014526,False,,,,,,case_bucket,ood_as_weapon,3,,ood_as_weapon,Out-of-distribution image classified as weapon with high confidence.,,efficientnet_b0,fold_4,ood,none,ood,ood,weapon,0.9344046115875244,,,img_00014526,img_00014526,img_00014526,datasets/splits/ood/ood_eval_set/ood/img_00014526.jpeg,,,,,,
efficientnet_b0_chapter5_core_candidates_per_bucket_500_manual_per_bucket_3_target_predicted_label_chapter5_separate_assets_final,2026-05-23T08:10:49+00:00,efficientnet_b0__fold_4__ood_as_weapon__ood__img_00013752,False,,,,,,case_bucket,ood_as_weapon,3,,ood_as_weapon,Out-of-distribution image classified as weapon with high confidence.,,efficientnet_b0,fold_4,ood,none,ood,ood,weapon,0.9333192110061646,,,img_00013752,img_00013752,img_00013752,datasets/splits/ood/ood_eval_set/ood/img_00013752.jpg,,,,,,
efficientnet_b0_chapter5_core_candidates_per_bucket_500_manual_per_bucket_3_target_predicted_label_chapter5_separate_assets_final,2026-05-23T08:10:49+00:00,efficientnet_b0__fold_1__ood_as_weapon__ood__img_00013891,False,,,,,,case_bucket,ood_as_weapon,3,,ood_as_weapon,Out-of-distribution image classified as weapon with high confidence.,,efficientnet_b0,fold_1,ood,none,ood,ood,weapon,0.9304579496383668,,,img_00013891,img_00013891,img_00013891,datasets/splits/ood/ood_eval_set/ood/img_00013891.jpg,,,,,,
efficientnet_b0_chapter5_core_candidates_per_bucket_500_manual_per_bucket_3_target_predicted_label_chapter5_separate_assets_final,2026-05-23T08:10:49+00:00,efficientnet_b0__fold_1__ood_as_weapon__ood__img_00000358,False,,,,,,case_bucket,ood_as_weapon,3,,ood_as_weapon,Out-of-distribution image classified as weapon with high confidence.,,efficientnet_b0,fold_1,ood,none,ood,ood,weapon,0.9252296686172484,,,img_00000358,img_00000358,img_00000358,datasets/splits/ood/ood_eval_set/ood/img_00000358.jpeg,,,,,,
efficientnet_b0_chapter5_core_candidates_per_bucket_500_manual_per_bucket_3_target_predicted_label_chapter5_separate_assets_final,2026-05-23T08:10:49+00:00,efficientnet_b0__fold_5__ood_as_weapon__ood__img_00012823,False,,,,,,case_bucket,ood_as_weapon,3,,ood_as_weapon,Out-of-distribution image classified as weapon with high confidence.,,efficientnet_b0,fold_5,ood,none,ood,ood,weapon,0.9249805808067322,,,img_00012823,img_00012823,img_00012823,datasets/splits/ood/ood_eval_set/ood/img_00012823.jpg,,,,,,
efficientnet_b0_chapter5_core_candidates_per_bucket_500_manual_per_bucket_3_target_predicted_label_chapter5_separate_assets_final,2026-05-23T08:10:49+00:00,efficientnet_b0__fold_1__ood_as_weapon__ood__img_00013699,False,,,,,,case_bucket,ood_as_weapon,3,,ood_as_weapon,Out-of-distribution image classified as weapon with high confidence.,,efficientnet_b0,fold_1,ood,none,ood,ood,weapon,0.9239962697029114,,,img_00013699,img_00013699,img_00013699,datasets/splits/ood/ood_eval_set/ood/img_00013699.jpg,,,,,,
efficientnet_b0_chapter5_core_candidates_per_bucket_500_manual_per_bucket_3_target_predicted_label_chapter5_separate_assets_final,2026-05-23T08:10:49+00:00,efficientnet_b0__fold_2__ood_as_weapon__ood__img_00013433,False,,,,,,case_bucket,ood_as_weapon,3,,ood_as_weapon,Out-of-distribution image classified as weapon with high confidence.,,efficientnet_b0,fold_2,ood,none,ood,ood,weapon,0.9233440160751344,,,img_00013433,img_00013433,img_00013433,datasets/splits/ood/ood_eval_set/ood/img_00013433.jpg,,,,,,
efficientnet_b0_chapter5_core_candidates_per_bucket_500_manual_per_bucket_3_target_predicted_label_chapter5_separate_assets_final,2026-05-23T08:10:49+00:00,efficientnet_b0__fold_5__ood_as_weapon__ood__img_00000364,False,,,,,,case_bucket,ood_as_weapon,3,,ood_as_weapon,Out-of-distribution image classified as weapon with high confidence.,,efficientnet_b0,fold_5,ood,none,ood,ood,weapon,0.919565975666046,,,img_00000364,img_00000364,img_00000364,datasets/splits/ood/ood_eval_set/ood/img_00000364.jpeg,,,,,,
efficientnet_b0_chapter5_core_candidates_per_bucket_500_manual_per_bucket_3_target_predicted_label_chapter5_separate_assets_final,2026-05-23T08:10:49+00:00,efficientnet_b0__fold_5__ood_as_weapon__ood__img_00013744,False,,,,,,case_bucket,ood_as_weapon,3,,ood_as_weapon,Out-of-distribution image classified as weapon with high confidence.,,efficientnet_b0,fold_5,ood,none,ood,ood,weapon,0.9191369414329528,,,img_00013744,img_00013744,img_00013744,datasets/splits/ood/ood_eval_set/ood/img_00013744.jpg,,,,,,
efficientnet_b0_chapter5_core_candidates_per_bucket_500_manual_per_bucket_3_target_predicted_label_chapter5_separate_assets_final,2026-05-23T08:10:49+00:00,efficientnet_b0__fold_5__ood_as_weapon__ood__img_00000334,False,,,,,,case_bucket,ood_as_weapon,3,,ood_as_weapon,Out-of-distribution image classified as weapon with high confidence.,,efficientnet_b0,fold_5,ood,none,ood,ood,weapon,0.9176849722862244,,,img_00000334,img_00000334,img_00000334,datasets/splits/ood/ood_eval_set/ood/img_00000334.png,,,,,,
efficientnet_b0_chapter5_core_candidates_per_bucket_500_manual_per_bucket_3_target_predicted_label_chapter5_separate_assets_final,2026-05-23T08:10:49+00:00,efficientnet_b0__fold_4__ood_as_weapon__ood__img_00014872,False,,,,,,case_bucket,ood_as_weapon,3,,ood_as_weapon,Out-of-distribution image classified as weapon with high confidence.,,efficientnet_b0,fold_4,ood,none,ood,ood,weapon,0.916507124900818,,,img_00014872,img_00014872,img_00014872,datasets/splits/ood/ood_eval_set/ood/img_00014872.jpeg,,,,,,
efficientnet_b0_chapter5_core_candidates_per_bucket_500_manual_per_bucket_3_target_predicted_label_chapter5_separate_assets_final,2026-05-23T08:10:49+00:00,efficientnet_b0__fold_2__ood_as_weapon__ood__img_00013415,False,,,,,,case_bucket,ood_as_weapon,3,,ood_as_weapon,Out-of-distribution image classified as weapon with high confidence.,,efficientnet_b0,fold_2,ood,none,ood,ood,weapon,0.9137290120124816,,,img_00013415,img_00013415,img_00013415,datasets/splits/ood/ood_eval_set/ood/img_00013415.jpg,,,,,,
efficientnet_b0_chapter5_core_candidates_per_bucket_500_manual_per_bucket_3_target_predicted_label_chapter5_separate_assets_final,2026-05-23T08:10:49+00:00,efficientnet_b0__fold_2__ood_as_weapon__ood__img_00014220,False,,,,,,case_bucket,ood_as_weapon,3,,ood_as_weapon,Out-of-distribution image classified as weapon with high confidence.,,efficientnet_b0,fold_2,ood,none,ood,ood,weapon,0.9095296859741212,,,img_00014220,img_00014220,img_00014220,datasets/splits/ood/ood_eval_set/ood/img_00014220.jpg,,,,,,
efficientnet_b0_chapter5_core_candidates_per_bucket_500_manual_per_bucket_3_target_predicted_label_chapter5_separate_assets_final,2026-05-23T08:10:49+00:00,efficientnet_b0__fold_2__ood_as_weapon__ood__img_00000380,False,,,,,,case_bucket,ood_as_weapon,3,,ood_as_weapon,Out-of-distribution image classified as weapon with high confidence.,,efficientnet_b0,fold_2,ood,none,ood,ood,weapon,0.9085391163825988,,,img_00000380,img_00000380,img_00000380,datasets/splits/ood/ood_eval_set/ood/img_00000380.jpeg,,,,,,
efficientnet_b0_chapter5_core_candidates_per_bucket_500_manual_per_bucket_3_target_predicted_label_chapter5_separate_assets_final,2026-05-23T08:10:49+00:00,efficientnet_b0__fold_4__ood_as_weapon__ood__img_00000377,False,,,,,,case_bucket,ood_as_weapon,3,,ood_as_weapon,Out-of-distribution image classified as weapon with high confidence.,,efficientnet_b0,fold_4,ood,none,ood,ood,weapon,0.904326319694519,,,img_00000377,img_00000377,img_00000377,datasets/splits/ood/ood_eval_set/ood/img_00000377.jpeg,,,,,,
efficientnet_b0_chapter5_core_candidates_per_bucket_500_manual_per_bucket_3_target_predicted_label_chapter5_separate_assets_final,2026-05-23T08:10:49+00:00,efficientnet_b0__fold_3__ood_as_weapon__ood__img_00013829,False,,,,,,case_bucket,ood_as_weapon,3,,ood_as_weapon,Out-of-distribution image classified as weapon with high confidence.,,efficientnet_b0,fold_3,ood,none,ood,ood,weapon,0.9027232527732848,,,img_00013829,img_00013829,img_00013829,datasets/splits/ood/ood_eval_set/ood/img_00013829.jpg,,,,,,
efficientnet_b0_chapter5_core_candidates_per_bucket_500_manual_per_bucket_3_target_predicted_label_chapter5_separate_assets_final,2026-05-23T08:10:49+00:00,efficientnet_b0__fold_3__anti_forensic_failure__histogram_modification__img_00000474_histogram_modification,False,,,,,,case_bucket,anti_forensic_failure,3,,anti_forensic_failure,Anti-forensic transformation caused an operational misclassification.,P1_weapon_to_non_weapon,efficientnet_b0,fold_3,perturbed,anti_forensic,histogram_modification,weapon,non_weapon,0.9879887104034424,False,True,img_00000474,img_00000474__histogram_modification,img_00000474__histogram_modification,attacks/anti_forensic/histogram_modification/fold_3/weapon/img_00000474__histogram_modification.jpg,,,,,,
efficientnet_b0_chapter5_core_candidates_per_bucket_500_manual_per_bucket_3_target_predicted_label_chapter5_separate_assets_final,2026-05-23T08:10:49+00:00,efficientnet_b0__fold_3__anti_forensic_failure__gaussian_blur__img_00000474_gaussian_blur,False,,,,,,case_bucket,anti_forensic_failure,3,,anti_forensic_failure,Anti-forensic transformation caused an operational misclassification.,P1_weapon_to_non_weapon,efficientnet_b0,fold_3,perturbed,anti_forensic,gaussian_blur,weapon,non_weapon,0.9104139804840088,False,True,img_00000474,img_00000474__gaussian_blur,img_00000474__gaussian_blur,attacks/anti_forensic/gaussian_blur/fold_3/weapon/img_00000474__gaussian_blur.jpg,,,,,,
efficientnet_b0_chapter5_core_candidates_per_bucket_500_manual_per_bucket_3_target_predicted_label_chapter5_separate_assets_final,2026-05-23T08:10:49+00:00,efficientnet_b0__fold_1__anti_forensic_failure__histogram_modification__img_00013588_histogram_modification,False,,,,,,case_bucket,anti_forensic_failure,3,,anti_forensic_failure,Anti-forensic transformation caused an operational misclassification.,P1_weapon_to_non_weapon,efficientnet_b0,fold_1,perturbed,anti_forensic,histogram_modification,weapon,non_weapon,0.8701076507568359,False,True,img_00013588,img_00013588__histogram_modification,img_00013588__histogram_modification,attacks/anti_forensic/histogram_modification/fold_1/weapon/img_00013588__histogram_modification.jpg,,,,,,
efficientnet_b0_chapter5_core_candidates_per_bucket_500_manual_per_bucket_3_target_predicted_label_chapter5_separate_assets_final,2026-05-23T08:10:49+00:00,efficientnet_b0__fold_2__anti_forensic_failure__histogram_modification__img_00013599_histogram_modification,True,10.0,Lello,2026-05-23T08:12:26+00:00,select,,case_bucket,anti_forensic_failure,3,,anti_forensic_failure,Anti-forensic transformation caused an operational misclassification.,P1_weapon_to_non_weapon,efficientnet_b0,fold_2,perturbed,anti_forensic,histogram_modification,weapon,non_weapon,0.8515904545783997,False,True,img_00013599,img_00013599__histogram_modification,img_00013599__histogram_modification,attacks/anti_forensic/histogram_modification/fold_2/weapon/img_00013599__histogram_modification.jpg,,,,,,
efficientnet_b0_chapter5_core_candidates_per_bucket_500_manual_per_bucket_3_target_predicted_label_chapter5_separate_assets_final,2026-05-23T08:10:49+00:00,efficientnet_b0__fold_3__anti_forensic_failure__gaussian_blur__img_00014510_gaussian_blur,False,,,,,,case_bucket,anti_forensic_failure,3,,anti_forensic_failure,Anti-forensic transformation caused an operational misclassification.,P1_weapon_to_non_weapon,efficientnet_b0,fold_3,perturbed,anti_forensic,gaussian_blur,weapon,non_weapon,0.8370006680488586,False,True,img_00014510,img_00014510__gaussian_blur,img_00014510__gaussian_blur,attacks/anti_forensic/gaussian_blur/fold_3/weapon/img_00014510__gaussian_blur.jpg,,,,,,
efficientnet_b0_chapter5_core_candidates_per_bucket_500_manual_per_bucket_3_target_predicted_label_chapter5_separate_assets_final,2026-05-23T08:10:49+00:00,efficientnet_b0__fold_2__anti_forensic_failure__gaussian_blur__img_00013599_gaussian_blur,True,11.0,Lello,2026-05-23T08:12:32+00:00,select,,case_bucket,anti_forensic_failure,3,,anti_forensic_failure,Anti-forensic transformation caused an operational misclassification.,P1_weapon_to_non_weapon,efficientnet_b0,fold_2,perturbed,anti_forensic,gaussian_blur,weapon,non_weapon,0.83147794008255,False,True,img_00013599,img_00013599__gaussian_blur,img_00013599__gaussian_blur,attacks/anti_forensic/gaussian_blur/fold_2/weapon/img_00013599__gaussian_blur.jpg,,,,,,
efficientnet_b0_chapter5_core_candidates_per_bucket_500_manual_per_bucket_3_target_predicted_label_chapter5_separate_assets_final,2026-05-23T08:10:49+00:00,efficientnet_b0__fold_1__anti_forensic_failure__histogram_modification__img_00013610_histogram_modification,False,,,,,,case_bucket,anti_forensic_failure,3,,anti_forensic_failure,Anti-forensic transformation caused an operational misclassification.,P1_weapon_to_non_weapon,efficientnet_b0,fold_1,perturbed,anti_forensic,histogram_modification,weapon,non_weapon,0.7879769802093506,False,True,img_00013610,img_00013610__histogram_modification,img_00013610__histogram_modification,attacks/anti_forensic/histogram_modification/fold_1/weapon/img_00013610__histogram_modification.jpg,,,,,,
efficientnet_b0_chapter5_core_candidates_per_bucket_500_manual_per_bucket_3_target_predicted_label_chapter5_separate_assets_final,2026-05-23T08:10:49+00:00,efficientnet_b0__fold_3__anti_forensic_failure__histogram_modification__img_00000223_histogram_modification,False,,,,,,case_bucket,anti_forensic_failure,3,,anti_forensic_failure,Anti-forensic transformation caused an operational misclassification.,P1_weapon_to_non_weapon,efficientnet_b0,fold_3,perturbed,anti_forensic,histogram_modification,weapon,non_weapon,0.7729551196098328,False,True,img_00000223,img_00000223__histogram_modification,img_00000223__histogram_modification,attacks/anti_forensic/histogram_modification/fold_3/weapon/img_00000223__histogram_modification.jpg,,,,,,
efficientnet_b0_chapter5_core_candidates_per_bucket_500_manual_per_bucket_3_target_predicted_label_chapter5_separate_assets_final,2026-05-23T08:10:49+00:00,efficientnet_b0__fold_3__anti_forensic_failure__gaussian_blur__img_00014432_gaussian_blur,False,,,,,,case_bucket,anti_forensic_failure,3,,anti_forensic_failure,Anti-forensic transformation caused an operational misclassification.,P1_weapon_to_non_weapon,efficientnet_b0,fold_3,perturbed,anti_forensic,gaussian_blur,weapon,non_weapon,0.7704632878303528,False,True,img_00014432,img_00014432__gaussian_blur,img_00014432__gaussian_blur,attacks/anti_forensic/gaussian_blur/fold_3/weapon/img_00014432__gaussian_blur.jpg,,,,,,
efficientnet_b0_chapter5_core_candidates_per_bucket_500_manual_per_bucket_3_target_predicted_label_chapter5_separate_assets_final,2026-05-23T08:10:49+00:00,efficientnet_b0__fold_4__anti_forensic_failure__contrast_stretching__img_00014947_contrast_stretching,False,,,,,,case_bucket,anti_forensic_failure,3,,anti_forensic_failure,Anti-forensic transformation caused an operational misclassification.,P2_non_weapon_to_weapon,efficientnet_b0,fold_4,perturbed,anti_forensic,contrast_stretching,non_weapon,weapon,0.7644506096839905,False,True,img_00014947,img_00014947__contrast_stretching,img_00014947__contrast_stretching,attacks/anti_forensic/contrast_stretching/fold_4/non_weapon/img_00014947__contrast_stretching.jpg,,,,,,
efficientnet_b0_chapter5_core_candidates_per_bucket_500_manual_per_bucket_3_target_predicted_label_chapter5_separate_assets_final,2026-05-23T08:10:49+00:00,efficientnet_b0__fold_4__anti_forensic_failure__histogram_modification__img_00013607_histogram_modification,True,12.0,Lello,2026-05-23T08:12:36+00:00,select,,case_bucket,anti_forensic_failure,3,,anti_forensic_failure,Anti-forensic transformation caused an operational misclassification.,P1_weapon_to_non_weapon,efficientnet_b0,fold_4,perturbed,anti_forensic,histogram_modification,weapon,non_weapon,0.7465268969535828,False,True,img_00013607,img_00013607__histogram_modification,img_00013607__histogram_modification,attacks/anti_forensic/histogram_modification/fold_4/weapon/img_00013607__histogram_modification.jpg,,,,,,
efficientnet_b0_chapter5_core_candidates_per_bucket_500_manual_per_bucket_3_target_predicted_label_chapter5_separate_assets_final,2026-05-23T08:10:49+00:00,efficientnet_b0__fold_5__anti_forensic_failure__histogram_modification__img_00013505_histogram_modification,False,,,,,,case_bucket,anti_forensic_failure,3,,anti_forensic_failure,Anti-forensic transformation caused an operational misclassification.,P2_non_weapon_to_weapon,efficientnet_b0,fold_5,perturbed,anti_forensic,histogram_modification,non_weapon,weapon,0.7455207705497742,False,True,img_00013505,img_00013505__histogram_modification,img_00013505__histogram_modification,attacks/anti_forensic/histogram_modification/fold_5/non_weapon/img_00013505__histogram_modification.jpg,,,,,,
efficientnet_b0_chapter5_core_candidates_per_bucket_500_manual_per_bucket_3_target_predicted_label_chapter5_separate_assets_final,2026-05-23T08:10:49+00:00,efficientnet_b0__fold_3__anti_forensic_failure__gaussian_blur__img_00012660_gaussian_blur,False,,,,,,case_bucket,anti_forensic_failure,3,,anti_forensic_failure,Anti-forensic transformation caused an operational misclassification.,P1_weapon_to_non_weapon,efficientnet_b0,fold_3,perturbed,anti_forensic,gaussian_blur,weapon,non_weapon,0.745229184627533,False,True,img_00012660,img_00012660__gaussian_blur,img_00012660__gaussian_blur,attacks/anti_forensic/gaussian_blur/fold_3/weapon/img_00012660__gaussian_blur.jpg,,,,,,
efficientnet_b0_chapter5_core_candidates_per_bucket_500_manual_per_bucket_3_target_predicted_label_chapter5_separate_assets_final,2026-05-23T08:10:49+00:00,efficientnet_b0__fold_5__anti_forensic_failure__contrast_stretching__img_00013505_contrast_stretching,False,,,,,,case_bucket,anti_forensic_failure,3,,anti_forensic_failure,Anti-forensic transformation caused an operational misclassification.,P2_non_weapon_to_weapon,efficientnet_b0,fold_5,perturbed,anti_forensic,contrast_stretching,non_weapon,weapon,0.7426353096961975,False,True,img_00013505,img_00013505__contrast_stretching,img_00013505__contrast_stretching,attacks/anti_forensic/contrast_stretching/fold_5/non_weapon/img_00013505__contrast_stretching.jpg,,,,,,
efficientnet_b0_chapter5_core_candidates_per_bucket_500_manual_per_bucket_3_target_predicted_label_chapter5_separate_assets_final,2026-05-23T08:10:49+00:00,efficientnet_b0__fold_2__anti_forensic_failure__gaussian_blur__img_00000001_gaussian_blur,False,,,,,,case_bucket,anti_forensic_failure,3,,anti_forensic_failure,Anti-forensic transformation caused an operational misclassification.,P1_weapon_to_non_weapon,efficientnet_b0,fold_2,perturbed,anti_forensic,gaussian_blur,weapon,non_weapon,0.6970810890197754,False,True,img_00000001,img_00000001__gaussian_blur,img_00000001__gaussian_blur,attacks/anti_forensic/gaussian_blur/fold_2/weapon/img_00000001__gaussian_blur.jpg,,,,,,
efficientnet_b0_chapter5_core_candidates_per_bucket_500_manual_per_bucket_3_target_predicted_label_chapter5_separate_assets_final,2026-05-23T08:10:49+00:00,efficientnet_b0__fold_3__anti_forensic_failure__resample_resize__img_00014510_resample_resize,False,,,,,,case_bucket,anti_forensic_failure,3,,anti_forensic_failure,Anti-forensic transformation caused an operational misclassification.,P1_weapon_to_non_weapon,efficientnet_b0,fold_3,perturbed,anti_forensic,resample_resize,weapon,non_weapon,0.6797074675559998,False,True,img_00014510,img_00014510__resample_resize,img_00014510__resample_resize,attacks/anti_forensic/resample_resize/fold_3/weapon/img_00014510__resample_resize.jpg,,,,,,
efficientnet_b0_chapter5_core_candidates_per_bucket_500_manual_per_bucket_3_target_predicted_label_chapter5_separate_assets_final,2026-05-23T08:10:49+00:00,efficientnet_b0__fold_3__anti_forensic_failure__gaussian_blur__img_00014459_gaussian_blur,False,,,,,,case_bucket,anti_forensic_failure,3,,anti_forensic_failure,Anti-forensic transformation caused an operational misclassification.,P1_weapon_to_non_weapon,efficientnet_b0,fold_3,perturbed,anti_forensic,gaussian_blur,weapon,non_weapon,0.6768662333488464,False,True,img_00014459,img_00014459__gaussian_blur,img_00014459__gaussian_blur,attacks/anti_forensic/gaussian_blur/fold_3/weapon/img_00014459__gaussian_blur.jpg,,,,,,
efficientnet_b0_chapter5_core_candidates_per_bucket_500_manual_per_bucket_3_target_predicted_label_chapter5_separate_assets_final,2026-05-23T08:10:49+00:00,efficientnet_b0__fold_1__anti_forensic_failure__contrast_stretching__img_00013870_contrast_stretching,False,,,,,,case_bucket,anti_forensic_failure,3,,anti_forensic_failure,Anti-forensic transformation caused an operational misclassification.,P2_non_weapon_to_weapon,efficientnet_b0,fold_1,perturbed,anti_forensic,contrast_stretching,non_weapon,weapon,0.6598206162452698,False,True,img_00013870,img_00013870__contrast_stretching,img_00013870__contrast_stretching,attacks/anti_forensic/contrast_stretching/fold_1/non_weapon/img_00013870__contrast_stretching.jpg,,,,,,
efficientnet_b0_chapter5_core_candidates_per_bucket_500_manual_per_bucket_3_target_predicted_label_chapter5_separate_assets_final,2026-05-23T08:10:49+00:00,efficientnet_b0__fold_5__anti_forensic_failure__gaussian_blur__img_00000840_gaussian_blur,False,,,,,,case_bucket,anti_forensic_failure,3,,anti_forensic_failure,Anti-forensic transformation caused an operational misclassification.,P1_weapon_to_non_weapon,efficientnet_b0,fold_5,perturbed,anti_forensic,gaussian_blur,weapon,non_weapon,0.6526039838790894,False,True,img_00000840,img_00000840__gaussian_blur,img_00000840__gaussian_blur,attacks/anti_forensic/gaussian_blur/fold_5/weapon/img_00000840__gaussian_blur.jpg,,,,,,
efficientnet_b0_chapter5_core_candidates_per_bucket_500_manual_per_bucket_3_target_predicted_label_chapter5_separate_assets_final,2026-05-23T08:10:49+00:00,efficientnet_b0__fold_4__anti_forensic_failure__gaussian_blur__img_00013478_gaussian_blur,False,,,,,,case_bucket,anti_forensic_failure,3,,anti_forensic_failure,Anti-forensic transformation caused an operational misclassification.,P1_weapon_to_non_weapon,efficientnet_b0,fold_4,perturbed,anti_forensic,gaussian_blur,weapon,non_weapon,0.6413536667823792,False,True,img_00013478,img_00013478__gaussian_blur,img_00013478__gaussian_blur,attacks/anti_forensic/gaussian_blur/fold_4/weapon/img_00013478__gaussian_blur.jpg,,,,,,
efficientnet_b0_chapter5_core_candidates_per_bucket_500_manual_per_bucket_3_target_predicted_label_chapter5_separate_assets_final,2026-05-23T08:10:49+00:00,efficientnet_b0__fold_3__anti_forensic_failure__resample_resize__img_00000474_resample_resize,False,,,,,,case_bucket,anti_forensic_failure,3,,anti_forensic_failure,Anti-forensic transformation caused an operational misclassification.,P1_weapon_to_non_weapon,efficientnet_b0,fold_3,perturbed,anti_forensic,resample_resize,weapon,non_weapon,0.6388338804244995,False,True,img_00000474,img_00000474__resample_resize,img_00000474__resample_resize,attacks/anti_forensic/resample_resize/fold_3/weapon/img_00000474__resample_resize.jpg,,,,,,
efficientnet_b0_chapter5_core_candidates_per_bucket_500_manual_per_bucket_3_target_predicted_label_chapter5_separate_assets_final,2026-05-23T08:10:49+00:00,efficientnet_b0__fold_4__anti_forensic_failure__histogram_modification__img_00014947_histogram_modification,False,,,,,,case_bucket,anti_forensic_failure,3,,anti_forensic_failure,Anti-forensic transformation caused an operational misclassification.,P2_non_weapon_to_weapon,efficientnet_b0,fold_4,perturbed,anti_forensic,histogram_modification,non_weapon,weapon,0.6176616549491882,False,True,img_00014947,img_00014947__histogram_modification,img_00014947__histogram_modification,attacks/anti_forensic/histogram_modification/fold_4/non_weapon/img_00014947__histogram_modification.jpg,,,,,,
efficientnet_b0_chapter5_core_candidates_per_bucket_500_manual_per_bucket_3_target_predicted_label_chapter5_separate_assets_final,2026-05-23T08:10:49+00:00,efficientnet_b0__fold_4__anti_forensic_failure__jpeg_recompression__img_00014675_jpeg_recompression,False,,,,,,case_bucket,anti_forensic_failure,3,,anti_forensic_failure,Anti-forensic transformation caused an operational misclassification.,P2_non_weapon_to_weapon,efficientnet_b0,fold_4,perturbed,anti_forensic,jpeg_recompression,non_weapon,weapon,0.5987850427627563,False,True,img_00014675,img_00014675__jpeg_recompression,img_00014675__jpeg_recompression,attacks/anti_forensic/jpeg_recompression/fold_4/non_weapon/img_00014675__jpeg_recompression.jpg,,,,,,
efficientnet_b0_chapter5_core_candidates_per_bucket_500_manual_per_bucket_3_target_predicted_label_chapter5_separate_assets_final,2026-05-23T08:10:49+00:00,efficientnet_b0__fold_3__anti_forensic_failure__gaussian_blur__img_00014393_gaussian_blur,False,,,,,,case_bucket,anti_forensic_failure,3,,anti_forensic_failure,Anti-forensic transformation caused an operational misclassification.,P1_weapon_to_non_weapon,efficientnet_b0,fold_3,perturbed,anti_forensic,gaussian_blur,weapon,non_weapon,0.5833866596221924,False,True,img_00014393,img_00014393__gaussian_blur,img_00014393__gaussian_blur,attacks/anti_forensic/gaussian_blur/fold_3/weapon/img_00014393__gaussian_blur.jpg,,,,,,
efficientnet_b0_chapter5_core_candidates_per_bucket_500_manual_per_bucket_3_target_predicted_label_chapter5_separate_assets_final,2026-05-23T08:10:49+00:00,efficientnet_b0__fold_2__anti_forensic_failure__gaussian_blur__img_00010402_gaussian_blur,False,,,,,,case_bucket,anti_forensic_failure,3,,anti_forensic_failure,Anti-forensic transformation caused an operational misclassification.,P1_weapon_to_non_weapon,efficientnet_b0,fold_2,perturbed,anti_forensic,gaussian_blur,weapon,non_weapon,0.5685743093490601,False,True,img_00010402,img_00010402__gaussian_blur,img_00010402__gaussian_blur,attacks/anti_forensic/gaussian_blur/fold_2/weapon/img_00010402__gaussian_blur.jpg,,,,,,
efficientnet_b0_chapter5_core_candidates_per_bucket_500_manual_per_bucket_3_target_predicted_label_chapter5_separate_assets_final,2026-05-23T08:10:49+00:00,efficientnet_b0__fold_3__anti_forensic_failure__gaussian_blur__img_00012742_gaussian_blur,False,,,,,,case_bucket,anti_forensic_failure,3,,anti_forensic_failure,Anti-forensic transformation caused an operational misclassification.,P1_weapon_to_non_weapon,efficientnet_b0,fold_3,perturbed,anti_forensic,gaussian_blur,weapon,non_weapon,0.5614368319511414,False,True,img_00012742,img_00012742__gaussian_blur,img_00012742__gaussian_blur,attacks/anti_forensic/gaussian_blur/fold_3/weapon/img_00012742__gaussian_blur.jpg,,,,,,
efficientnet_b0_chapter5_core_candidates_per_bucket_500_manual_per_bucket_3_target_predicted_label_chapter5_separate_assets_final,2026-05-23T08:10:49+00:00,efficientnet_b0__fold_3__anti_forensic_failure__histogram_modification__img_00014510_histogram_modification,False,,,,,,case_bucket,anti_forensic_failure,3,,anti_forensic_failure,Anti-forensic transformation caused an operational misclassification.,P1_weapon_to_non_weapon,efficientnet_b0,fold_3,perturbed,anti_forensic,histogram_modification,weapon,non_weapon,0.5589468479156494,False,True,img_00014510,img_00014510__histogram_modification,img_00014510__histogram_modification,attacks/anti_forensic/histogram_modification/fold_3/weapon/img_00014510__histogram_modification.jpg,,,,,,
efficientnet_b0_chapter5_core_candidates_per_bucket_500_manual_per_bucket_3_target_predicted_label_chapter5_separate_assets_final,2026-05-23T08:10:49+00:00,efficientnet_b0__fold_4__anti_forensic_failure__histogram_modification__img_00000133_histogram_modification,False,,,,,,case_bucket,anti_forensic_failure,3,,anti_forensic_failure,Anti-forensic transformation caused an operational misclassification.,P1_weapon_to_non_weapon,efficientnet_b0,fold_4,perturbed,anti_forensic,histogram_modification,weapon,non_weapon,0.5522045493125916,False,True,img_00000133,img_00000133__histogram_modification,img_00000133__histogram_modification,attacks/anti_forensic/histogram_modification/fold_4/weapon/img_00000133__histogram_modification.jpg,,,,,,
efficientnet_b0_chapter5_core_candidates_per_bucket_500_manual_per_bucket_3_target_predicted_label_chapter5_separate_assets_final,2026-05-23T08:10:49+00:00,efficientnet_b0__fold_1__anti_forensic_failure__gaussian_blur__img_00000478_gaussian_blur,False,,,,,,case_bucket,anti_forensic_failure,3,,anti_forensic_failure,Anti-forensic transformation caused an operational misclassification.,P1_weapon_to_non_weapon,efficientnet_b0,fold_1,perturbed,anti_forensic,gaussian_blur,weapon,non_weapon,0.5480704307556152,False,True,img_00000478,img_00000478__gaussian_blur,img_00000478__gaussian_blur,attacks/anti_forensic/gaussian_blur/fold_1/weapon/img_00000478__gaussian_blur.jpg,,,,,,
efficientnet_b0_chapter5_core_candidates_per_bucket_500_manual_per_bucket_3_target_predicted_label_chapter5_separate_assets_final,2026-05-23T08:10:49+00:00,efficientnet_b0__fold_2__anti_forensic_failure__gaussian_blur__img_00014484_gaussian_blur,False,,,,,,case_bucket,anti_forensic_failure,3,,anti_forensic_failure,Anti-forensic transformation caused an operational misclassification.,P1_weapon_to_non_weapon,efficientnet_b0,fold_2,perturbed,anti_forensic,gaussian_blur,weapon,non_weapon,0.547166109085083,False,True,img_00014484,img_00014484__gaussian_blur,img_00014484__gaussian_blur,attacks/anti_forensic/gaussian_blur/fold_2/weapon/img_00014484__gaussian_blur.jpg,,,,,,
efficientnet_b0_chapter5_core_candidates_per_bucket_500_manual_per_bucket_3_target_predicted_label_chapter5_separate_assets_final,2026-05-23T08:10:49+00:00,efficientnet_b0__fold_2__anti_forensic_failure__jpeg_recompression__img_00014484_jpeg_recompression,False,,,,,,case_bucket,anti_forensic_failure,3,,anti_forensic_failure,Anti-forensic transformation caused an operational misclassification.,P1_weapon_to_non_weapon,efficientnet_b0,fold_2,perturbed,anti_forensic,jpeg_recompression,weapon,non_weapon,0.5377482175827026,False,True,img_00014484,img_00014484__jpeg_recompression,img_00014484__jpeg_recompression,attacks/anti_forensic/jpeg_recompression/fold_2/weapon/img_00014484__jpeg_recompression.jpg,,,,,,
efficientnet_b0_chapter5_core_candidates_per_bucket_500_manual_per_bucket_3_target_predicted_label_chapter5_separate_assets_final,2026-05-23T08:10:49+00:00,efficientnet_b0__fold_4__anti_forensic_failure__gaussian_blur__img_00014391_gaussian_blur,False,,,,,,case_bucket,anti_forensic_failure,3,,anti_forensic_failure,Anti-forensic transformation caused an operational misclassification.,P1_weapon_to_non_weapon,efficientnet_b0,fold_4,perturbed,anti_forensic,gaussian_blur,weapon,non_weapon,0.5337424874305725,False,True,img_00014391,img_00014391__gaussian_blur,img_00014391__gaussian_blur,attacks/anti_forensic/gaussian_blur/fold_4/weapon/img_00014391__gaussian_blur.jpg,,,,,,
efficientnet_b0_chapter5_core_candidates_per_bucket_500_manual_per_bucket_3_target_predicted_label_chapter5_separate_assets_final,2026-05-23T08:10:49+00:00,efficientnet_b0__fold_2__anti_forensic_failure__histogram_modification__img_00014484_histogram_modification,False,,,,,,case_bucket,anti_forensic_failure,3,,anti_forensic_failure,Anti-forensic transformation caused an operational misclassification.,P1_weapon_to_non_weapon,efficientnet_b0,fold_2,perturbed,anti_forensic,histogram_modification,weapon,non_weapon,0.5305776596069336,False,True,img_00014484,img_00014484__histogram_modification,img_00014484__histogram_modification,attacks/anti_forensic/histogram_modification/fold_2/weapon/img_00014484__histogram_modification.jpg,,,,,,
efficientnet_b0_chapter5_core_candidates_per_bucket_500_manual_per_bucket_3_target_predicted_label_chapter5_separate_assets_final,2026-05-23T08:10:49+00:00,efficientnet_b0__fold_1__anti_forensic_failure__gaussian_blur__img_00013610_gaussian_blur,False,,,,,,case_bucket,anti_forensic_failure,3,,anti_forensic_failure,Anti-forensic transformation caused an operational misclassification.,P1_weapon_to_non_weapon,efficientnet_b0,fold_1,perturbed,anti_forensic,gaussian_blur,weapon,non_weapon,0.5242747068405151,False,True,img_00013610,img_00013610__gaussian_blur,img_00013610__gaussian_blur,attacks/anti_forensic/gaussian_blur/fold_1/weapon/img_00013610__gaussian_blur.jpg,,,,,,
efficientnet_b0_chapter5_core_candidates_per_bucket_500_manual_per_bucket_3_target_predicted_label_chapter5_separate_assets_final,2026-05-23T08:10:49+00:00,efficientnet_b0__fold_5__anti_forensic_failure__gaussian_blur__img_00013590_gaussian_blur,False,,,,,,case_bucket,anti_forensic_failure,3,,anti_forensic_failure,Anti-forensic transformation caused an operational misclassification.,P1_weapon_to_non_weapon,efficientnet_b0,fold_5,perturbed,anti_forensic,gaussian_blur,weapon,non_weapon,0.5114877820014954,False,True,img_00013590,img_00013590__gaussian_blur,img_00013590__gaussian_blur,attacks/anti_forensic/gaussian_blur/fold_5/weapon/img_00013590__gaussian_blur.jpg,,,,,,
efficientnet_b0_chapter5_core_candidates_per_bucket_500_manual_per_bucket_3_target_predicted_label_chapter5_separate_assets_final,2026-05-23T08:10:49+00:00,efficientnet_b0__fold_4__anti_forensic_failure__contrast_stretching__img_00014675_contrast_stretching,False,,,,,,case_bucket,anti_forensic_failure,3,,anti_forensic_failure,Anti-forensic transformation caused an operational misclassification.,P2_non_weapon_to_weapon,efficientnet_b0,fold_4,perturbed,anti_forensic,contrast_stretching,non_weapon,weapon,0.5064982175827026,False,True,img_00014675,img_00014675__contrast_stretching,img_00014675__contrast_stretching,attacks/anti_forensic/contrast_stretching/fold_4/non_weapon/img_00014675__contrast_stretching.jpg,,,,,,
efficientnet_b0_chapter5_core_candidates_per_bucket_500_manual_per_bucket_3_target_predicted_label_chapter5_separate_assets_final,2026-05-23T08:10:49+00:00,efficientnet_b0__fold_1__adversarial_high_conf_failure__sigma_zero__img_00012915_sigma_zero_efficientnet_b0,false,,,,,,case_bucket,adversarial_high_conf_failure,3,,adversarial_high_conf_failure,Adversarial transformation caused a high-confidence failure.,P2_non_weapon_to_weapon,efficientnet_b0,fold_1,perturbed,adversarial,sigma_zero,non_weapon,weapon,1.0,False,True,img_00012915,img_00012915__sigma_zero__efficientnet_b0,img_00012915__sigma_zero__efficientnet_b0,attacks/adversarial/sigma_zero/efficientnet_b0/fold_1/non_weapon/img_00012915__sigma_zero__efficientnet_b0.png,,,,,,
efficientnet_b0_chapter5_core_candidates_per_bucket_500_manual_per_bucket_3_target_predicted_label_chapter5_separate_assets_final,2026-05-23T08:10:49+00:00,efficientnet_b0__fold_1__adversarial_high_conf_failure__sigma_zero__img_00013098_sigma_zero_efficientnet_b0,false,,,,,,case_bucket,adversarial_high_conf_failure,3,,adversarial_high_conf_failure,Adversarial transformation caused a high-confidence failure.,P2_non_weapon_to_weapon,efficientnet_b0,fold_1,perturbed,adversarial,sigma_zero,non_weapon,weapon,1.0,False,True,img_00013098,img_00013098__sigma_zero__efficientnet_b0,img_00013098__sigma_zero__efficientnet_b0,attacks/adversarial/sigma_zero/efficientnet_b0/fold_1/non_weapon/img_00013098__sigma_zero__efficientnet_b0.png,,,,,,
efficientnet_b0_chapter5_core_candidates_per_bucket_500_manual_per_bucket_3_target_predicted_label_chapter5_separate_assets_final,2026-05-23T08:10:49+00:00,efficientnet_b0__fold_1__adversarial_high_conf_failure__sigma_zero__img_00013102_sigma_zero_efficientnet_b0,false,,,,,,case_bucket,adversarial_high_conf_failure,3,,adversarial_high_conf_failure,Adversarial transformation caused a high-confidence failure.,P2_non_weapon_to_weapon,efficientnet_b0,fold_1,perturbed,adversarial,sigma_zero,non_weapon,weapon,1.0,False,True,img_00013102,img_00013102__sigma_zero__efficientnet_b0,img_00013102__sigma_zero__efficientnet_b0,attacks/adversarial/sigma_zero/efficientnet_b0/fold_1/non_weapon/img_00013102__sigma_zero__efficientnet_b0.png,,,,,,
efficientnet_b0_chapter5_core_candidates_per_bucket_500_manual_per_bucket_3_target_predicted_label_chapter5_separate_assets_final,2026-05-23T08:10:49+00:00,efficientnet_b0__fold_1__adversarial_high_conf_failure__sigma_zero__img_00014436_sigma_zero_efficientnet_b0,true,15,Lello,2026-05-23T08:12:44+00:00,select,,case_bucket,adversarial_high_conf_failure,3,,adversarial_high_conf_failure,Adversarial transformation caused a high-confidence failure.,P2_non_weapon_to_weapon,efficientnet_b0,fold_1,perturbed,adversarial,sigma_zero,non_weapon,weapon,1.0,False,True,img_00014436,img_00014436__sigma_zero__efficientnet_b0,img_00014436__sigma_zero__efficientnet_b0,attacks/adversarial/sigma_zero/efficientnet_b0/fold_1/non_weapon/img_00014436__sigma_zero__efficientnet_b0.png,,,,,,
efficientnet_b0_chapter5_core_candidates_per_bucket_500_manual_per_bucket_3_target_predicted_label_chapter5_separate_assets_final,2026-05-23T08:10:49+00:00,efficientnet_b0__fold_1__adversarial_high_conf_failure__sigma_zero__img_00014450_sigma_zero_efficientnet_b0,true,13,Lello,2026-05-23T08:12:42+00:00,select,,case_bucket,adversarial_high_conf_failure,3,,adversarial_high_conf_failure,Adversarial transformation caused a high-confidence failure.,P2_non_weapon_to_weapon,efficientnet_b0,fold_1,perturbed,adversarial,sigma_zero,non_weapon,weapon,1.0,False,True,img_00014450,img_00014450__sigma_zero__efficientnet_b0,img_00014450__sigma_zero__efficientnet_b0,attacks/adversarial/sigma_zero/efficientnet_b0/fold_1/non_weapon/img_00014450__sigma_zero__efficientnet_b0.png,,,,,,
efficientnet_b0_chapter5_core_candidates_per_bucket_500_manual_per_bucket_3_target_predicted_label_chapter5_separate_assets_final,2026-05-23T08:10:49+00:00,efficientnet_b0__fold_1__adversarial_high_conf_failure__sigma_zero__img_00014463_sigma_zero_efficientnet_b0,false,,,,,,case_bucket,adversarial_high_conf_failure,3,,adversarial_high_conf_failure,Adversarial transformation caused a high-confidence failure.,P2_non_weapon_to_weapon,efficientnet_b0,fold_1,perturbed,adversarial,sigma_zero,non_weapon,weapon,1.0,False,True,img_00014463,img_00014463__sigma_zero__efficientnet_b0,img_00014463__sigma_zero__efficientnet_b0,attacks/adversarial/sigma_zero/efficientnet_b0/fold_1/non_weapon/img_00014463__sigma_zero__efficientnet_b0.png,,,,,,
efficientnet_b0_chapter5_core_candidates_per_bucket_500_manual_per_bucket_3_target_predicted_label_chapter5_separate_assets_final,2026-05-23T08:10:49+00:00,efficientnet_b0__fold_1__adversarial_high_conf_failure__sigma_zero__img_00014494_sigma_zero_efficientnet_b0,false,,,,,,case_bucket,adversarial_high_conf_failure,3,,adversarial_high_conf_failure,Adversarial transformation caused a high-confidence failure.,P2_non_weapon_to_weapon,efficientnet_b0,fold_1,perturbed,adversarial,sigma_zero,non_weapon,weapon,1.0,False,True,img_00014494,img_00014494__sigma_zero__efficientnet_b0,img_00014494__sigma_zero__efficientnet_b0,attacks/adversarial/sigma_zero/efficientnet_b0/fold_1/non_weapon/img_00014494__sigma_zero__efficientnet_b0.png,,,,,,
efficientnet_b0_chapter5_core_candidates_per_bucket_500_manual_per_bucket_3_target_predicted_label_chapter5_separate_assets_final,2026-05-23T08:10:49+00:00,efficientnet_b0__fold_1__adversarial_high_conf_failure__sigma_zero__img_00014507_sigma_zero_efficientnet_b0,false,,,,,,case_bucket,adversarial_high_conf_failure,3,,adversarial_high_conf_failure,Adversarial transformation caused a high-confidence failure.,P2_non_weapon_to_weapon,efficientnet_b0,fold_1,perturbed,adversarial,sigma_zero,non_weapon,weapon,1.0,False,True,img_00014507,img_00014507__sigma_zero__efficientnet_b0,img_00014507__sigma_zero__efficientnet_b0,attacks/adversarial/sigma_zero/efficientnet_b0/fold_1/non_weapon/img_00014507__sigma_zero__efficientnet_b0.png,,,,,,
efficientnet_b0_chapter5_core_candidates_per_bucket_500_manual_per_bucket_3_target_predicted_label_chapter5_separate_assets_final,2026-05-23T08:10:49+00:00,efficientnet_b0__fold_1__adversarial_high_conf_failure__sigma_zero__img_00014592_sigma_zero_efficientnet_b0,true,14,Lello,2026-05-23T08:12:43+00:00,select,,case_bucket,adversarial_high_conf_failure,3,,adversarial_high_conf_failure,Adversarial transformation caused a high-confidence failure.,P2_non_weapon_to_weapon,efficientnet_b0,fold_1,perturbed,adversarial,sigma_zero,non_weapon,weapon,1.0,False,True,img_00014592,img_00014592__sigma_zero__efficientnet_b0,img_00014592__sigma_zero__efficientnet_b0,attacks/adversarial/sigma_zero/efficientnet_b0/fold_1/non_weapon/img_00014592__sigma_zero__efficientnet_b0.png,,,,,,
efficientnet_b0_chapter5_core_candidates_per_bucket_500_manual_per_bucket_3_target_predicted_label_chapter5_separate_assets_final,2026-05-23T08:10:49+00:00,efficientnet_b0__fold_1__adversarial_high_conf_failure__sigma_zero__img_00014644_sigma_zero_efficientnet_b0,false,,,,,,case_bucket,adversarial_high_conf_failure,3,,adversarial_high_conf_failure,Adversarial transformation caused a high-confidence failure.,P2_non_weapon_to_weapon,efficientnet_b0,fold_1,perturbed,adversarial,sigma_zero,non_weapon,weapon,1.0,False,True,img_00014644,img_00014644__sigma_zero__efficientnet_b0,img_00014644__sigma_zero__efficientnet_b0,attacks/adversarial/sigma_zero/efficientnet_b0/fold_1/non_weapon/img_00014644__sigma_zero__efficientnet_b0.png,,,,,,
efficientnet_b0_chapter5_core_candidates_per_bucket_500_manual_per_bucket_3_target_predicted_label_chapter5_separate_assets_final,2026-05-23T08:10:49+00:00,efficientnet_b0__fold_1__adversarial_high_conf_failure__sigma_zero__img_00014681_sigma_zero_efficientnet_b0,false,,,,,,case_bucket,adversarial_high_conf_failure,3,,adversarial_high_conf_failure,Adversarial transformation caused a high-confidence failure.,P2_non_weapon_to_weapon,efficientnet_b0,fold_1,perturbed,adversarial,sigma_zero,non_weapon,weapon,1.0,False,True,img_00014681,img_00014681__sigma_zero__efficientnet_b0,img_00014681__sigma_zero__efficientnet_b0,attacks/adversarial/sigma_zero/efficientnet_b0/fold_1/non_weapon/img_00014681__sigma_zero__efficientnet_b0.png,,,,,,
efficientnet_b0_chapter5_core_candidates_per_bucket_500_manual_per_bucket_3_target_predicted_label_chapter5_separate_assets_final,2026-05-23T08:10:49+00:00,efficientnet_b0__fold_1__adversarial_high_conf_failure__sigma_zero__img_00014692_sigma_zero_efficientnet_b0,false,,,,,,case_bucket,adversarial_high_conf_failure,3,,adversarial_high_conf_failure,Adversarial transformation caused a high-confidence failure.,P2_non_weapon_to_weapon,efficientnet_b0,fold_1,perturbed,adversarial,sigma_zero,non_weapon,weapon,1.0,False,True,img_00014692,img_00014692__sigma_zero__efficientnet_b0,img_00014692__sigma_zero__efficientnet_b0,attacks/adversarial/sigma_zero/efficientnet_b0/fold_1/non_weapon/img_00014692__sigma_zero__efficientnet_b0.png,,,,,,
efficientnet_b0_chapter5_core_candidates_per_bucket_500_manual_per_bucket_3_target_predicted_label_chapter5_separate_assets_final,2026-05-23T08:10:49+00:00,efficientnet_b0__fold_1__adversarial_high_conf_failure__sigma_zero__img_00014790_sigma_zero_efficientnet_b0,false,,,,,,case_bucket,adversarial_high_conf_failure,3,,adversarial_high_conf_failure,Adversarial transformation caused a high-confidence failure.,P2_non_weapon_to_weapon,efficientnet_b0,fold_1,perturbed,adversarial,sigma_zero,non_weapon,weapon,1.0,False,True,img_00014790,img_00014790__sigma_zero__efficientnet_b0,img_00014790__sigma_zero__efficientnet_b0,attacks/adversarial/sigma_zero/efficientnet_b0/fold_1/non_weapon/img_00014790__sigma_zero__efficientnet_b0.png,,,,,,
efficientnet_b0_chapter5_core_candidates_per_bucket_500_manual_per_bucket_3_target_predicted_label_chapter5_separate_assets_final,2026-05-23T08:10:49+00:00,efficientnet_b0__fold_1__adversarial_high_conf_failure__sigma_zero__img_00014803_sigma_zero_efficientnet_b0,false,,,,,,case_bucket,adversarial_high_conf_failure,3,,adversarial_high_conf_failure,Adversarial transformation caused a high-confidence failure.,P2_non_weapon_to_weapon,efficientnet_b0,fold_1,perturbed,adversarial,sigma_zero,non_weapon,weapon,1.0,False,True,img_00014803,img_00014803__sigma_zero__efficientnet_b0,img_00014803__sigma_zero__efficientnet_b0,attacks/adversarial/sigma_zero/efficientnet_b0/fold_1/non_weapon/img_00014803__sigma_zero__efficientnet_b0.png,,,,,,
efficientnet_b0_chapter5_core_candidates_per_bucket_500_manual_per_bucket_3_target_predicted_label_chapter5_separate_assets_final,2026-05-23T08:10:49+00:00,efficientnet_b0__fold_1__adversarial_high_conf_failure__sigma_zero__img_00014827_sigma_zero_efficientnet_b0,false,,,,,,case_bucket,adversarial_high_conf_failure,3,,adversarial_high_conf_failure,Adversarial transformation caused a high-confidence failure.,P2_non_weapon_to_weapon,efficientnet_b0,fold_1,perturbed,adversarial,sigma_zero,non_weapon,weapon,1.0,False,True,img_00014827,img_00014827__sigma_zero__efficientnet_b0,img_00014827__sigma_zero__efficientnet_b0,attacks/adversarial/sigma_zero/efficientnet_b0/fold_1/non_weapon/img_00014827__sigma_zero__efficientnet_b0.png,,,,,,
efficientnet_b0_chapter5_core_candidates_per_bucket_500_manual_per_bucket_3_target_predicted_label_chapter5_separate_assets_final,2026-05-23T08:10:49+00:00,efficientnet_b0__fold_1__adversarial_high_conf_failure__sigma_zero__img_00014875_sigma_zero_efficientnet_b0,false,,,,,,case_bucket,adversarial_high_conf_failure,3,,adversarial_high_conf_failure,Adversarial transformation caused a high-confidence failure.,P2_non_weapon_to_weapon,efficientnet_b0,fold_1,perturbed,adversarial,sigma_zero,non_weapon,weapon,1.0,False,True,img_00014875,img_00014875__sigma_zero__efficientnet_b0,img_00014875__sigma_zero__efficientnet_b0,attacks/adversarial/sigma_zero/efficientnet_b0/fold_1/non_weapon/img_00014875__sigma_zero__efficientnet_b0.png,,,,,,
efficientnet_b0_chapter5_core_candidates_per_bucket_500_manual_per_bucket_3_target_predicted_label_chapter5_separate_assets_final,2026-05-23T08:10:49+00:00,efficientnet_b0__fold_1__adversarial_high_conf_failure__sigma_zero__img_00014879_sigma_zero_efficientnet_b0,false,,,,,,case_bucket,adversarial_high_conf_failure,3,,adversarial_high_conf_failure,Adversarial transformation caused a high-confidence failure.,P2_non_weapon_to_weapon,efficientnet_b0,fold_1,perturbed,adversarial,sigma_zero,non_weapon,weapon,1.0,False,True,img_00014879,img_00014879__sigma_zero__efficientnet_b0,img_00014879__sigma_zero__efficientnet_b0,attacks/adversarial/sigma_zero/efficientnet_b0/fold_1/non_weapon/img_00014879__sigma_zero__efficientnet_b0.png,,,,,,
efficientnet_b0_chapter5_core_candidates_per_bucket_500_manual_per_bucket_3_target_predicted_label_chapter5_separate_assets_final,2026-05-23T08:10:49+00:00,efficientnet_b0__fold_1__adversarial_high_conf_failure__sigma_zero__img_00014934_sigma_zero_efficientnet_b0,false,,,,,,case_bucket,adversarial_high_conf_failure,3,,adversarial_high_conf_failure,Adversarial transformation caused a high-confidence failure.,P2_non_weapon_to_weapon,efficientnet_b0,fold_1,perturbed,adversarial,sigma_zero,non_weapon,weapon,1.0,False,True,img_00014934,img_00014934__sigma_zero__efficientnet_b0,img_00014934__sigma_zero__efficientnet_b0,attacks/adversarial/sigma_zero/efficientnet_b0/fold_1/non_weapon/img_00014934__sigma_zero__efficientnet_b0.png,,,,,,
efficientnet_b0_chapter5_core_candidates_per_bucket_500_manual_per_bucket_3_target_predicted_label_chapter5_separate_assets_final,2026-05-23T08:10:49+00:00,efficientnet_b0__fold_1__adversarial_high_conf_failure__sigma_zero__img_00014959_sigma_zero_efficientnet_b0,false,,,,,,case_bucket,adversarial_high_conf_failure,3,,adversarial_high_conf_failure,Adversarial transformation caused a high-confidence failure.,P2_non_weapon_to_weapon,efficientnet_b0,fold_1,perturbed,adversarial,sigma_zero,non_weapon,weapon,1.0,False,True,img_00014959,img_00014959__sigma_zero__efficientnet_b0,img_00014959__sigma_zero__efficientnet_b0,attacks/adversarial/sigma_zero/efficientnet_b0/fold_1/non_weapon/img_00014959__sigma_zero__efficientnet_b0.png,,,,,,
efficientnet_b0_chapter5_core_candidates_per_bucket_500_manual_per_bucket_3_target_predicted_label_chapter5_separate_assets_final,2026-05-23T08:10:49+00:00,efficientnet_b0__fold_1__adversarial_high_conf_failure__sigma_zero__img_00014978_sigma_zero_efficientnet_b0,false,,,,,,case_bucket,adversarial_high_conf_failure,3,,adversarial_high_conf_failure,Adversarial transformation caused a high-confidence failure.,P2_non_weapon_to_weapon,efficientnet_b0,fold_1,perturbed,adversarial,sigma_zero,non_weapon,weapon,1.0,False,True,img_00014978,img_00014978__sigma_zero__efficientnet_b0,img_00014978__sigma_zero__efficientnet_b0,attacks/adversarial/sigma_zero/efficientnet_b0/fold_1/non_weapon/img_00014978__sigma_zero__efficientnet_b0.png,,,,,,
efficientnet_b0_chapter5_core_candidates_per_bucket_500_manual_per_bucket_3_target_predicted_label_chapter5_separate_assets_final,2026-05-23T08:10:49+00:00,efficientnet_b0__fold_1__adversarial_high_conf_failure__sigma_zero__img_00015024_sigma_zero_efficientnet_b0,false,,,,,,case_bucket,adversarial_high_conf_failure,3,,adversarial_high_conf_failure,Adversarial transformation caused a high-confidence failure.,P2_non_weapon_to_weapon,efficientnet_b0,fold_1,perturbed,adversarial,sigma_zero,non_weapon,weapon,1.0,False,True,img_00015024,img_00015024__sigma_zero__efficientnet_b0,img_00015024__sigma_zero__efficientnet_b0,attacks/adversarial/sigma_zero/efficientnet_b0/fold_1/non_weapon/img_00015024__sigma_zero__efficientnet_b0.png,,,,,,
efficientnet_b0_chapter5_core_candidates_per_bucket_500_manual_per_bucket_3_target_predicted_label_chapter5_separate_assets_final,2026-05-23T08:10:49+00:00,efficientnet_b0__fold_1__adversarial_high_conf_failure__sigma_zero__img_00015068_sigma_zero_efficientnet_b0,false,,,,,,case_bucket,adversarial_high_conf_failure,3,,adversarial_high_conf_failure,Adversarial transformation caused a high-confidence failure.,P2_non_weapon_to_weapon,efficientnet_b0,fold_1,perturbed,adversarial,sigma_zero,non_weapon,weapon,1.0,False,True,img_00015068,img_00015068__sigma_zero__efficientnet_b0,img_00015068__sigma_zero__efficientnet_b0,attacks/adversarial/sigma_zero/efficientnet_b0/fold_1/non_weapon/img_00015068__sigma_zero__efficientnet_b0.png,,,,,,
efficientnet_b0_chapter5_core_candidates_per_bucket_500_manual_per_bucket_3_target_predicted_label_chapter5_separate_assets_final,2026-05-23T08:10:49+00:00,efficientnet_b0__fold_1__adversarial_high_conf_failure__sigma_zero__img_00015084_sigma_zero_efficientnet_b0,false,,,,,,case_bucket,adversarial_high_conf_failure,3,,adversarial_high_conf_failure,Adversarial transformation caused a high-confidence failure.,P2_non_weapon_to_weapon,efficientnet_b0,fold_1,perturbed,adversarial,sigma_zero,non_weapon,weapon,1.0,False,True,img_00015084,img_00015084__sigma_zero__efficientnet_b0,img_00015084__sigma_zero__efficientnet_b0,attacks/adversarial/sigma_zero/efficientnet_b0/fold_1/non_weapon/img_00015084__sigma_zero__efficientnet_b0.png,,,,,,
efficientnet_b0_chapter5_core_candidates_per_bucket_500_manual_per_bucket_3_target_predicted_label_chapter5_separate_assets_final,2026-05-23T08:10:49+00:00,efficientnet_b0__fold_1__adversarial_high_conf_failure__sigma_zero__img_00015137_sigma_zero_efficientnet_b0,false,,,,,,case_bucket,adversarial_high_conf_failure,3,,adversarial_high_conf_failure,Adversarial transformation caused a high-confidence failure.,P2_non_weapon_to_weapon,efficientnet_b0,fold_1,perturbed,adversarial,sigma_zero,non_weapon,weapon,1.0,False,True,img_00015137,img_00015137__sigma_zero__efficientnet_b0,img_00015137__sigma_zero__efficientnet_b0,attacks/adversarial/sigma_zero/efficientnet_b0/fold_1/non_weapon/img_00015137__sigma_zero__efficientnet_b0.png,,,,,,
efficientnet_b0_chapter5_core_candidates_per_bucket_500_manual_per_bucket_3_target_predicted_label_chapter5_separate_assets_final,2026-05-23T08:10:49+00:00,efficientnet_b0__fold_1__adversarial_high_conf_failure__sigma_zero__img_00015157_sigma_zero_efficientnet_b0,false,,,,,,case_bucket,adversarial_high_conf_failure,3,,adversarial_high_conf_failure,Adversarial transformation caused a high-confidence failure.,P2_non_weapon_to_weapon,efficientnet_b0,fold_1,perturbed,adversarial,sigma_zero,non_weapon,weapon,1.0,False,True,img_00015157,img_00015157__sigma_zero__efficientnet_b0,img_00015157__sigma_zero__efficientnet_b0,attacks/adversarial/sigma_zero/efficientnet_b0/fold_1/non_weapon/img_00015157__sigma_zero__efficientnet_b0.png,,,,,,
efficientnet_b0_chapter5_core_candidates_per_bucket_500_manual_per_bucket_3_target_predicted_label_chapter5_separate_assets_final,2026-05-23T08:10:49+00:00,efficientnet_b0__fold_1__adversarial_high_conf_failure__sigma_zero__img_00015169_sigma_zero_efficientnet_b0,false,,,,,,case_bucket,adversarial_high_conf_failure,3,,adversarial_high_conf_failure,Adversarial transformation caused a high-confidence failure.,P2_non_weapon_to_weapon,efficientnet_b0,fold_1,perturbed,adversarial,sigma_zero,non_weapon,weapon,1.0,False,True,img_00015169,img_00015169__sigma_zero__efficientnet_b0,img_00015169__sigma_zero__efficientnet_b0,attacks/adversarial/sigma_zero/efficientnet_b0/fold_1/non_weapon/img_00015169__sigma_zero__efficientnet_b0.png,,,,,,
efficientnet_b0_chapter5_core_candidates_per_bucket_500_manual_per_bucket_3_target_predicted_label_chapter5_separate_assets_final,2026-05-23T08:10:49+00:00,efficientnet_b0__fold_1__adversarial_high_conf_failure__sigma_zero__img_00015176_sigma_zero_efficientnet_b0,false,,,,,,case_bucket,adversarial_high_conf_failure,3,,adversarial_high_conf_failure,Adversarial transformation caused a high-confidence failure.,P2_non_weapon_to_weapon,efficientnet_b0,fold_1,perturbed,adversarial,sigma_zero,non_weapon,weapon,1.0,False,True,img_00015176,img_00015176__sigma_zero__efficientnet_b0,img_00015176__sigma_zero__efficientnet_b0,attacks/adversarial/sigma_zero/efficientnet_b0/fold_1/non_weapon/img_00015176__sigma_zero__efficientnet_b0.png,,,,,,
efficientnet_b0_chapter5_core_candidates_per_bucket_500_manual_per_bucket_3_target_predicted_label_chapter5_separate_assets_final,2026-05-23T08:10:49+00:00,efficientnet_b0__fold_1__adversarial_high_conf_failure__sigma_zero__img_00015190_sigma_zero_efficientnet_b0,false,,,,,,case_bucket,adversarial_high_conf_failure,3,,adversarial_high_conf_failure,Adversarial transformation caused a high-confidence failure.,P2_non_weapon_to_weapon,efficientnet_b0,fold_1,perturbed,adversarial,sigma_zero,non_weapon,weapon,1.0,False,True,img_00015190,img_00015190__sigma_zero__efficientnet_b0,img_00015190__sigma_zero__efficientnet_b0,attacks/adversarial/sigma_zero/efficientnet_b0/fold_1/non_weapon/img_00015190__sigma_zero__efficientnet_b0.png,,,,,,
efficientnet_b0_chapter5_core_candidates_per_bucket_500_manual_per_bucket_3_target_predicted_label_chapter5_separate_assets_final,2026-05-23T08:10:49+00:00,efficientnet_b0__fold_1__adversarial_high_conf_failure__sigma_zero__img_00015192_sigma_zero_efficientnet_b0,false,,,,,,case_bucket,adversarial_high_conf_failure,3,,adversarial_high_conf_failure,Adversarial transformation caused a high-confidence failure.,P2_non_weapon_to_weapon,efficientnet_b0,fold_1,perturbed,adversarial,sigma_zero,non_weapon,weapon,1.0,False,True,img_00015192,img_00015192__sigma_zero__efficientnet_b0,img_00015192__sigma_zero__efficientnet_b0,attacks/adversarial/sigma_zero/efficientnet_b0/fold_1/non_weapon/img_00015192__sigma_zero__efficientnet_b0.png,,,,,,
efficientnet_b0_chapter5_core_candidates_per_bucket_500_manual_per_bucket_3_target_predicted_label_chapter5_separate_assets_final,2026-05-23T08:10:49+00:00,efficientnet_b0__fold_1__adversarial_high_conf_failure__sigma_zero__img_00015221_sigma_zero_efficientnet_b0,false,,,,,,case_bucket,adversarial_high_conf_failure,3,,adversarial_high_conf_failure,Adversarial transformation caused a high-confidence failure.,P2_non_weapon_to_weapon,efficientnet_b0,fold_1,perturbed,adversarial,sigma_zero,non_weapon,weapon,1.0,False,True,img_00015221,img_00015221__sigma_zero__efficientnet_b0,img_00015221__sigma_zero__efficientnet_b0,attacks/adversarial/sigma_zero/efficientnet_b0/fold_1/non_weapon/img_00015221__sigma_zero__efficientnet_b0.png,,,,,,
efficientnet_b0_chapter5_core_candidates_per_bucket_500_manual_per_bucket_3_target_predicted_label_chapter5_separate_assets_final,2026-05-23T08:10:49+00:00,efficientnet_b0__fold_1__adversarial_high_conf_failure__sigma_zero__img_00015288_sigma_zero_efficientnet_b0,false,,,,,,case_bucket,adversarial_high_conf_failure,3,,adversarial_high_conf_failure,Adversarial transformation caused a high-confidence failure.,P2_non_weapon_to_weapon,efficientnet_b0,fold_1,perturbed,adversarial,sigma_zero,non_weapon,weapon,1.0,False,True,img_00015288,img_00015288__sigma_zero__efficientnet_b0,img_00015288__sigma_zero__efficientnet_b0,attacks/adversarial/sigma_zero/efficientnet_b0/fold_1/non_weapon/img_00015288__sigma_zero__efficientnet_b0.png,,,,,,
efficientnet_b0_chapter5_core_candidates_per_bucket_500_manual_per_bucket_3_target_predicted_label_chapter5_separate_assets_final,2026-05-23T08:10:49+00:00,efficientnet_b0__fold_2__adversarial_high_conf_failure__sigma_zero__img_00012936_sigma_zero_efficientnet_b0,false,,,,,,case_bucket,adversarial_high_conf_failure,3,,adversarial_high_conf_failure,Adversarial transformation caused a high-confidence failure.,P2_non_weapon_to_weapon,efficientnet_b0,fold_2,perturbed,adversarial,sigma_zero,non_weapon,weapon,1.0,False,True,img_00012936,img_00012936__sigma_zero__efficientnet_b0,img_00012936__sigma_zero__efficientnet_b0,attacks/adversarial/sigma_zero/efficientnet_b0/fold_2/non_weapon/img_00012936__sigma_zero__efficientnet_b0.png,,,,,,
efficientnet_b0_chapter5_core_candidates_per_bucket_500_manual_per_bucket_3_target_predicted_label_chapter5_separate_assets_final,2026-05-23T08:10:49+00:00,efficientnet_b0__fold_2__adversarial_high_conf_failure__sigma_zero__img_00013087_sigma_zero_efficientnet_b0,false,,,,,,case_bucket,adversarial_high_conf_failure,3,,adversarial_high_conf_failure,Adversarial transformation caused a high-confidence failure.,P2_non_weapon_to_weapon,efficientnet_b0,fold_2,perturbed,adversarial,sigma_zero,non_weapon,weapon,1.0,False,True,img_00013087,img_00013087__sigma_zero__efficientnet_b0,img_00013087__sigma_zero__efficientnet_b0,attacks/adversarial/sigma_zero/efficientnet_b0/fold_2/non_weapon/img_00013087__sigma_zero__efficientnet_b0.png,,,,,,
efficientnet_b0_chapter5_core_candidates_per_bucket_500_manual_per_bucket_3_target_predicted_label_chapter5_separate_assets_final,2026-05-23T08:10:49+00:00,efficientnet_b0__fold_2__adversarial_high_conf_failure__sigma_zero__img_00013099_sigma_zero_efficientnet_b0,false,,,,,,case_bucket,adversarial_high_conf_failure,3,,adversarial_high_conf_failure,Adversarial transformation caused a high-confidence failure.,P2_non_weapon_to_weapon,efficientnet_b0,fold_2,perturbed,adversarial,sigma_zero,non_weapon,weapon,1.0,False,True,img_00013099,img_00013099__sigma_zero__efficientnet_b0,img_00013099__sigma_zero__efficientnet_b0,attacks/adversarial/sigma_zero/efficientnet_b0/fold_2/non_weapon/img_00013099__sigma_zero__efficientnet_b0.png,,,,,,
efficientnet_b0_chapter5_core_candidates_per_bucket_500_manual_per_bucket_3_target_predicted_label_chapter5_separate_assets_final,2026-05-23T08:10:49+00:00,efficientnet_b0__fold_2__adversarial_high_conf_failure__sigma_zero__img_00013353_sigma_zero_efficientnet_b0,false,,,,,,case_bucket,adversarial_high_conf_failure,3,,adversarial_high_conf_failure,Adversarial transformation caused a high-confidence failure.,P2_non_weapon_to_weapon,efficientnet_b0,fold_2,perturbed,adversarial,sigma_zero,non_weapon,weapon,1.0,False,True,img_00013353,img_00013353__sigma_zero__efficientnet_b0,img_00013353__sigma_zero__efficientnet_b0,attacks/adversarial/sigma_zero/efficientnet_b0/fold_2/non_weapon/img_00013353__sigma_zero__efficientnet_b0.png,,,,,,
efficientnet_b0_chapter5_core_candidates_per_bucket_500_manual_per_bucket_3_target_predicted_label_chapter5_separate_assets_final,2026-05-23T08:10:49+00:00,efficientnet_b0__fold_2__adversarial_high_conf_failure__sigma_zero__img_00013506_sigma_zero_efficientnet_b0,false,,,,,,case_bucket,adversarial_high_conf_failure,3,,adversarial_high_conf_failure,Adversarial transformation caused a high-confidence failure.,P2_non_weapon_to_weapon,efficientnet_b0,fold_2,perturbed,adversarial,sigma_zero,non_weapon,weapon,1.0,False,True,img_00013506,img_00013506__sigma_zero__efficientnet_b0,img_00013506__sigma_zero__efficientnet_b0,attacks/adversarial/sigma_zero/efficientnet_b0/fold_2/non_weapon/img_00013506__sigma_zero__efficientnet_b0.png,,,,,,
efficientnet_b0_chapter5_core_candidates_per_bucket_500_manual_per_bucket_3_target_predicted_label_chapter5_separate_assets_final,2026-05-23T08:10:49+00:00,efficientnet_b0__fold_2__adversarial_high_conf_failure__sigma_zero__img_00013519_sigma_zero_efficientnet_b0,false,,,,,,case_bucket,adversarial_high_conf_failure,3,,adversarial_high_conf_failure,Adversarial transformation caused a high-confidence failure.,P2_non_weapon_to_weapon,efficientnet_b0,fold_2,perturbed,adversarial,sigma_zero,non_weapon,weapon,1.0,False,True,img_00013519,img_00013519__sigma_zero__efficientnet_b0,img_00013519__sigma_zero__efficientnet_b0,attacks/adversarial/sigma_zero/efficientnet_b0/fold_2/non_weapon/img_00013519__sigma_zero__efficientnet_b0.png,,,,,,
efficientnet_b0_chapter5_core_candidates_per_bucket_500_manual_per_bucket_3_target_predicted_label_chapter5_separate_assets_final,2026-05-23T08:10:49+00:00,efficientnet_b0__fold_2__adversarial_high_conf_failure__sigma_zero__img_00013524_sigma_zero_efficientnet_b0,false,,,,,,case_bucket,adversarial_high_conf_failure,3,,adversarial_high_conf_failure,Adversarial transformation caused a high-confidence failure.,P2_non_weapon_to_weapon,efficientnet_b0,fold_2,perturbed,adversarial,sigma_zero,non_weapon,weapon,1.0,False,True,img_00013524,img_00013524__sigma_zero__efficientnet_b0,img_00013524__sigma_zero__efficientnet_b0,attacks/adversarial/sigma_zero/efficientnet_b0/fold_2/non_weapon/img_00013524__sigma_zero__efficientnet_b0.png,,,,,,
efficientnet_b0_chapter5_core_candidates_per_bucket_500_manual_per_bucket_3_target_predicted_label_chapter5_separate_assets_final,2026-05-23T08:10:49+00:00,efficientnet_b0__fold_2__adversarial_high_conf_failure__sigma_zero__img_00013650_sigma_zero_efficientnet_b0,false,,,,,,case_bucket,adversarial_high_conf_failure,3,,adversarial_high_conf_failure,Adversarial transformation caused a high-confidence failure.,P2_non_weapon_to_weapon,efficientnet_b0,fold_2,perturbed,adversarial,sigma_zero,non_weapon,weapon,1.0,False,True,img_00013650,img_00013650__sigma_zero__efficientnet_b0,img_00013650__sigma_zero__efficientnet_b0,attacks/adversarial/sigma_zero/efficientnet_b0/fold_2/non_weapon/img_00013650__sigma_zero__efficientnet_b0.png,,,,,,
efficientnet_b0_chapter5_core_candidates_per_bucket_500_manual_per_bucket_3_target_predicted_label_chapter5_separate_assets_final,2026-05-23T08:10:49+00:00,efficientnet_b0__fold_2__adversarial_high_conf_failure__sigma_zero__img_00013938_sigma_zero_efficientnet_b0,false,,,,,,case_bucket,adversarial_high_conf_failure,3,,adversarial_high_conf_failure,Adversarial transformation caused a high-confidence failure.,P2_non_weapon_to_weapon,efficientnet_b0,fold_2,perturbed,adversarial,sigma_zero,non_weapon,weapon,1.0,False,True,img_00013938,img_00013938__sigma_zero__efficientnet_b0,img_00013938__sigma_zero__efficientnet_b0,attacks/adversarial/sigma_zero/efficientnet_b0/fold_2/non_weapon/img_00013938__sigma_zero__efficientnet_b0.png,,,,,,
efficientnet_b0_chapter5_core_candidates_per_bucket_500_manual_per_bucket_3_target_predicted_label_chapter5_separate_assets_final,2026-05-23T08:10:49+00:00,efficientnet_b0__fold_2__adversarial_high_conf_failure__sigma_zero__img_00014268_sigma_zero_efficientnet_b0,false,,,,,,case_bucket,adversarial_high_conf_failure,3,,adversarial_high_conf_failure,Adversarial transformation caused a high-confidence failure.,P2_non_weapon_to_weapon,efficientnet_b0,fold_2,perturbed,adversarial,sigma_zero,non_weapon,weapon,1.0,False,True,img_00014268,img_00014268__sigma_zero__efficientnet_b0,img_00014268__sigma_zero__efficientnet_b0,attacks/adversarial/sigma_zero/efficientnet_b0/fold_2/non_weapon/img_00014268__sigma_zero__efficientnet_b0.png,,,,,,
efficientnet_b0_chapter5_core_candidates_per_bucket_500_manual_per_bucket_3_target_predicted_label_chapter5_separate_assets_final,2026-05-23T08:10:49+00:00,efficientnet_b0__fold_2__adversarial_high_conf_failure__sigma_zero__img_00014404_sigma_zero_efficientnet_b0,false,,,,,,case_bucket,adversarial_high_conf_failure,3,,adversarial_high_conf_failure,Adversarial transformation caused a high-confidence failure.,P2_non_weapon_to_weapon,efficientnet_b0,fold_2,perturbed,adversarial,sigma_zero,non_weapon,weapon,1.0,False,True,img_00014404,img_00014404__sigma_zero__efficientnet_b0,img_00014404__sigma_zero__efficientnet_b0,attacks/adversarial/sigma_zero/efficientnet_b0/fold_2/non_weapon/img_00014404__sigma_zero__efficientnet_b0.png,,,,,,
efficientnet_b0_chapter5_core_candidates_per_bucket_500_manual_per_bucket_3_target_predicted_label_chapter5_separate_assets_final,2026-05-23T08:10:49+00:00,efficientnet_b0__fold_2__adversarial_high_conf_failure__sigma_zero__img_00014428_sigma_zero_efficientnet_b0,false,,,,,,case_bucket,adversarial_high_conf_failure,3,,adversarial_high_conf_failure,Adversarial transformation caused a high-confidence failure.,P2_non_weapon_to_weapon,efficientnet_b0,fold_2,perturbed,adversarial,sigma_zero,non_weapon,weapon,1.0,False,True,img_00014428,img_00014428__sigma_zero__efficientnet_b0,img_00014428__sigma_zero__efficientnet_b0,attacks/adversarial/sigma_zero/efficientnet_b0/fold_2/non_weapon/img_00014428__sigma_zero__efficientnet_b0.png,,,,,,
efficientnet_b0_chapter5_core_candidates_per_bucket_500_manual_per_bucket_3_target_predicted_label_chapter5_separate_assets_final,2026-05-23T08:10:49+00:00,efficientnet_b0__fold_2__adversarial_high_conf_failure__sigma_zero__img_00014443_sigma_zero_efficientnet_b0,false,,,,,,case_bucket,adversarial_high_conf_failure,3,,adversarial_high_conf_failure,Adversarial transformation caused a high-confidence failure.,P2_non_weapon_to_weapon,efficientnet_b0,fold_2,perturbed,adversarial,sigma_zero,non_weapon,weapon,1.0,False,True,img_00014443,img_00014443__sigma_zero__efficientnet_b0,img_00014443__sigma_zero__efficientnet_b0,attacks/adversarial/sigma_zero/efficientnet_b0/fold_2/non_weapon/img_00014443__sigma_zero__efficientnet_b0.png,,,,,,
efficientnet_b0_chapter5_core_candidates_per_bucket_500_manual_per_bucket_3_target_predicted_label_chapter5_separate_assets_final,2026-05-23T08:10:49+00:00,efficientnet_b0__fold_2__adversarial_high_conf_failure__sigma_zero__img_00014480_sigma_zero_efficientnet_b0,false,,,,,,case_bucket,adversarial_high_conf_failure,3,,adversarial_high_conf_failure,Adversarial transformation caused a high-confidence failure.,P2_non_weapon_to_weapon,efficientnet_b0,fold_2,perturbed,adversarial,sigma_zero,non_weapon,weapon,1.0,False,True,img_00014480,img_00014480__sigma_zero__efficientnet_b0,img_00014480__sigma_zero__efficientnet_b0,attacks/adversarial/sigma_zero/efficientnet_b0/fold_2/non_weapon/img_00014480__sigma_zero__efficientnet_b0.png,,,,,,
efficientnet_b0_chapter5_core_candidates_per_bucket_500_manual_per_bucket_3_target_predicted_label_chapter5_separate_assets_final,2026-05-23T08:10:49+00:00,efficientnet_b0__fold_2__adversarial_high_conf_failure__sigma_zero__img_00014503_sigma_zero_efficientnet_b0,false,,,,,,case_bucket,adversarial_high_conf_failure,3,,adversarial_high_conf_failure,Adversarial transformation caused a high-confidence failure.,P2_non_weapon_to_weapon,efficientnet_b0,fold_2,perturbed,adversarial,sigma_zero,non_weapon,weapon,1.0,False,True,img_00014503,img_00014503__sigma_zero__efficientnet_b0,img_00014503__sigma_zero__efficientnet_b0,attacks/adversarial/sigma_zero/efficientnet_b0/fold_2/non_weapon/img_00014503__sigma_zero__efficientnet_b0.png,,,,,,
efficientnet_b0_chapter5_core_candidates_per_bucket_500_manual_per_bucket_3_target_predicted_label_chapter5_separate_assets_final,2026-05-23T08:10:49+00:00,efficientnet_b0__fold_2__adversarial_high_conf_failure__sigma_zero__img_00014506_sigma_zero_efficientnet_b0,false,,,,,,case_bucket,adversarial_high_conf_failure,3,,adversarial_high_conf_failure,Adversarial transformation caused a high-confidence failure.,P2_non_weapon_to_weapon,efficientnet_b0,fold_2,perturbed,adversarial,sigma_zero,non_weapon,weapon,1.0,False,True,img_00014506,img_00014506__sigma_zero__efficientnet_b0,img_00014506__sigma_zero__efficientnet_b0,attacks/adversarial/sigma_zero/efficientnet_b0/fold_2/non_weapon/img_00014506__sigma_zero__efficientnet_b0.png,,,,,,
efficientnet_b0_chapter5_core_candidates_per_bucket_500_manual_per_bucket_3_target_predicted_label_chapter5_separate_assets_final,2026-05-23T08:10:49+00:00,efficientnet_b0__fold_2__adversarial_high_conf_failure__sigma_zero__img_00014514_sigma_zero_efficientnet_b0,false,,,,,,case_bucket,adversarial_high_conf_failure,3,,adversarial_high_conf_failure,Adversarial transformation caused a high-confidence failure.,P2_non_weapon_to_weapon,efficientnet_b0,fold_2,perturbed,adversarial,sigma_zero,non_weapon,weapon,1.0,False,True,img_00014514,img_00014514__sigma_zero__efficientnet_b0,img_00014514__sigma_zero__efficientnet_b0,attacks/adversarial/sigma_zero/efficientnet_b0/fold_2/non_weapon/img_00014514__sigma_zero__efficientnet_b0.png,,,,,,
efficientnet_b0_chapter5_core_candidates_per_bucket_500_manual_per_bucket_3_target_predicted_label_chapter5_separate_assets_final,2026-05-23T08:10:49+00:00,efficientnet_b0__fold_2__adversarial_high_conf_failure__sigma_zero__img_00014525_sigma_zero_efficientnet_b0,false,,,,,,case_bucket,adversarial_high_conf_failure,3,,adversarial_high_conf_failure,Adversarial transformation caused a high-confidence failure.,P2_non_weapon_to_weapon,efficientnet_b0,fold_2,perturbed,adversarial,sigma_zero,non_weapon,weapon,1.0,False,True,img_00014525,img_00014525__sigma_zero__efficientnet_b0,img_00014525__sigma_zero__efficientnet_b0,attacks/adversarial/sigma_zero/efficientnet_b0/fold_2/non_weapon/img_00014525__sigma_zero__efficientnet_b0.png,,,,,,
efficientnet_b0_chapter5_core_candidates_per_bucket_500_manual_per_bucket_3_target_predicted_label_chapter5_separate_assets_final,2026-05-23T08:10:49+00:00,efficientnet_b0__fold_2__adversarial_high_conf_failure__sigma_zero__img_00014568_sigma_zero_efficientnet_b0,false,,,,,,case_bucket,adversarial_high_conf_failure,3,,adversarial_high_conf_failure,Adversarial transformation caused a high-confidence failure.,P2_non_weapon_to_weapon,efficientnet_b0,fold_2,perturbed,adversarial,sigma_zero,non_weapon,weapon,1.0,False,True,img_00014568,img_00014568__sigma_zero__efficientnet_b0,img_00014568__sigma_zero__efficientnet_b0,attacks/adversarial/sigma_zero/efficientnet_b0/fold_2/non_weapon/img_00014568__sigma_zero__efficientnet_b0.png,,,,,,
efficientnet_b0_chapter5_core_candidates_per_bucket_500_manual_per_bucket_3_target_predicted_label_chapter5_separate_assets_final,2026-05-23T08:10:49+00:00,efficientnet_b0__fold_2__adversarial_high_conf_failure__sigma_zero__img_00014571_sigma_zero_efficientnet_b0,false,,,,,,case_bucket,adversarial_high_conf_failure,3,,adversarial_high_conf_failure,Adversarial transformation caused a high-confidence failure.,P2_non_weapon_to_weapon,efficientnet_b0,fold_2,perturbed,adversarial,sigma_zero,non_weapon,weapon,1.0,False,True,img_00014571,img_00014571__sigma_zero__efficientnet_b0,img_00014571__sigma_zero__efficientnet_b0,attacks/adversarial/sigma_zero/efficientnet_b0/fold_2/non_weapon/img_00014571__sigma_zero__efficientnet_b0.png,,,,,,
efficientnet_b0_chapter5_core_candidates_per_bucket_500_manual_per_bucket_3_target_predicted_label_chapter5_separate_assets_final,2026-05-23T08:10:49+00:00,efficientnet_b0__fold_2__adversarial_high_conf_failure__sigma_zero__img_00014580_sigma_zero_efficientnet_b0,false,,,,,,case_bucket,adversarial_high_conf_failure,3,,adversarial_high_conf_failure,Adversarial transformation caused a high-confidence failure.,P2_non_weapon_to_weapon,efficientnet_b0,fold_2,perturbed,adversarial,sigma_zero,non_weapon,weapon,1.0,False,True,img_00014580,img_00014580__sigma_zero__efficientnet_b0,img_00014580__sigma_zero__efficientnet_b0,attacks/adversarial/sigma_zero/efficientnet_b0/fold_2/non_weapon/img_00014580__sigma_zero__efficientnet_b0.png,,,,,,
efficientnet_b0_chapter5_core_candidates_per_bucket_500_manual_per_bucket_3_target_predicted_label_chapter5_separate_assets_final,2026-05-23T08:10:49+00:00,efficientnet_b0__fold_2__adversarial_high_conf_failure__sigma_zero__img_00014585_sigma_zero_efficientnet_b0,false,,,,,,case_bucket,adversarial_high_conf_failure,3,,adversarial_high_conf_failure,Adversarial transformation caused a high-confidence failure.,P2_non_weapon_to_weapon,efficientnet_b0,fold_2,perturbed,adversarial,sigma_zero,non_weapon,weapon,1.0,False,True,img_00014585,img_00014585__sigma_zero__efficientnet_b0,img_00014585__sigma_zero__efficientnet_b0,attacks/adversarial/sigma_zero/efficientnet_b0/fold_2/non_weapon/img_00014585__sigma_zero__efficientnet_b0.png,,,,,,
efficientnet_b0_chapter5_core_candidates_per_bucket_500_manual_per_bucket_3_target_predicted_label_chapter5_separate_assets_final,2026-05-23T08:10:49+00:00,efficientnet_b0__fold_2__adversarial_high_conf_failure__sigma_zero__img_00014607_sigma_zero_efficientnet_b0,false,,,,,,case_bucket,adversarial_high_conf_failure,3,,adversarial_high_conf_failure,Adversarial transformation caused a high-confidence failure.,P2_non_weapon_to_weapon,efficientnet_b0,fold_2,perturbed,adversarial,sigma_zero,non_weapon,weapon,1.0,False,True,img_00014607,img_00014607__sigma_zero__efficientnet_b0,img_00014607__sigma_zero__efficientnet_b0,attacks/adversarial/sigma_zero/efficientnet_b0/fold_2/non_weapon/img_00014607__sigma_zero__efficientnet_b0.png,,,,,,
efficientnet_b0_chapter5_core_candidates_per_bucket_500_manual_per_bucket_3_target_predicted_label_chapter5_separate_assets_final,2026-05-23T08:10:49+00:00,efficientnet_b0__fold_2__adversarial_high_conf_failure__sigma_zero__img_00014621_sigma_zero_efficientnet_b0,false,,,,,,case_bucket,adversarial_high_conf_failure,3,,adversarial_high_conf_failure,Adversarial transformation caused a high-confidence failure.,P2_non_weapon_to_weapon,efficientnet_b0,fold_2,perturbed,adversarial,sigma_zero,non_weapon,weapon,1.0,False,True,img_00014621,img_00014621__sigma_zero__efficientnet_b0,img_00014621__sigma_zero__efficientnet_b0,attacks/adversarial/sigma_zero/efficientnet_b0/fold_2/non_weapon/img_00014621__sigma_zero__efficientnet_b0.png,,,,,,
efficientnet_b0_chapter5_core_candidates_per_bucket_500_manual_per_bucket_3_target_predicted_label_chapter5_separate_assets_final,2026-05-23T08:10:49+00:00,efficientnet_b0__fold_2__adversarial_high_conf_failure__sigma_zero__img_00014631_sigma_zero_efficientnet_b0,false,,,,,,case_bucket,adversarial_high_conf_failure,3,,adversarial_high_conf_failure,Adversarial transformation caused a high-confidence failure.,P2_non_weapon_to_weapon,efficientnet_b0,fold_2,perturbed,adversarial,sigma_zero,non_weapon,weapon,1.0,False,True,img_00014631,img_00014631__sigma_zero__efficientnet_b0,img_00014631__sigma_zero__efficientnet_b0,attacks/adversarial/sigma_zero/efficientnet_b0/fold_2/non_weapon/img_00014631__sigma_zero__efficientnet_b0.png,,,,,,
efficientnet_b0_chapter5_core_candidates_per_bucket_500_manual_per_bucket_3_target_predicted_label_chapter5_separate_assets_final,2026-05-23T08:10:49+00:00,efficientnet_b0__fold_2__adversarial_high_conf_failure__sigma_zero__img_00014659_sigma_zero_efficientnet_b0,false,,,,,,case_bucket,adversarial_high_conf_failure,3,,adversarial_high_conf_failure,Adversarial transformation caused a high-confidence failure.,P2_non_weapon_to_weapon,efficientnet_b0,fold_2,perturbed,adversarial,sigma_zero,non_weapon,weapon,1.0,False,True,img_00014659,img_00014659__sigma_zero__efficientnet_b0,img_00014659__sigma_zero__efficientnet_b0,attacks/adversarial/sigma_zero/efficientnet_b0/fold_2/non_weapon/img_00014659__sigma_zero__efficientnet_b0.png,,,,,,
efficientnet_b0_chapter5_core_candidates_per_bucket_500_manual_per_bucket_3_target_predicted_label_chapter5_separate_assets_final,2026-05-23T08:10:49+00:00,efficientnet_b0__fold_2__adversarial_high_conf_failure__sigma_zero__img_00014663_sigma_zero_efficientnet_b0,false,,,,,,case_bucket,adversarial_high_conf_failure,3,,adversarial_high_conf_failure,Adversarial transformation caused a high-confidence failure.,P2_non_weapon_to_weapon,efficientnet_b0,fold_2,perturbed,adversarial,sigma_zero,non_weapon,weapon,1.0,False,True,img_00014663,img_00014663__sigma_zero__efficientnet_b0,img_00014663__sigma_zero__efficientnet_b0,attacks/adversarial/sigma_zero/efficientnet_b0/fold_2/non_weapon/img_00014663__sigma_zero__efficientnet_b0.png,,,,,,
efficientnet_b0_chapter5_core_candidates_per_bucket_500_manual_per_bucket_3_target_predicted_label_chapter5_separate_assets_final,2026-05-23T08:10:49+00:00,efficientnet_b0__fold_2__adversarial_high_conf_failure__sigma_zero__img_00014682_sigma_zero_efficientnet_b0,false,,,,,,case_bucket,adversarial_high_conf_failure,3,,adversarial_high_conf_failure,Adversarial transformation caused a high-confidence failure.,P2_non_weapon_to_weapon,efficientnet_b0,fold_2,perturbed,adversarial,sigma_zero,non_weapon,weapon,1.0,False,True,img_00014682,img_00014682__sigma_zero__efficientnet_b0,img_00014682__sigma_zero__efficientnet_b0,attacks/adversarial/sigma_zero/efficientnet_b0/fold_2/non_weapon/img_00014682__sigma_zero__efficientnet_b0.png,,,,,,
efficientnet_b0_chapter5_core_candidates_per_bucket_500_manual_per_bucket_3_target_predicted_label_chapter5_separate_assets_final,2026-05-23T08:10:49+00:00,efficientnet_b0__fold_2__adversarial_high_conf_failure__sigma_zero__img_00014702_sigma_zero_efficientnet_b0,false,,,,,,case_bucket,adversarial_high_conf_failure,3,,adversarial_high_conf_failure,Adversarial transformation caused a high-confidence failure.,P2_non_weapon_to_weapon,efficientnet_b0,fold_2,perturbed,adversarial,sigma_zero,non_weapon,weapon,1.0,False,True,img_00014702,img_00014702__sigma_zero__efficientnet_b0,img_00014702__sigma_zero__efficientnet_b0,attacks/adversarial/sigma_zero/efficientnet_b0/fold_2/non_weapon/img_00014702__sigma_zero__efficientnet_b0.png,,,,,,
efficientnet_b0_chapter5_core_candidates_per_bucket_500_manual_per_bucket_3_target_predicted_label_chapter5_separate_assets_final,2026-05-23T08:10:49+00:00,efficientnet_b0__fold_2__adversarial_high_conf_failure__sigma_zero__img_00014716_sigma_zero_efficientnet_b0,false,,,,,,case_bucket,adversarial_high_conf_failure,3,,adversarial_high_conf_failure,Adversarial transformation caused a high-confidence failure.,P2_non_weapon_to_weapon,efficientnet_b0,fold_2,perturbed,adversarial,sigma_zero,non_weapon,weapon,1.0,False,True,img_00014716,img_00014716__sigma_zero__efficientnet_b0,img_00014716__sigma_zero__efficientnet_b0,attacks/adversarial/sigma_zero/efficientnet_b0/fold_2/non_weapon/img_00014716__sigma_zero__efficientnet_b0.png,,,,,,
efficientnet_b0_chapter5_core_candidates_per_bucket_500_manual_per_bucket_3_target_predicted_label_chapter5_separate_assets_final,2026-05-23T08:10:49+00:00,efficientnet_b0__fold_2__adversarial_high_conf_failure__sigma_zero__img_00014725_sigma_zero_efficientnet_b0,false,,,,,,case_bucket,adversarial_high_conf_failure,3,,adversarial_high_conf_failure,Adversarial transformation caused a high-confidence failure.,P2_non_weapon_to_weapon,efficientnet_b0,fold_2,perturbed,adversarial,sigma_zero,non_weapon,weapon,1.0,False,True,img_00014725,img_00014725__sigma_zero__efficientnet_b0,img_00014725__sigma_zero__efficientnet_b0,attacks/adversarial/sigma_zero/efficientnet_b0/fold_2/non_weapon/img_00014725__sigma_zero__efficientnet_b0.png,,,,,,
efficientnet_b0_chapter5_core_candidates_per_bucket_500_manual_per_bucket_3_target_predicted_label_chapter5_separate_assets_final,2026-05-23T08:10:49+00:00,efficientnet_b0__fold_2__adversarial_high_conf_failure__sigma_zero__img_00014728_sigma_zero_efficientnet_b0,false,,,,,,case_bucket,adversarial_high_conf_failure,3,,adversarial_high_conf_failure,Adversarial transformation caused a high-confidence failure.,P2_non_weapon_to_weapon,efficientnet_b0,fold_2,perturbed,adversarial,sigma_zero,non_weapon,weapon,1.0,False,True,img_00014728,img_00014728__sigma_zero__efficientnet_b0,img_00014728__sigma_zero__efficientnet_b0,attacks/adversarial/sigma_zero/efficientnet_b0/fold_2/non_weapon/img_00014728__sigma_zero__efficientnet_b0.png,,,,,,
efficientnet_b0_chapter5_core_candidates_per_bucket_500_manual_per_bucket_3_target_predicted_label_chapter5_separate_assets_final,2026-05-23T08:10:49+00:00,efficientnet_b0__fold_2__adversarial_high_conf_failure__sigma_zero__img_00014731_sigma_zero_efficientnet_b0,false,,,,,,case_bucket,adversarial_high_conf_failure,3,,adversarial_high_conf_failure,Adversarial transformation caused a high-confidence failure.,P2_non_weapon_to_weapon,efficientnet_b0,fold_2,perturbed,adversarial,sigma_zero,non_weapon,weapon,1.0,False,True,img_00014731,img_00014731__sigma_zero__efficientnet_b0,img_00014731__sigma_zero__efficientnet_b0,attacks/adversarial/sigma_zero/efficientnet_b0/fold_2/non_weapon/img_00014731__sigma_zero__efficientnet_b0.png,,,,,,
efficientnet_b0_chapter5_core_candidates_per_bucket_500_manual_per_bucket_3_target_predicted_label_chapter5_separate_assets_final,2026-05-23T08:10:49+00:00,efficientnet_b0__fold_2__adversarial_high_conf_failure__sigma_zero__img_00014733_sigma_zero_efficientnet_b0,false,,,,,,case_bucket,adversarial_high_conf_failure,3,,adversarial_high_conf_failure,Adversarial transformation caused a high-confidence failure.,P2_non_weapon_to_weapon,efficientnet_b0,fold_2,perturbed,adversarial,sigma_zero,non_weapon,weapon,1.0,False,True,img_00014733,img_00014733__sigma_zero__efficientnet_b0,img_00014733__sigma_zero__efficientnet_b0,attacks/adversarial/sigma_zero/efficientnet_b0/fold_2/non_weapon/img_00014733__sigma_zero__efficientnet_b0.png,,,,,,
efficientnet_b0_chapter5_core_candidates_per_bucket_500_manual_per_bucket_3_target_predicted_label_chapter5_separate_assets_final,2026-05-23T08:10:49+00:00,efficientnet_b0__fold_2__adversarial_high_conf_failure__sigma_zero__img_00014746_sigma_zero_efficientnet_b0,false,,,,,,case_bucket,adversarial_high_conf_failure,3,,adversarial_high_conf_failure,Adversarial transformation caused a high-confidence failure.,P2_non_weapon_to_weapon,efficientnet_b0,fold_2,perturbed,adversarial,sigma_zero,non_weapon,weapon,1.0,False,True,img_00014746,img_00014746__sigma_zero__efficientnet_b0,img_00014746__sigma_zero__efficientnet_b0,attacks/adversarial/sigma_zero/efficientnet_b0/fold_2/non_weapon/img_00014746__sigma_zero__efficientnet_b0.png,,,,,,
efficientnet_b0_chapter5_core_candidates_per_bucket_500_manual_per_bucket_3_target_predicted_label_chapter5_separate_assets_final,2026-05-23T08:10:49+00:00,efficientnet_b0__fold_2__adversarial_high_conf_failure__sigma_zero__img_00014758_sigma_zero_efficientnet_b0,false,,,,,,case_bucket,adversarial_high_conf_failure,3,,adversarial_high_conf_failure,Adversarial transformation caused a high-confidence failure.,P2_non_weapon_to_weapon,efficientnet_b0,fold_2,perturbed,adversarial,sigma_zero,non_weapon,weapon,1.0,False,True,img_00014758,img_00014758__sigma_zero__efficientnet_b0,img_00014758__sigma_zero__efficientnet_b0,attacks/adversarial/sigma_zero/efficientnet_b0/fold_2/non_weapon/img_00014758__sigma_zero__efficientnet_b0.png,,,,,,
efficientnet_b0_chapter5_core_candidates_per_bucket_500_manual_per_bucket_3_target_predicted_label_chapter5_separate_assets_final,2026-05-23T08:10:49+00:00,efficientnet_b0__fold_2__adversarial_high_conf_failure__sigma_zero__img_00014771_sigma_zero_efficientnet_b0,false,,,,,,case_bucket,adversarial_high_conf_failure,3,,adversarial_high_conf_failure,Adversarial transformation caused a high-confidence failure.,P2_non_weapon_to_weapon,efficientnet_b0,fold_2,perturbed,adversarial,sigma_zero,non_weapon,weapon,1.0,False,True,img_00014771,img_00014771__sigma_zero__efficientnet_b0,img_00014771__sigma_zero__efficientnet_b0,attacks/adversarial/sigma_zero/efficientnet_b0/fold_2/non_weapon/img_00014771__sigma_zero__efficientnet_b0.png,,,,,,
efficientnet_b0_chapter5_core_candidates_per_bucket_500_manual_per_bucket_3_target_predicted_label_chapter5_separate_assets_final,2026-05-23T08:10:49+00:00,efficientnet_b0__fold_2__adversarial_high_conf_failure__sigma_zero__img_00014773_sigma_zero_efficientnet_b0,false,,,,,,case_bucket,adversarial_high_conf_failure,3,,adversarial_high_conf_failure,Adversarial transformation caused a high-confidence failure.,P2_non_weapon_to_weapon,efficientnet_b0,fold_2,perturbed,adversarial,sigma_zero,non_weapon,weapon,1.0,False,True,img_00014773,img_00014773__sigma_zero__efficientnet_b0,img_00014773__sigma_zero__efficientnet_b0,attacks/adversarial/sigma_zero/efficientnet_b0/fold_2/non_weapon/img_00014773__sigma_zero__efficientnet_b0.png,,,,,,
efficientnet_b0_chapter5_core_candidates_per_bucket_500_manual_per_bucket_3_target_predicted_label_chapter5_separate_assets_final,2026-05-23T08:10:49+00:00,efficientnet_b0__fold_2__adversarial_high_conf_failure__sigma_zero__img_00014779_sigma_zero_efficientnet_b0,false,,,,,,case_bucket,adversarial_high_conf_failure,3,,adversarial_high_conf_failure,Adversarial transformation caused a high-confidence failure.,P2_non_weapon_to_weapon,efficientnet_b0,fold_2,perturbed,adversarial,sigma_zero,non_weapon,weapon,1.0,False,True,img_00014779,img_00014779__sigma_zero__efficientnet_b0,img_00014779__sigma_zero__efficientnet_b0,attacks/adversarial/sigma_zero/efficientnet_b0/fold_2/non_weapon/img_00014779__sigma_zero__efficientnet_b0.png,,,,,,
efficientnet_b0_chapter5_core_candidates_per_bucket_500_manual_per_bucket_3_target_predicted_label_chapter5_separate_assets_final,2026-05-23T08:10:49+00:00,efficientnet_b0__fold_2__adversarial_high_conf_failure__sigma_zero__img_00014780_sigma_zero_efficientnet_b0,false,,,,,,case_bucket,adversarial_high_conf_failure,3,,adversarial_high_conf_failure,Adversarial transformation caused a high-confidence failure.,P2_non_weapon_to_weapon,efficientnet_b0,fold_2,perturbed,adversarial,sigma_zero,non_weapon,weapon,1.0,False,True,img_00014780,img_00014780__sigma_zero__efficientnet_b0,img_00014780__sigma_zero__efficientnet_b0,attacks/adversarial/sigma_zero/efficientnet_b0/fold_2/non_weapon/img_00014780__sigma_zero__efficientnet_b0.png,,,,,,
efficientnet_b0_chapter5_core_candidates_per_bucket_500_manual_per_bucket_3_target_predicted_label_chapter5_separate_assets_final,2026-05-23T08:10:49+00:00,efficientnet_b0__fold_2__adversarial_high_conf_failure__sigma_zero__img_00014799_sigma_zero_efficientnet_b0,false,,,,,,case_bucket,adversarial_high_conf_failure,3,,adversarial_high_conf_failure,Adversarial transformation caused a high-confidence failure.,P2_non_weapon_to_weapon,efficientnet_b0,fold_2,perturbed,adversarial,sigma_zero,non_weapon,weapon,1.0,False,True,img_00014799,img_00014799__sigma_zero__efficientnet_b0,img_00014799__sigma_zero__efficientnet_b0,attacks/adversarial/sigma_zero/efficientnet_b0/fold_2/non_weapon/img_00014799__sigma_zero__efficientnet_b0.png,,,,,,
efficientnet_b0_chapter5_core_candidates_per_bucket_500_manual_per_bucket_3_target_predicted_label_chapter5_separate_assets_final,2026-05-23T08:10:49+00:00,efficientnet_b0__fold_2__adversarial_high_conf_failure__sigma_zero__img_00014800_sigma_zero_efficientnet_b0,false,,,,,,case_bucket,adversarial_high_conf_failure,3,,adversarial_high_conf_failure,Adversarial transformation caused a high-confidence failure.,P2_non_weapon_to_weapon,efficientnet_b0,fold_2,perturbed,adversarial,sigma_zero,non_weapon,weapon,1.0,False,True,img_00014800,img_00014800__sigma_zero__efficientnet_b0,img_00014800__sigma_zero__efficientnet_b0,attacks/adversarial/sigma_zero/efficientnet_b0/fold_2/non_weapon/img_00014800__sigma_zero__efficientnet_b0.png,,,,,,
efficientnet_b0_chapter5_core_candidates_per_bucket_500_manual_per_bucket_3_target_predicted_label_chapter5_separate_assets_final,2026-05-23T08:10:49+00:00,efficientnet_b0__fold_2__adversarial_high_conf_failure__sigma_zero__img_00014808_sigma_zero_efficientnet_b0,false,,,,,,case_bucket,adversarial_high_conf_failure,3,,adversarial_high_conf_failure,Adversarial transformation caused a high-confidence failure.,P2_non_weapon_to_weapon,efficientnet_b0,fold_2,perturbed,adversarial,sigma_zero,non_weapon,weapon,1.0,False,True,img_00014808,img_00014808__sigma_zero__efficientnet_b0,img_00014808__sigma_zero__efficientnet_b0,attacks/adversarial/sigma_zero/efficientnet_b0/fold_2/non_weapon/img_00014808__sigma_zero__efficientnet_b0.png,,,,,,
efficientnet_b0_chapter5_core_candidates_per_bucket_500_manual_per_bucket_3_target_predicted_label_chapter5_separate_assets_final,2026-05-23T08:10:49+00:00,efficientnet_b0__fold_2__adversarial_high_conf_failure__sigma_zero__img_00014815_sigma_zero_efficientnet_b0,false,,,,,,case_bucket,adversarial_high_conf_failure,3,,adversarial_high_conf_failure,Adversarial transformation caused a high-confidence failure.,P2_non_weapon_to_weapon,efficientnet_b0,fold_2,perturbed,adversarial,sigma_zero,non_weapon,weapon,1.0,False,True,img_00014815,img_00014815__sigma_zero__efficientnet_b0,img_00014815__sigma_zero__efficientnet_b0,attacks/adversarial/sigma_zero/efficientnet_b0/fold_2/non_weapon/img_00014815__sigma_zero__efficientnet_b0.png,,,,,,
efficientnet_b0_chapter5_core_candidates_per_bucket_500_manual_per_bucket_3_target_predicted_label_chapter5_separate_assets_final,2026-05-23T08:10:49+00:00,efficientnet_b0__fold_2__adversarial_high_conf_failure__sigma_zero__img_00014819_sigma_zero_efficientnet_b0,false,,,,,,case_bucket,adversarial_high_conf_failure,3,,adversarial_high_conf_failure,Adversarial transformation caused a high-confidence failure.,P2_non_weapon_to_weapon,efficientnet_b0,fold_2,perturbed,adversarial,sigma_zero,non_weapon,weapon,1.0,False,True,img_00014819,img_00014819__sigma_zero__efficientnet_b0,img_00014819__sigma_zero__efficientnet_b0,attacks/adversarial/sigma_zero/efficientnet_b0/fold_2/non_weapon/img_00014819__sigma_zero__efficientnet_b0.png,,,,,,
efficientnet_b0_chapter5_core_candidates_per_bucket_500_manual_per_bucket_3_target_predicted_label_chapter5_separate_assets_final,2026-05-23T08:10:49+00:00,efficientnet_b0__fold_2__adversarial_high_conf_failure__sigma_zero__img_00014841_sigma_zero_efficientnet_b0,false,,,,,,case_bucket,adversarial_high_conf_failure,3,,adversarial_high_conf_failure,Adversarial transformation caused a high-confidence failure.,P2_non_weapon_to_weapon,efficientnet_b0,fold_2,perturbed,adversarial,sigma_zero,non_weapon,weapon,1.0,False,True,img_00014841,img_00014841__sigma_zero__efficientnet_b0,img_00014841__sigma_zero__efficientnet_b0,attacks/adversarial/sigma_zero/efficientnet_b0/fold_2/non_weapon/img_00014841__sigma_zero__efficientnet_b0.png,,,,,,
efficientnet_b0_chapter5_core_candidates_per_bucket_500_manual_per_bucket_3_target_predicted_label_chapter5_separate_assets_final,2026-05-23T08:10:49+00:00,efficientnet_b0__fold_2__adversarial_high_conf_failure__sigma_zero__img_00014848_sigma_zero_efficientnet_b0,false,,,,,,case_bucket,adversarial_high_conf_failure,3,,adversarial_high_conf_failure,Adversarial transformation caused a high-confidence failure.,P2_non_weapon_to_weapon,efficientnet_b0,fold_2,perturbed,adversarial,sigma_zero,non_weapon,weapon,1.0,False,True,img_00014848,img_00014848__sigma_zero__efficientnet_b0,img_00014848__sigma_zero__efficientnet_b0,attacks/adversarial/sigma_zero/efficientnet_b0/fold_2/non_weapon/img_00014848__sigma_zero__efficientnet_b0.png,,,,,,
efficientnet_b0_chapter5_core_candidates_per_bucket_500_manual_per_bucket_3_target_predicted_label_chapter5_separate_assets_final,2026-05-23T08:10:49+00:00,efficientnet_b0__fold_2__adversarial_high_conf_failure__sigma_zero__img_00014900_sigma_zero_efficientnet_b0,false,,,,,,case_bucket,adversarial_high_conf_failure,3,,adversarial_high_conf_failure,Adversarial transformation caused a high-confidence failure.,P2_non_weapon_to_weapon,efficientnet_b0,fold_2,perturbed,adversarial,sigma_zero,non_weapon,weapon,1.0,False,True,img_00014900,img_00014900__sigma_zero__efficientnet_b0,img_00014900__sigma_zero__efficientnet_b0,attacks/adversarial/sigma_zero/efficientnet_b0/fold_2/non_weapon/img_00014900__sigma_zero__efficientnet_b0.png,,,,,,
efficientnet_b0_chapter5_core_candidates_per_bucket_500_manual_per_bucket_3_target_predicted_label_chapter5_separate_assets_final,2026-05-23T08:10:49+00:00,efficientnet_b0__fold_2__adversarial_high_conf_failure__sigma_zero__img_00014901_sigma_zero_efficientnet_b0,false,,,,,,case_bucket,adversarial_high_conf_failure,3,,adversarial_high_conf_failure,Adversarial transformation caused a high-confidence failure.,P2_non_weapon_to_weapon,efficientnet_b0,fold_2,perturbed,adversarial,sigma_zero,non_weapon,weapon,1.0,False,True,img_00014901,img_00014901__sigma_zero__efficientnet_b0,img_00014901__sigma_zero__efficientnet_b0,attacks/adversarial/sigma_zero/efficientnet_b0/fold_2/non_weapon/img_00014901__sigma_zero__efficientnet_b0.png,,,,,,
efficientnet_b0_chapter5_core_candidates_per_bucket_500_manual_per_bucket_3_target_predicted_label_chapter5_separate_assets_final,2026-05-23T08:10:49+00:00,efficientnet_b0__fold_2__adversarial_high_conf_failure__sigma_zero__img_00014910_sigma_zero_efficientnet_b0,false,,,,,,case_bucket,adversarial_high_conf_failure,3,,adversarial_high_conf_failure,Adversarial transformation caused a high-confidence failure.,P2_non_weapon_to_weapon,efficientnet_b0,fold_2,perturbed,adversarial,sigma_zero,non_weapon,weapon,1.0,False,True,img_00014910,img_00014910__sigma_zero__efficientnet_b0,img_00014910__sigma_zero__efficientnet_b0,attacks/adversarial/sigma_zero/efficientnet_b0/fold_2/non_weapon/img_00014910__sigma_zero__efficientnet_b0.png,,,,,,
efficientnet_b0_chapter5_core_candidates_per_bucket_500_manual_per_bucket_3_target_predicted_label_chapter5_separate_assets_final,2026-05-23T08:10:49+00:00,efficientnet_b0__fold_2__adversarial_high_conf_failure__sigma_zero__img_00014923_sigma_zero_efficientnet_b0,false,,,,,,case_bucket,adversarial_high_conf_failure,3,,adversarial_high_conf_failure,Adversarial transformation caused a high-confidence failure.,P2_non_weapon_to_weapon,efficientnet_b0,fold_2,perturbed,adversarial,sigma_zero,non_weapon,weapon,1.0,False,True,img_00014923,img_00014923__sigma_zero__efficientnet_b0,img_00014923__sigma_zero__efficientnet_b0,attacks/adversarial/sigma_zero/efficientnet_b0/fold_2/non_weapon/img_00014923__sigma_zero__efficientnet_b0.png,,,,,,
efficientnet_b0_chapter5_core_candidates_per_bucket_500_manual_per_bucket_3_target_predicted_label_chapter5_separate_assets_final,2026-05-23T08:10:49+00:00,efficientnet_b0__fold_2__adversarial_high_conf_failure__sigma_zero__img_00014950_sigma_zero_efficientnet_b0,false,,,,,,case_bucket,adversarial_high_conf_failure,3,,adversarial_high_conf_failure,Adversarial transformation caused a high-confidence failure.,P2_non_weapon_to_weapon,efficientnet_b0,fold_2,perturbed,adversarial,sigma_zero,non_weapon,weapon,1.0,False,True,img_00014950,img_00014950__sigma_zero__efficientnet_b0,img_00014950__sigma_zero__efficientnet_b0,attacks/adversarial/sigma_zero/efficientnet_b0/fold_2/non_weapon/img_00014950__sigma_zero__efficientnet_b0.png,,,,,,
efficientnet_b0_chapter5_core_candidates_per_bucket_500_manual_per_bucket_3_target_predicted_label_chapter5_separate_assets_final,2026-05-23T08:10:49+00:00,efficientnet_b0__fold_2__adversarial_high_conf_failure__sigma_zero__img_00014951_sigma_zero_efficientnet_b0,false,,,,,,case_bucket,adversarial_high_conf_failure,3,,adversarial_high_conf_failure,Adversarial transformation caused a high-confidence failure.,P2_non_weapon_to_weapon,efficientnet_b0,fold_2,perturbed,adversarial,sigma_zero,non_weapon,weapon,1.0,False,True,img_00014951,img_00014951__sigma_zero__efficientnet_b0,img_00014951__sigma_zero__efficientnet_b0,attacks/adversarial/sigma_zero/efficientnet_b0/fold_2/non_weapon/img_00014951__sigma_zero__efficientnet_b0.png,,,,,,
efficientnet_b0_chapter5_core_candidates_per_bucket_500_manual_per_bucket_3_target_predicted_label_chapter5_separate_assets_final,2026-05-23T08:10:49+00:00,efficientnet_b0__fold_2__adversarial_high_conf_failure__sigma_zero__img_00014992_sigma_zero_efficientnet_b0,false,,,,,,case_bucket,adversarial_high_conf_failure,3,,adversarial_high_conf_failure,Adversarial transformation caused a high-confidence failure.,P2_non_weapon_to_weapon,efficientnet_b0,fold_2,perturbed,adversarial,sigma_zero,non_weapon,weapon,1.0,False,True,img_00014992,img_00014992__sigma_zero__efficientnet_b0,img_00014992__sigma_zero__efficientnet_b0,attacks/adversarial/sigma_zero/efficientnet_b0/fold_2/non_weapon/img_00014992__sigma_zero__efficientnet_b0.png,,,,,,
efficientnet_b0_chapter5_core_candidates_per_bucket_500_manual_per_bucket_3_target_predicted_label_chapter5_separate_assets_final,2026-05-23T08:10:49+00:00,efficientnet_b0__fold_2__adversarial_high_conf_failure__sigma_zero__img_00015007_sigma_zero_efficientnet_b0,false,,,,,,case_bucket,adversarial_high_conf_failure,3,,adversarial_high_conf_failure,Adversarial transformation caused a high-confidence failure.,P2_non_weapon_to_weapon,efficientnet_b0,fold_2,perturbed,adversarial,sigma_zero,non_weapon,weapon,1.0,False,True,img_00015007,img_00015007__sigma_zero__efficientnet_b0,img_00015007__sigma_zero__efficientnet_b0,attacks/adversarial/sigma_zero/efficientnet_b0/fold_2/non_weapon/img_00015007__sigma_zero__efficientnet_b0.png,,,,,,
efficientnet_b0_chapter5_core_candidates_per_bucket_500_manual_per_bucket_3_target_predicted_label_chapter5_separate_assets_final,2026-05-23T08:10:49+00:00,efficientnet_b0__fold_2__adversarial_high_conf_failure__sigma_zero__img_00015069_sigma_zero_efficientnet_b0,false,,,,,,case_bucket,adversarial_high_conf_failure,3,,adversarial_high_conf_failure,Adversarial transformation caused a high-confidence failure.,P2_non_weapon_to_weapon,efficientnet_b0,fold_2,perturbed,adversarial,sigma_zero,non_weapon,weapon,1.0,False,True,img_00015069,img_00015069__sigma_zero__efficientnet_b0,img_00015069__sigma_zero__efficientnet_b0,attacks/adversarial/sigma_zero/efficientnet_b0/fold_2/non_weapon/img_00015069__sigma_zero__efficientnet_b0.png,,,,,,
efficientnet_b0_chapter5_core_candidates_per_bucket_500_manual_per_bucket_3_target_predicted_label_chapter5_separate_assets_final,2026-05-23T08:10:49+00:00,efficientnet_b0__fold_2__adversarial_high_conf_failure__sigma_zero__img_00015082_sigma_zero_efficientnet_b0,false,,,,,,case_bucket,adversarial_high_conf_failure,3,,adversarial_high_conf_failure,Adversarial transformation caused a high-confidence failure.,P2_non_weapon_to_weapon,efficientnet_b0,fold_2,perturbed,adversarial,sigma_zero,non_weapon,weapon,1.0,False,True,img_00015082,img_00015082__sigma_zero__efficientnet_b0,img_00015082__sigma_zero__efficientnet_b0,attacks/adversarial/sigma_zero/efficientnet_b0/fold_2/non_weapon/img_00015082__sigma_zero__efficientnet_b0.png,,,,,,
efficientnet_b0_chapter5_core_candidates_per_bucket_500_manual_per_bucket_3_target_predicted_label_chapter5_separate_assets_final,2026-05-23T08:10:49+00:00,efficientnet_b0__fold_2__adversarial_high_conf_failure__sigma_zero__img_00015091_sigma_zero_efficientnet_b0,false,,,,,,case_bucket,adversarial_high_conf_failure,3,,adversarial_high_conf_failure,Adversarial transformation caused a high-confidence failure.,P2_non_weapon_to_weapon,efficientnet_b0,fold_2,perturbed,adversarial,sigma_zero,non_weapon,weapon,1.0,False,True,img_00015091,img_00015091__sigma_zero__efficientnet_b0,img_00015091__sigma_zero__efficientnet_b0,attacks/adversarial/sigma_zero/efficientnet_b0/fold_2/non_weapon/img_00015091__sigma_zero__efficientnet_b0.png,,,,,,
efficientnet_b0_chapter5_core_candidates_per_bucket_500_manual_per_bucket_3_target_predicted_label_chapter5_separate_assets_final,2026-05-23T08:10:49+00:00,efficientnet_b0__fold_2__adversarial_high_conf_failure__sigma_zero__img_00015097_sigma_zero_efficientnet_b0,false,,,,,,case_bucket,adversarial_high_conf_failure,3,,adversarial_high_conf_failure,Adversarial transformation caused a high-confidence failure.,P2_non_weapon_to_weapon,efficientnet_b0,fold_2,perturbed,adversarial,sigma_zero,non_weapon,weapon,1.0,False,True,img_00015097,img_00015097__sigma_zero__efficientnet_b0,img_00015097__sigma_zero__efficientnet_b0,attacks/adversarial/sigma_zero/efficientnet_b0/fold_2/non_weapon/img_00015097__sigma_zero__efficientnet_b0.png,,,,,,
efficientnet_b0_chapter5_core_candidates_per_bucket_500_manual_per_bucket_3_target_predicted_label_chapter5_separate_assets_final,2026-05-23T08:10:49+00:00,efficientnet_b0__fold_2__adversarial_high_conf_failure__sigma_zero__img_00015103_sigma_zero_efficientnet_b0,false,,,,,,case_bucket,adversarial_high_conf_failure,3,,adversarial_high_conf_failure,Adversarial transformation caused a high-confidence failure.,P2_non_weapon_to_weapon,efficientnet_b0,fold_2,perturbed,adversarial,sigma_zero,non_weapon,weapon,1.0,False,True,img_00015103,img_00015103__sigma_zero__efficientnet_b0,img_00015103__sigma_zero__efficientnet_b0,attacks/adversarial/sigma_zero/efficientnet_b0/fold_2/non_weapon/img_00015103__sigma_zero__efficientnet_b0.png,,,,,,
efficientnet_b0_chapter5_core_candidates_per_bucket_500_manual_per_bucket_3_target_predicted_label_chapter5_separate_assets_final,2026-05-23T08:10:49+00:00,efficientnet_b0__fold_2__adversarial_high_conf_failure__sigma_zero__img_00015146_sigma_zero_efficientnet_b0,false,,,,,,case_bucket,adversarial_high_conf_failure,3,,adversarial_high_conf_failure,Adversarial transformation caused a high-confidence failure.,P2_non_weapon_to_weapon,efficientnet_b0,fold_2,perturbed,adversarial,sigma_zero,non_weapon,weapon,1.0,False,True,img_00015146,img_00015146__sigma_zero__efficientnet_b0,img_00015146__sigma_zero__efficientnet_b0,attacks/adversarial/sigma_zero/efficientnet_b0/fold_2/non_weapon/img_00015146__sigma_zero__efficientnet_b0.png,,,,,,
efficientnet_b0_chapter5_core_candidates_per_bucket_500_manual_per_bucket_3_target_predicted_label_chapter5_separate_assets_final,2026-05-23T08:10:49+00:00,efficientnet_b0__fold_2__adversarial_high_conf_failure__sigma_zero__img_00015209_sigma_zero_efficientnet_b0,false,,,,,,case_bucket,adversarial_high_conf_failure,3,,adversarial_high_conf_failure,Adversarial transformation caused a high-confidence failure.,P2_non_weapon_to_weapon,efficientnet_b0,fold_2,perturbed,adversarial,sigma_zero,non_weapon,weapon,1.0,False,True,img_00015209,img_00015209__sigma_zero__efficientnet_b0,img_00015209__sigma_zero__efficientnet_b0,attacks/adversarial/sigma_zero/efficientnet_b0/fold_2/non_weapon/img_00015209__sigma_zero__efficientnet_b0.png,,,,,,
efficientnet_b0_chapter5_core_candidates_per_bucket_500_manual_per_bucket_3_target_predicted_label_chapter5_separate_assets_final,2026-05-23T08:10:49+00:00,efficientnet_b0__fold_2__adversarial_high_conf_failure__sigma_zero__img_00015214_sigma_zero_efficientnet_b0,false,,,,,,case_bucket,adversarial_high_conf_failure,3,,adversarial_high_conf_failure,Adversarial transformation caused a high-confidence failure.,P2_non_weapon_to_weapon,efficientnet_b0,fold_2,perturbed,adversarial,sigma_zero,non_weapon,weapon,1.0,False,True,img_00015214,img_00015214__sigma_zero__efficientnet_b0,img_00015214__sigma_zero__efficientnet_b0,attacks/adversarial/sigma_zero/efficientnet_b0/fold_2/non_weapon/img_00015214__sigma_zero__efficientnet_b0.png,,,,,,
efficientnet_b0_chapter5_core_candidates_per_bucket_500_manual_per_bucket_3_target_predicted_label_chapter5_separate_assets_final,2026-05-23T08:10:49+00:00,efficientnet_b0__fold_2__adversarial_high_conf_failure__sigma_zero__img_00015223_sigma_zero_efficientnet_b0,false,,,,,,case_bucket,adversarial_high_conf_failure,3,,adversarial_high_conf_failure,Adversarial transformation caused a high-confidence failure.,P2_non_weapon_to_weapon,efficientnet_b0,fold_2,perturbed,adversarial,sigma_zero,non_weapon,weapon,1.0,False,True,img_00015223,img_00015223__sigma_zero__efficientnet_b0,img_00015223__sigma_zero__efficientnet_b0,attacks/adversarial/sigma_zero/efficientnet_b0/fold_2/non_weapon/img_00015223__sigma_zero__efficientnet_b0.png,,,,,,
efficientnet_b0_chapter5_core_candidates_per_bucket_500_manual_per_bucket_3_target_predicted_label_chapter5_separate_assets_final,2026-05-23T08:10:49+00:00,efficientnet_b0__fold_2__adversarial_high_conf_failure__sigma_zero__img_00015231_sigma_zero_efficientnet_b0,false,,,,,,case_bucket,adversarial_high_conf_failure,3,,adversarial_high_conf_failure,Adversarial transformation caused a high-confidence failure.,P2_non_weapon_to_weapon,efficientnet_b0,fold_2,perturbed,adversarial,sigma_zero,non_weapon,weapon,1.0,False,True,img_00015231,img_00015231__sigma_zero__efficientnet_b0,img_00015231__sigma_zero__efficientnet_b0,attacks/adversarial/sigma_zero/efficientnet_b0/fold_2/non_weapon/img_00015231__sigma_zero__efficientnet_b0.png,,,,,,
efficientnet_b0_chapter5_core_candidates_per_bucket_500_manual_per_bucket_3_target_predicted_label_chapter5_separate_assets_final,2026-05-23T08:10:49+00:00,efficientnet_b0__fold_2__adversarial_high_conf_failure__sigma_zero__img_00015271_sigma_zero_efficientnet_b0,false,,,,,,case_bucket,adversarial_high_conf_failure,3,,adversarial_high_conf_failure,Adversarial transformation caused a high-confidence failure.,P2_non_weapon_to_weapon,efficientnet_b0,fold_2,perturbed,adversarial,sigma_zero,non_weapon,weapon,1.0,False,True,img_00015271,img_00015271__sigma_zero__efficientnet_b0,img_00015271__sigma_zero__efficientnet_b0,attacks/adversarial/sigma_zero/efficientnet_b0/fold_2/non_weapon/img_00015271__sigma_zero__efficientnet_b0.png,,,,,,
efficientnet_b0_chapter5_core_candidates_per_bucket_500_manual_per_bucket_3_target_predicted_label_chapter5_separate_assets_final,2026-05-23T08:10:49+00:00,efficientnet_b0__fold_2__adversarial_high_conf_failure__sigma_zero__img_00015293_sigma_zero_efficientnet_b0,false,,,,,,case_bucket,adversarial_high_conf_failure,3,,adversarial_high_conf_failure,Adversarial transformation caused a high-confidence failure.,P2_non_weapon_to_weapon,efficientnet_b0,fold_2,perturbed,adversarial,sigma_zero,non_weapon,weapon,1.0,False,True,img_00015293,img_00015293__sigma_zero__efficientnet_b0,img_00015293__sigma_zero__efficientnet_b0,attacks/adversarial/sigma_zero/efficientnet_b0/fold_2/non_weapon/img_00015293__sigma_zero__efficientnet_b0.png,,,,,,
efficientnet_b0_chapter5_core_candidates_per_bucket_500_manual_per_bucket_3_target_predicted_label_chapter5_separate_assets_final,2026-05-23T08:10:49+00:00,efficientnet_b0__fold_3__adversarial_high_conf_failure__sigma_zero__img_00012884_sigma_zero_efficientnet_b0,false,,,,,,case_bucket,adversarial_high_conf_failure,3,,adversarial_high_conf_failure,Adversarial transformation caused a high-confidence failure.,P2_non_weapon_to_weapon,efficientnet_b0,fold_3,perturbed,adversarial,sigma_zero,non_weapon,weapon,1.0,False,True,img_00012884,img_00012884__sigma_zero__efficientnet_b0,img_00012884__sigma_zero__efficientnet_b0,attacks/adversarial/sigma_zero/efficientnet_b0/fold_3/non_weapon/img_00012884__sigma_zero__efficientnet_b0.png,,,,,,
efficientnet_b0_chapter5_core_candidates_per_bucket_500_manual_per_bucket_3_target_predicted_label_chapter5_separate_assets_final,2026-05-23T08:10:49+00:00,efficientnet_b0__fold_3__adversarial_high_conf_failure__sigma_zero__img_00012897_sigma_zero_efficientnet_b0,false,,,,,,case_bucket,adversarial_high_conf_failure,3,,adversarial_high_conf_failure,Adversarial transformation caused a high-confidence failure.,P2_non_weapon_to_weapon,efficientnet_b0,fold_3,perturbed,adversarial,sigma_zero,non_weapon,weapon,1.0,False,True,img_00012897,img_00012897__sigma_zero__efficientnet_b0,img_00012897__sigma_zero__efficientnet_b0,attacks/adversarial/sigma_zero/efficientnet_b0/fold_3/non_weapon/img_00012897__sigma_zero__efficientnet_b0.png,,,,,,
efficientnet_b0_chapter5_core_candidates_per_bucket_500_manual_per_bucket_3_target_predicted_label_chapter5_separate_assets_final,2026-05-23T08:10:49+00:00,efficientnet_b0__fold_3__adversarial_high_conf_failure__sigma_zero__img_00012948_sigma_zero_efficientnet_b0,false,,,,,,case_bucket,adversarial_high_conf_failure,3,,adversarial_high_conf_failure,Adversarial transformation caused a high-confidence failure.,P2_non_weapon_to_weapon,efficientnet_b0,fold_3,perturbed,adversarial,sigma_zero,non_weapon,weapon,1.0,False,True,img_00012948,img_00012948__sigma_zero__efficientnet_b0,img_00012948__sigma_zero__efficientnet_b0,attacks/adversarial/sigma_zero/efficientnet_b0/fold_3/non_weapon/img_00012948__sigma_zero__efficientnet_b0.png,,,,,,
efficientnet_b0_chapter5_core_candidates_per_bucket_500_manual_per_bucket_3_target_predicted_label_chapter5_separate_assets_final,2026-05-23T08:10:49+00:00,efficientnet_b0__fold_3__adversarial_high_conf_failure__sigma_zero__img_00013521_sigma_zero_efficientnet_b0,false,,,,,,case_bucket,adversarial_high_conf_failure,3,,adversarial_high_conf_failure,Adversarial transformation caused a high-confidence failure.,P2_non_weapon_to_weapon,efficientnet_b0,fold_3,perturbed,adversarial,sigma_zero,non_weapon,weapon,1.0,False,True,img_00013521,img_00013521__sigma_zero__efficientnet_b0,img_00013521__sigma_zero__efficientnet_b0,attacks/adversarial/sigma_zero/efficientnet_b0/fold_3/non_weapon/img_00013521__sigma_zero__efficientnet_b0.png,,,,,,
efficientnet_b0_chapter5_core_candidates_per_bucket_500_manual_per_bucket_3_target_predicted_label_chapter5_separate_assets_final,2026-05-23T08:10:49+00:00,efficientnet_b0__fold_3__adversarial_high_conf_failure__sigma_zero__img_00013561_sigma_zero_efficientnet_b0,false,,,,,,case_bucket,adversarial_high_conf_failure,3,,adversarial_high_conf_failure,Adversarial transformation caused a high-confidence failure.,P2_non_weapon_to_weapon,efficientnet_b0,fold_3,perturbed,adversarial,sigma_zero,non_weapon,weapon,1.0,False,True,img_00013561,img_00013561__sigma_zero__efficientnet_b0,img_00013561__sigma_zero__efficientnet_b0,attacks/adversarial/sigma_zero/efficientnet_b0/fold_3/non_weapon/img_00013561__sigma_zero__efficientnet_b0.png,,,,,,
efficientnet_b0_chapter5_core_candidates_per_bucket_500_manual_per_bucket_3_target_predicted_label_chapter5_separate_assets_final,2026-05-23T08:10:49+00:00,efficientnet_b0__fold_3__adversarial_high_conf_failure__sigma_zero__img_00013613_sigma_zero_efficientnet_b0,false,,,,,,case_bucket,adversarial_high_conf_failure,3,,adversarial_high_conf_failure,Adversarial transformation caused a high-confidence failure.,P2_non_weapon_to_weapon,efficientnet_b0,fold_3,perturbed,adversarial,sigma_zero,non_weapon,weapon,1.0,False,True,img_00013613,img_00013613__sigma_zero__efficientnet_b0,img_00013613__sigma_zero__efficientnet_b0,attacks/adversarial/sigma_zero/efficientnet_b0/fold_3/non_weapon/img_00013613__sigma_zero__efficientnet_b0.png,,,,,,
efficientnet_b0_chapter5_core_candidates_per_bucket_500_manual_per_bucket_3_target_predicted_label_chapter5_separate_assets_final,2026-05-23T08:10:49+00:00,efficientnet_b0__fold_3__adversarial_high_conf_failure__sigma_zero__img_00013616_sigma_zero_efficientnet_b0,false,,,,,,case_bucket,adversarial_high_conf_failure,3,,adversarial_high_conf_failure,Adversarial transformation caused a high-confidence failure.,P2_non_weapon_to_weapon,efficientnet_b0,fold_3,perturbed,adversarial,sigma_zero,non_weapon,weapon,1.0,False,True,img_00013616,img_00013616__sigma_zero__efficientnet_b0,img_00013616__sigma_zero__efficientnet_b0,attacks/adversarial/sigma_zero/efficientnet_b0/fold_3/non_weapon/img_00013616__sigma_zero__efficientnet_b0.png,,,,,,
efficientnet_b0_chapter5_core_candidates_per_bucket_500_manual_per_bucket_3_target_predicted_label_chapter5_separate_assets_final,2026-05-23T08:10:49+00:00,efficientnet_b0__fold_3__adversarial_high_conf_failure__sigma_zero__img_00013700_sigma_zero_efficientnet_b0,false,,,,,,case_bucket,adversarial_high_conf_failure,3,,adversarial_high_conf_failure,Adversarial transformation caused a high-confidence failure.,P2_non_weapon_to_weapon,efficientnet_b0,fold_3,perturbed,adversarial,sigma_zero,non_weapon,weapon,1.0,False,True,img_00013700,img_00013700__sigma_zero__efficientnet_b0,img_00013700__sigma_zero__efficientnet_b0,attacks/adversarial/sigma_zero/efficientnet_b0/fold_3/non_weapon/img_00013700__sigma_zero__efficientnet_b0.png,,,,,,
efficientnet_b0_chapter5_core_candidates_per_bucket_500_manual_per_bucket_3_target_predicted_label_chapter5_separate_assets_final,2026-05-23T08:10:49+00:00,efficientnet_b0__fold_3__adversarial_high_conf_failure__sigma_zero__img_00013836_sigma_zero_efficientnet_b0,false,,,,,,case_bucket,adversarial_high_conf_failure,3,,adversarial_high_conf_failure,Adversarial transformation caused a high-confidence failure.,P2_non_weapon_to_weapon,efficientnet_b0,fold_3,perturbed,adversarial,sigma_zero,non_weapon,weapon,1.0,False,True,img_00013836,img_00013836__sigma_zero__efficientnet_b0,img_00013836__sigma_zero__efficientnet_b0,attacks/adversarial/sigma_zero/efficientnet_b0/fold_3/non_weapon/img_00013836__sigma_zero__efficientnet_b0.png,,,,,,
efficientnet_b0_chapter5_core_candidates_per_bucket_500_manual_per_bucket_3_target_predicted_label_chapter5_separate_assets_final,2026-05-23T08:10:49+00:00,efficientnet_b0__fold_3__adversarial_high_conf_failure__sigma_zero__img_00013840_sigma_zero_efficientnet_b0,false,,,,,,case_bucket,adversarial_high_conf_failure,3,,adversarial_high_conf_failure,Adversarial transformation caused a high-confidence failure.,P2_non_weapon_to_weapon,efficientnet_b0,fold_3,perturbed,adversarial,sigma_zero,non_weapon,weapon,1.0,False,True,img_00013840,img_00013840__sigma_zero__efficientnet_b0,img_00013840__sigma_zero__efficientnet_b0,attacks/adversarial/sigma_zero/efficientnet_b0/fold_3/non_weapon/img_00013840__sigma_zero__efficientnet_b0.png,,,,,,
efficientnet_b0_chapter5_core_candidates_per_bucket_500_manual_per_bucket_3_target_predicted_label_chapter5_separate_assets_final,2026-05-23T08:10:49+00:00,efficientnet_b0__fold_3__adversarial_high_conf_failure__sigma_zero__img_00013969_sigma_zero_efficientnet_b0,false,,,,,,case_bucket,adversarial_high_conf_failure,3,,adversarial_high_conf_failure,Adversarial transformation caused a high-confidence failure.,P2_non_weapon_to_weapon,efficientnet_b0,fold_3,perturbed,adversarial,sigma_zero,non_weapon,weapon,1.0,False,True,img_00013969,img_00013969__sigma_zero__efficientnet_b0,img_00013969__sigma_zero__efficientnet_b0,attacks/adversarial/sigma_zero/efficientnet_b0/fold_3/non_weapon/img_00013969__sigma_zero__efficientnet_b0.png,,,,,,
efficientnet_b0_chapter5_core_candidates_per_bucket_500_manual_per_bucket_3_target_predicted_label_chapter5_separate_assets_final,2026-05-23T08:10:49+00:00,efficientnet_b0__fold_3__adversarial_high_conf_failure__sigma_zero__img_00014108_sigma_zero_efficientnet_b0,false,,,,,,case_bucket,adversarial_high_conf_failure,3,,adversarial_high_conf_failure,Adversarial transformation caused a high-confidence failure.,P2_non_weapon_to_weapon,efficientnet_b0,fold_3,perturbed,adversarial,sigma_zero,non_weapon,weapon,1.0,False,True,img_00014108,img_00014108__sigma_zero__efficientnet_b0,img_00014108__sigma_zero__efficientnet_b0,attacks/adversarial/sigma_zero/efficientnet_b0/fold_3/non_weapon/img_00014108__sigma_zero__efficientnet_b0.png,,,,,,
efficientnet_b0_chapter5_core_candidates_per_bucket_500_manual_per_bucket_3_target_predicted_label_chapter5_separate_assets_final,2026-05-23T08:10:49+00:00,efficientnet_b0__fold_3__adversarial_high_conf_failure__sigma_zero__img_00014188_sigma_zero_efficientnet_b0,false,,,,,,case_bucket,adversarial_high_conf_failure,3,,adversarial_high_conf_failure,Adversarial transformation caused a high-confidence failure.,P2_non_weapon_to_weapon,efficientnet_b0,fold_3,perturbed,adversarial,sigma_zero,non_weapon,weapon,1.0,False,True,img_00014188,img_00014188__sigma_zero__efficientnet_b0,img_00014188__sigma_zero__efficientnet_b0,attacks/adversarial/sigma_zero/efficientnet_b0/fold_3/non_weapon/img_00014188__sigma_zero__efficientnet_b0.png,,,,,,
efficientnet_b0_chapter5_core_candidates_per_bucket_500_manual_per_bucket_3_target_predicted_label_chapter5_separate_assets_final,2026-05-23T08:10:49+00:00,efficientnet_b0__fold_3__adversarial_high_conf_failure__sigma_zero__img_00014373_sigma_zero_efficientnet_b0,false,,,,,,case_bucket,adversarial_high_conf_failure,3,,adversarial_high_conf_failure,Adversarial transformation caused a high-confidence failure.,P2_non_weapon_to_weapon,efficientnet_b0,fold_3,perturbed,adversarial,sigma_zero,non_weapon,weapon,1.0,False,True,img_00014373,img_00014373__sigma_zero__efficientnet_b0,img_00014373__sigma_zero__efficientnet_b0,attacks/adversarial/sigma_zero/efficientnet_b0/fold_3/non_weapon/img_00014373__sigma_zero__efficientnet_b0.png,,,,,,
efficientnet_b0_chapter5_core_candidates_per_bucket_500_manual_per_bucket_3_target_predicted_label_chapter5_separate_assets_final,2026-05-23T08:10:49+00:00,efficientnet_b0__fold_3__adversarial_high_conf_failure__sigma_zero__img_00014425_sigma_zero_efficientnet_b0,false,,,,,,case_bucket,adversarial_high_conf_failure,3,,adversarial_high_conf_failure,Adversarial transformation caused a high-confidence failure.,P2_non_weapon_to_weapon,efficientnet_b0,fold_3,perturbed,adversarial,sigma_zero,non_weapon,weapon,1.0,False,True,img_00014425,img_00014425__sigma_zero__efficientnet_b0,img_00014425__sigma_zero__efficientnet_b0,attacks/adversarial/sigma_zero/efficientnet_b0/fold_3/non_weapon/img_00014425__sigma_zero__efficientnet_b0.png,,,,,,
efficientnet_b0_chapter5_core_candidates_per_bucket_500_manual_per_bucket_3_target_predicted_label_chapter5_separate_assets_final,2026-05-23T08:10:49+00:00,efficientnet_b0__fold_3__adversarial_high_conf_failure__sigma_zero__img_00014468_sigma_zero_efficientnet_b0,false,,,,,,case_bucket,adversarial_high_conf_failure,3,,adversarial_high_conf_failure,Adversarial transformation caused a high-confidence failure.,P2_non_weapon_to_weapon,efficientnet_b0,fold_3,perturbed,adversarial,sigma_zero,non_weapon,weapon,1.0,False,True,img_00014468,img_00014468__sigma_zero__efficientnet_b0,img_00014468__sigma_zero__efficientnet_b0,attacks/adversarial/sigma_zero/efficientnet_b0/fold_3/non_weapon/img_00014468__sigma_zero__efficientnet_b0.png,,,,,,
efficientnet_b0_chapter5_core_candidates_per_bucket_500_manual_per_bucket_3_target_predicted_label_chapter5_separate_assets_final,2026-05-23T08:10:49+00:00,efficientnet_b0__fold_3__adversarial_high_conf_failure__sigma_zero__img_00014474_sigma_zero_efficientnet_b0,false,,,,,,case_bucket,adversarial_high_conf_failure,3,,adversarial_high_conf_failure,Adversarial transformation caused a high-confidence failure.,P2_non_weapon_to_weapon,efficientnet_b0,fold_3,perturbed,adversarial,sigma_zero,non_weapon,weapon,1.0,False,True,img_00014474,img_00014474__sigma_zero__efficientnet_b0,img_00014474__sigma_zero__efficientnet_b0,attacks/adversarial/sigma_zero/efficientnet_b0/fold_3/non_weapon/img_00014474__sigma_zero__efficientnet_b0.png,,,,,,
efficientnet_b0_chapter5_core_candidates_per_bucket_500_manual_per_bucket_3_target_predicted_label_chapter5_separate_assets_final,2026-05-23T08:10:49+00:00,efficientnet_b0__fold_3__adversarial_high_conf_failure__sigma_zero__img_00014482_sigma_zero_efficientnet_b0,false,,,,,,case_bucket,adversarial_high_conf_failure,3,,adversarial_high_conf_failure,Adversarial transformation caused a high-confidence failure.,P2_non_weapon_to_weapon,efficientnet_b0,fold_3,perturbed,adversarial,sigma_zero,non_weapon,weapon,1.0,False,True,img_00014482,img_00014482__sigma_zero__efficientnet_b0,img_00014482__sigma_zero__efficientnet_b0,attacks/adversarial/sigma_zero/efficientnet_b0/fold_3/non_weapon/img_00014482__sigma_zero__efficientnet_b0.png,,,,,,
efficientnet_b0_chapter5_core_candidates_per_bucket_500_manual_per_bucket_3_target_predicted_label_chapter5_separate_assets_final,2026-05-23T08:10:49+00:00,efficientnet_b0__fold_3__adversarial_high_conf_failure__sigma_zero__img_00014487_sigma_zero_efficientnet_b0,false,,,,,,case_bucket,adversarial_high_conf_failure,3,,adversarial_high_conf_failure,Adversarial transformation caused a high-confidence failure.,P2_non_weapon_to_weapon,efficientnet_b0,fold_3,perturbed,adversarial,sigma_zero,non_weapon,weapon,1.0,False,True,img_00014487,img_00014487__sigma_zero__efficientnet_b0,img_00014487__sigma_zero__efficientnet_b0,attacks/adversarial/sigma_zero/efficientnet_b0/fold_3/non_weapon/img_00014487__sigma_zero__efficientnet_b0.png,,,,,,
efficientnet_b0_chapter5_core_candidates_per_bucket_500_manual_per_bucket_3_target_predicted_label_chapter5_separate_assets_final,2026-05-23T08:10:49+00:00,efficientnet_b0__fold_3__adversarial_high_conf_failure__sigma_zero__img_00014488_sigma_zero_efficientnet_b0,false,,,,,,case_bucket,adversarial_high_conf_failure,3,,adversarial_high_conf_failure,Adversarial transformation caused a high-confidence failure.,P2_non_weapon_to_weapon,efficientnet_b0,fold_3,perturbed,adversarial,sigma_zero,non_weapon,weapon,1.0,False,True,img_00014488,img_00014488__sigma_zero__efficientnet_b0,img_00014488__sigma_zero__efficientnet_b0,attacks/adversarial/sigma_zero/efficientnet_b0/fold_3/non_weapon/img_00014488__sigma_zero__efficientnet_b0.png,,,,,,
efficientnet_b0_chapter5_core_candidates_per_bucket_500_manual_per_bucket_3_target_predicted_label_chapter5_separate_assets_final,2026-05-23T08:10:49+00:00,efficientnet_b0__fold_3__adversarial_high_conf_failure__sigma_zero__img_00014491_sigma_zero_efficientnet_b0,false,,,,,,case_bucket,adversarial_high_conf_failure,3,,adversarial_high_conf_failure,Adversarial transformation caused a high-confidence failure.,P2_non_weapon_to_weapon,efficientnet_b0,fold_3,perturbed,adversarial,sigma_zero,non_weapon,weapon,1.0,False,True,img_00014491,img_00014491__sigma_zero__efficientnet_b0,img_00014491__sigma_zero__efficientnet_b0,attacks/adversarial/sigma_zero/efficientnet_b0/fold_3/non_weapon/img_00014491__sigma_zero__efficientnet_b0.png,,,,,,
efficientnet_b0_chapter5_core_candidates_per_bucket_500_manual_per_bucket_3_target_predicted_label_chapter5_separate_assets_final,2026-05-23T08:10:49+00:00,efficientnet_b0__fold_3__adversarial_high_conf_failure__sigma_zero__img_00014536_sigma_zero_efficientnet_b0,false,,,,,,case_bucket,adversarial_high_conf_failure,3,,adversarial_high_conf_failure,Adversarial transformation caused a high-confidence failure.,P2_non_weapon_to_weapon,efficientnet_b0,fold_3,perturbed,adversarial,sigma_zero,non_weapon,weapon,1.0,False,True,img_00014536,img_00014536__sigma_zero__efficientnet_b0,img_00014536__sigma_zero__efficientnet_b0,attacks/adversarial/sigma_zero/efficientnet_b0/fold_3/non_weapon/img_00014536__sigma_zero__efficientnet_b0.png,,,,,,
efficientnet_b0_chapter5_core_candidates_per_bucket_500_manual_per_bucket_3_target_predicted_label_chapter5_separate_assets_final,2026-05-23T08:10:49+00:00,efficientnet_b0__fold_3__adversarial_high_conf_failure__sigma_zero__img_00014562_sigma_zero_efficientnet_b0,false,,,,,,case_bucket,adversarial_high_conf_failure,3,,adversarial_high_conf_failure,Adversarial transformation caused a high-confidence failure.,P2_non_weapon_to_weapon,efficientnet_b0,fold_3,perturbed,adversarial,sigma_zero,non_weapon,weapon,1.0,False,True,img_00014562,img_00014562__sigma_zero__efficientnet_b0,img_00014562__sigma_zero__efficientnet_b0,attacks/adversarial/sigma_zero/efficientnet_b0/fold_3/non_weapon/img_00014562__sigma_zero__efficientnet_b0.png,,,,,,
efficientnet_b0_chapter5_core_candidates_per_bucket_500_manual_per_bucket_3_target_predicted_label_chapter5_separate_assets_final,2026-05-23T08:10:49+00:00,efficientnet_b0__fold_3__adversarial_high_conf_failure__sigma_zero__img_00014581_sigma_zero_efficientnet_b0,false,,,,,,case_bucket,adversarial_high_conf_failure,3,,adversarial_high_conf_failure,Adversarial transformation caused a high-confidence failure.,P2_non_weapon_to_weapon,efficientnet_b0,fold_3,perturbed,adversarial,sigma_zero,non_weapon,weapon,1.0,False,True,img_00014581,img_00014581__sigma_zero__efficientnet_b0,img_00014581__sigma_zero__efficientnet_b0,attacks/adversarial/sigma_zero/efficientnet_b0/fold_3/non_weapon/img_00014581__sigma_zero__efficientnet_b0.png,,,,,,
efficientnet_b0_chapter5_core_candidates_per_bucket_500_manual_per_bucket_3_target_predicted_label_chapter5_separate_assets_final,2026-05-23T08:10:49+00:00,efficientnet_b0__fold_3__adversarial_high_conf_failure__sigma_zero__img_00014582_sigma_zero_efficientnet_b0,false,,,,,,case_bucket,adversarial_high_conf_failure,3,,adversarial_high_conf_failure,Adversarial transformation caused a high-confidence failure.,P2_non_weapon_to_weapon,efficientnet_b0,fold_3,perturbed,adversarial,sigma_zero,non_weapon,weapon,1.0,False,True,img_00014582,img_00014582__sigma_zero__efficientnet_b0,img_00014582__sigma_zero__efficientnet_b0,attacks/adversarial/sigma_zero/efficientnet_b0/fold_3/non_weapon/img_00014582__sigma_zero__efficientnet_b0.png,,,,,,
efficientnet_b0_chapter5_core_candidates_per_bucket_500_manual_per_bucket_3_target_predicted_label_chapter5_separate_assets_final,2026-05-23T08:10:49+00:00,efficientnet_b0__fold_3__adversarial_high_conf_failure__sigma_zero__img_00014603_sigma_zero_efficientnet_b0,false,,,,,,case_bucket,adversarial_high_conf_failure,3,,adversarial_high_conf_failure,Adversarial transformation caused a high-confidence failure.,P2_non_weapon_to_weapon,efficientnet_b0,fold_3,perturbed,adversarial,sigma_zero,non_weapon,weapon,1.0,False,True,img_00014603,img_00014603__sigma_zero__efficientnet_b0,img_00014603__sigma_zero__efficientnet_b0,attacks/adversarial/sigma_zero/efficientnet_b0/fold_3/non_weapon/img_00014603__sigma_zero__efficientnet_b0.png,,,,,,
efficientnet_b0_chapter5_core_candidates_per_bucket_500_manual_per_bucket_3_target_predicted_label_chapter5_separate_assets_final,2026-05-23T08:10:49+00:00,efficientnet_b0__fold_3__adversarial_high_conf_failure__sigma_zero__img_00014605_sigma_zero_efficientnet_b0,false,,,,,,case_bucket,adversarial_high_conf_failure,3,,adversarial_high_conf_failure,Adversarial transformation caused a high-confidence failure.,P2_non_weapon_to_weapon,efficientnet_b0,fold_3,perturbed,adversarial,sigma_zero,non_weapon,weapon,1.0,False,True,img_00014605,img_00014605__sigma_zero__efficientnet_b0,img_00014605__sigma_zero__efficientnet_b0,attacks/adversarial/sigma_zero/efficientnet_b0/fold_3/non_weapon/img_00014605__sigma_zero__efficientnet_b0.png,,,,,,
efficientnet_b0_chapter5_core_candidates_per_bucket_500_manual_per_bucket_3_target_predicted_label_chapter5_separate_assets_final,2026-05-23T08:10:49+00:00,efficientnet_b0__fold_3__adversarial_high_conf_failure__sigma_zero__img_00014640_sigma_zero_efficientnet_b0,false,,,,,,case_bucket,adversarial_high_conf_failure,3,,adversarial_high_conf_failure,Adversarial transformation caused a high-confidence failure.,P2_non_weapon_to_weapon,efficientnet_b0,fold_3,perturbed,adversarial,sigma_zero,non_weapon,weapon,1.0,False,True,img_00014640,img_00014640__sigma_zero__efficientnet_b0,img_00014640__sigma_zero__efficientnet_b0,attacks/adversarial/sigma_zero/efficientnet_b0/fold_3/non_weapon/img_00014640__sigma_zero__efficientnet_b0.png,,,,,,
efficientnet_b0_chapter5_core_candidates_per_bucket_500_manual_per_bucket_3_target_predicted_label_chapter5_separate_assets_final,2026-05-23T08:10:49+00:00,efficientnet_b0__fold_3__adversarial_high_conf_failure__sigma_zero__img_00014676_sigma_zero_efficientnet_b0,false,,,,,,case_bucket,adversarial_high_conf_failure,3,,adversarial_high_conf_failure,Adversarial transformation caused a high-confidence failure.,P2_non_weapon_to_weapon,efficientnet_b0,fold_3,perturbed,adversarial,sigma_zero,non_weapon,weapon,1.0,False,True,img_00014676,img_00014676__sigma_zero__efficientnet_b0,img_00014676__sigma_zero__efficientnet_b0,attacks/adversarial/sigma_zero/efficientnet_b0/fold_3/non_weapon/img_00014676__sigma_zero__efficientnet_b0.png,,,,,,
efficientnet_b0_chapter5_core_candidates_per_bucket_500_manual_per_bucket_3_target_predicted_label_chapter5_separate_assets_final,2026-05-23T08:10:49+00:00,efficientnet_b0__fold_3__adversarial_high_conf_failure__sigma_zero__img_00014693_sigma_zero_efficientnet_b0,false,,,,,,case_bucket,adversarial_high_conf_failure,3,,adversarial_high_conf_failure,Adversarial transformation caused a high-confidence failure.,P2_non_weapon_to_weapon,efficientnet_b0,fold_3,perturbed,adversarial,sigma_zero,non_weapon,weapon,1.0,False,True,img_00014693,img_00014693__sigma_zero__efficientnet_b0,img_00014693__sigma_zero__efficientnet_b0,attacks/adversarial/sigma_zero/efficientnet_b0/fold_3/non_weapon/img_00014693__sigma_zero__efficientnet_b0.png,,,,,,
efficientnet_b0_chapter5_core_candidates_per_bucket_500_manual_per_bucket_3_target_predicted_label_chapter5_separate_assets_final,2026-05-23T08:10:49+00:00,efficientnet_b0__fold_3__adversarial_high_conf_failure__sigma_zero__img_00014694_sigma_zero_efficientnet_b0,false,,,,,,case_bucket,adversarial_high_conf_failure,3,,adversarial_high_conf_failure,Adversarial transformation caused a high-confidence failure.,P2_non_weapon_to_weapon,efficientnet_b0,fold_3,perturbed,adversarial,sigma_zero,non_weapon,weapon,1.0,False,True,img_00014694,img_00014694__sigma_zero__efficientnet_b0,img_00014694__sigma_zero__efficientnet_b0,attacks/adversarial/sigma_zero/efficientnet_b0/fold_3/non_weapon/img_00014694__sigma_zero__efficientnet_b0.png,,,,,,
efficientnet_b0_chapter5_core_candidates_per_bucket_500_manual_per_bucket_3_target_predicted_label_chapter5_separate_assets_final,2026-05-23T08:10:49+00:00,efficientnet_b0__fold_3__adversarial_high_conf_failure__sigma_zero__img_00014742_sigma_zero_efficientnet_b0,false,,,,,,case_bucket,adversarial_high_conf_failure,3,,adversarial_high_conf_failure,Adversarial transformation caused a high-confidence failure.,P2_non_weapon_to_weapon,efficientnet_b0,fold_3,perturbed,adversarial,sigma_zero,non_weapon,weapon,1.0,False,True,img_00014742,img_00014742__sigma_zero__efficientnet_b0,img_00014742__sigma_zero__efficientnet_b0,attacks/adversarial/sigma_zero/efficientnet_b0/fold_3/non_weapon/img_00014742__sigma_zero__efficientnet_b0.png,,,,,,
efficientnet_b0_chapter5_core_candidates_per_bucket_500_manual_per_bucket_3_target_predicted_label_chapter5_separate_assets_final,2026-05-23T08:10:49+00:00,efficientnet_b0__fold_3__adversarial_high_conf_failure__sigma_zero__img_00014769_sigma_zero_efficientnet_b0,false,,,,,,case_bucket,adversarial_high_conf_failure,3,,adversarial_high_conf_failure,Adversarial transformation caused a high-confidence failure.,P2_non_weapon_to_weapon,efficientnet_b0,fold_3,perturbed,adversarial,sigma_zero,non_weapon,weapon,1.0,False,True,img_00014769,img_00014769__sigma_zero__efficientnet_b0,img_00014769__sigma_zero__efficientnet_b0,attacks/adversarial/sigma_zero/efficientnet_b0/fold_3/non_weapon/img_00014769__sigma_zero__efficientnet_b0.png,,,,,,
efficientnet_b0_chapter5_core_candidates_per_bucket_500_manual_per_bucket_3_target_predicted_label_chapter5_separate_assets_final,2026-05-23T08:10:49+00:00,efficientnet_b0__fold_3__adversarial_high_conf_failure__sigma_zero__img_00014781_sigma_zero_efficientnet_b0,false,,,,,,case_bucket,adversarial_high_conf_failure,3,,adversarial_high_conf_failure,Adversarial transformation caused a high-confidence failure.,P2_non_weapon_to_weapon,efficientnet_b0,fold_3,perturbed,adversarial,sigma_zero,non_weapon,weapon,1.0,False,True,img_00014781,img_00014781__sigma_zero__efficientnet_b0,img_00014781__sigma_zero__efficientnet_b0,attacks/adversarial/sigma_zero/efficientnet_b0/fold_3/non_weapon/img_00014781__sigma_zero__efficientnet_b0.png,,,,,,
efficientnet_b0_chapter5_core_candidates_per_bucket_500_manual_per_bucket_3_target_predicted_label_chapter5_separate_assets_final,2026-05-23T08:10:49+00:00,efficientnet_b0__fold_3__adversarial_high_conf_failure__sigma_zero__img_00014797_sigma_zero_efficientnet_b0,false,,,,,,case_bucket,adversarial_high_conf_failure,3,,adversarial_high_conf_failure,Adversarial transformation caused a high-confidence failure.,P2_non_weapon_to_weapon,efficientnet_b0,fold_3,perturbed,adversarial,sigma_zero,non_weapon,weapon,1.0,False,True,img_00014797,img_00014797__sigma_zero__efficientnet_b0,img_00014797__sigma_zero__efficientnet_b0,attacks/adversarial/sigma_zero/efficientnet_b0/fold_3/non_weapon/img_00014797__sigma_zero__efficientnet_b0.png,,,,,,
efficientnet_b0_chapter5_core_candidates_per_bucket_500_manual_per_bucket_3_target_predicted_label_chapter5_separate_assets_final,2026-05-23T08:10:49+00:00,efficientnet_b0__fold_3__adversarial_high_conf_failure__sigma_zero__img_00014804_sigma_zero_efficientnet_b0,false,,,,,,case_bucket,adversarial_high_conf_failure,3,,adversarial_high_conf_failure,Adversarial transformation caused a high-confidence failure.,P2_non_weapon_to_weapon,efficientnet_b0,fold_3,perturbed,adversarial,sigma_zero,non_weapon,weapon,1.0,False,True,img_00014804,img_00014804__sigma_zero__efficientnet_b0,img_00014804__sigma_zero__efficientnet_b0,attacks/adversarial/sigma_zero/efficientnet_b0/fold_3/non_weapon/img_00014804__sigma_zero__efficientnet_b0.png,,,,,,
efficientnet_b0_chapter5_core_candidates_per_bucket_500_manual_per_bucket_3_target_predicted_label_chapter5_separate_assets_final,2026-05-23T08:10:49+00:00,efficientnet_b0__fold_3__adversarial_high_conf_failure__sigma_zero__img_00014807_sigma_zero_efficientnet_b0,false,,,,,,case_bucket,adversarial_high_conf_failure,3,,adversarial_high_conf_failure,Adversarial transformation caused a high-confidence failure.,P2_non_weapon_to_weapon,efficientnet_b0,fold_3,perturbed,adversarial,sigma_zero,non_weapon,weapon,1.0,False,True,img_00014807,img_00014807__sigma_zero__efficientnet_b0,img_00014807__sigma_zero__efficientnet_b0,attacks/adversarial/sigma_zero/efficientnet_b0/fold_3/non_weapon/img_00014807__sigma_zero__efficientnet_b0.png,,,,,,
efficientnet_b0_chapter5_core_candidates_per_bucket_500_manual_per_bucket_3_target_predicted_label_chapter5_separate_assets_final,2026-05-23T08:10:49+00:00,efficientnet_b0__fold_3__adversarial_high_conf_failure__sigma_zero__img_00014816_sigma_zero_efficientnet_b0,false,,,,,,case_bucket,adversarial_high_conf_failure,3,,adversarial_high_conf_failure,Adversarial transformation caused a high-confidence failure.,P2_non_weapon_to_weapon,efficientnet_b0,fold_3,perturbed,adversarial,sigma_zero,non_weapon,weapon,1.0,False,True,img_00014816,img_00014816__sigma_zero__efficientnet_b0,img_00014816__sigma_zero__efficientnet_b0,attacks/adversarial/sigma_zero/efficientnet_b0/fold_3/non_weapon/img_00014816__sigma_zero__efficientnet_b0.png,,,,,,
efficientnet_b0_chapter5_core_candidates_per_bucket_500_manual_per_bucket_3_target_predicted_label_chapter5_separate_assets_final,2026-05-23T08:10:49+00:00,efficientnet_b0__fold_3__adversarial_high_conf_failure__sigma_zero__img_00014834_sigma_zero_efficientnet_b0,false,,,,,,case_bucket,adversarial_high_conf_failure,3,,adversarial_high_conf_failure,Adversarial transformation caused a high-confidence failure.,P2_non_weapon_to_weapon,efficientnet_b0,fold_3,perturbed,adversarial,sigma_zero,non_weapon,weapon,1.0,False,True,img_00014834,img_00014834__sigma_zero__efficientnet_b0,img_00014834__sigma_zero__efficientnet_b0,attacks/adversarial/sigma_zero/efficientnet_b0/fold_3/non_weapon/img_00014834__sigma_zero__efficientnet_b0.png,,,,,,
efficientnet_b0_chapter5_core_candidates_per_bucket_500_manual_per_bucket_3_target_predicted_label_chapter5_separate_assets_final,2026-05-23T08:10:49+00:00,efficientnet_b0__fold_3__adversarial_high_conf_failure__sigma_zero__img_00014837_sigma_zero_efficientnet_b0,false,,,,,,case_bucket,adversarial_high_conf_failure,3,,adversarial_high_conf_failure,Adversarial transformation caused a high-confidence failure.,P2_non_weapon_to_weapon,efficientnet_b0,fold_3,perturbed,adversarial,sigma_zero,non_weapon,weapon,1.0,False,True,img_00014837,img_00014837__sigma_zero__efficientnet_b0,img_00014837__sigma_zero__efficientnet_b0,attacks/adversarial/sigma_zero/efficientnet_b0/fold_3/non_weapon/img_00014837__sigma_zero__efficientnet_b0.png,,,,,,
efficientnet_b0_chapter5_core_candidates_per_bucket_500_manual_per_bucket_3_target_predicted_label_chapter5_separate_assets_final,2026-05-23T08:10:49+00:00,efficientnet_b0__fold_3__adversarial_high_conf_failure__sigma_zero__img_00014860_sigma_zero_efficientnet_b0,false,,,,,,case_bucket,adversarial_high_conf_failure,3,,adversarial_high_conf_failure,Adversarial transformation caused a high-confidence failure.,P2_non_weapon_to_weapon,efficientnet_b0,fold_3,perturbed,adversarial,sigma_zero,non_weapon,weapon,1.0,False,True,img_00014860,img_00014860__sigma_zero__efficientnet_b0,img_00014860__sigma_zero__efficientnet_b0,attacks/adversarial/sigma_zero/efficientnet_b0/fold_3/non_weapon/img_00014860__sigma_zero__efficientnet_b0.png,,,,,,
efficientnet_b0_chapter5_core_candidates_per_bucket_500_manual_per_bucket_3_target_predicted_label_chapter5_separate_assets_final,2026-05-23T08:10:49+00:00,efficientnet_b0__fold_3__adversarial_high_conf_failure__sigma_zero__img_00014865_sigma_zero_efficientnet_b0,false,,,,,,case_bucket,adversarial_high_conf_failure,3,,adversarial_high_conf_failure,Adversarial transformation caused a high-confidence failure.,P2_non_weapon_to_weapon,efficientnet_b0,fold_3,perturbed,adversarial,sigma_zero,non_weapon,weapon,1.0,False,True,img_00014865,img_00014865__sigma_zero__efficientnet_b0,img_00014865__sigma_zero__efficientnet_b0,attacks/adversarial/sigma_zero/efficientnet_b0/fold_3/non_weapon/img_00014865__sigma_zero__efficientnet_b0.png,,,,,,
efficientnet_b0_chapter5_core_candidates_per_bucket_500_manual_per_bucket_3_target_predicted_label_chapter5_separate_assets_final,2026-05-23T08:10:49+00:00,efficientnet_b0__fold_3__adversarial_high_conf_failure__sigma_zero__img_00014867_sigma_zero_efficientnet_b0,false,,,,,,case_bucket,adversarial_high_conf_failure,3,,adversarial_high_conf_failure,Adversarial transformation caused a high-confidence failure.,P2_non_weapon_to_weapon,efficientnet_b0,fold_3,perturbed,adversarial,sigma_zero,non_weapon,weapon,1.0,False,True,img_00014867,img_00014867__sigma_zero__efficientnet_b0,img_00014867__sigma_zero__efficientnet_b0,attacks/adversarial/sigma_zero/efficientnet_b0/fold_3/non_weapon/img_00014867__sigma_zero__efficientnet_b0.png,,,,,,
efficientnet_b0_chapter5_core_candidates_per_bucket_500_manual_per_bucket_3_target_predicted_label_chapter5_separate_assets_final,2026-05-23T08:10:49+00:00,efficientnet_b0__fold_3__adversarial_high_conf_failure__sigma_zero__img_00014883_sigma_zero_efficientnet_b0,false,,,,,,case_bucket,adversarial_high_conf_failure,3,,adversarial_high_conf_failure,Adversarial transformation caused a high-confidence failure.,P2_non_weapon_to_weapon,efficientnet_b0,fold_3,perturbed,adversarial,sigma_zero,non_weapon,weapon,1.0,False,True,img_00014883,img_00014883__sigma_zero__efficientnet_b0,img_00014883__sigma_zero__efficientnet_b0,attacks/adversarial/sigma_zero/efficientnet_b0/fold_3/non_weapon/img_00014883__sigma_zero__efficientnet_b0.png,,,,,,
efficientnet_b0_chapter5_core_candidates_per_bucket_500_manual_per_bucket_3_target_predicted_label_chapter5_separate_assets_final,2026-05-23T08:10:49+00:00,efficientnet_b0__fold_3__adversarial_high_conf_failure__sigma_zero__img_00014899_sigma_zero_efficientnet_b0,false,,,,,,case_bucket,adversarial_high_conf_failure,3,,adversarial_high_conf_failure,Adversarial transformation caused a high-confidence failure.,P2_non_weapon_to_weapon,efficientnet_b0,fold_3,perturbed,adversarial,sigma_zero,non_weapon,weapon,1.0,False,True,img_00014899,img_00014899__sigma_zero__efficientnet_b0,img_00014899__sigma_zero__efficientnet_b0,attacks/adversarial/sigma_zero/efficientnet_b0/fold_3/non_weapon/img_00014899__sigma_zero__efficientnet_b0.png,,,,,,
efficientnet_b0_chapter5_core_candidates_per_bucket_500_manual_per_bucket_3_target_predicted_label_chapter5_separate_assets_final,2026-05-23T08:10:49+00:00,efficientnet_b0__fold_3__adversarial_high_conf_failure__sigma_zero__img_00014960_sigma_zero_efficientnet_b0,false,,,,,,case_bucket,adversarial_high_conf_failure,3,,adversarial_high_conf_failure,Adversarial transformation caused a high-confidence failure.,P2_non_weapon_to_weapon,efficientnet_b0,fold_3,perturbed,adversarial,sigma_zero,non_weapon,weapon,1.0,False,True,img_00014960,img_00014960__sigma_zero__efficientnet_b0,img_00014960__sigma_zero__efficientnet_b0,attacks/adversarial/sigma_zero/efficientnet_b0/fold_3/non_weapon/img_00014960__sigma_zero__efficientnet_b0.png,,,,,,
efficientnet_b0_chapter5_core_candidates_per_bucket_500_manual_per_bucket_3_target_predicted_label_chapter5_separate_assets_final,2026-05-23T08:10:49+00:00,efficientnet_b0__fold_3__adversarial_high_conf_failure__sigma_zero__img_00014973_sigma_zero_efficientnet_b0,false,,,,,,case_bucket,adversarial_high_conf_failure,3,,adversarial_high_conf_failure,Adversarial transformation caused a high-confidence failure.,P2_non_weapon_to_weapon,efficientnet_b0,fold_3,perturbed,adversarial,sigma_zero,non_weapon,weapon,1.0,False,True,img_00014973,img_00014973__sigma_zero__efficientnet_b0,img_00014973__sigma_zero__efficientnet_b0,attacks/adversarial/sigma_zero/efficientnet_b0/fold_3/non_weapon/img_00014973__sigma_zero__efficientnet_b0.png,,,,,,
efficientnet_b0_chapter5_core_candidates_per_bucket_500_manual_per_bucket_3_target_predicted_label_chapter5_separate_assets_final,2026-05-23T08:10:49+00:00,efficientnet_b0__fold_3__adversarial_high_conf_failure__sigma_zero__img_00015020_sigma_zero_efficientnet_b0,false,,,,,,case_bucket,adversarial_high_conf_failure,3,,adversarial_high_conf_failure,Adversarial transformation caused a high-confidence failure.,P2_non_weapon_to_weapon,efficientnet_b0,fold_3,perturbed,adversarial,sigma_zero,non_weapon,weapon,1.0,False,True,img_00015020,img_00015020__sigma_zero__efficientnet_b0,img_00015020__sigma_zero__efficientnet_b0,attacks/adversarial/sigma_zero/efficientnet_b0/fold_3/non_weapon/img_00015020__sigma_zero__efficientnet_b0.png,,,,,,
efficientnet_b0_chapter5_core_candidates_per_bucket_500_manual_per_bucket_3_target_predicted_label_chapter5_separate_assets_final,2026-05-23T08:10:49+00:00,efficientnet_b0__fold_3__adversarial_high_conf_failure__sigma_zero__img_00015030_sigma_zero_efficientnet_b0,false,,,,,,case_bucket,adversarial_high_conf_failure,3,,adversarial_high_conf_failure,Adversarial transformation caused a high-confidence failure.,P2_non_weapon_to_weapon,efficientnet_b0,fold_3,perturbed,adversarial,sigma_zero,non_weapon,weapon,1.0,False,True,img_00015030,img_00015030__sigma_zero__efficientnet_b0,img_00015030__sigma_zero__efficientnet_b0,attacks/adversarial/sigma_zero/efficientnet_b0/fold_3/non_weapon/img_00015030__sigma_zero__efficientnet_b0.png,,,,,,
efficientnet_b0_chapter5_core_candidates_per_bucket_500_manual_per_bucket_3_target_predicted_label_chapter5_separate_assets_final,2026-05-23T08:10:49+00:00,efficientnet_b0__fold_3__adversarial_high_conf_failure__sigma_zero__img_00015049_sigma_zero_efficientnet_b0,false,,,,,,case_bucket,adversarial_high_conf_failure,3,,adversarial_high_conf_failure,Adversarial transformation caused a high-confidence failure.,P2_non_weapon_to_weapon,efficientnet_b0,fold_3,perturbed,adversarial,sigma_zero,non_weapon,weapon,1.0,False,True,img_00015049,img_00015049__sigma_zero__efficientnet_b0,img_00015049__sigma_zero__efficientnet_b0,attacks/adversarial/sigma_zero/efficientnet_b0/fold_3/non_weapon/img_00015049__sigma_zero__efficientnet_b0.png,,,,,,
efficientnet_b0_chapter5_core_candidates_per_bucket_500_manual_per_bucket_3_target_predicted_label_chapter5_separate_assets_final,2026-05-23T08:10:49+00:00,efficientnet_b0__fold_3__adversarial_high_conf_failure__sigma_zero__img_00015054_sigma_zero_efficientnet_b0,false,,,,,,case_bucket,adversarial_high_conf_failure,3,,adversarial_high_conf_failure,Adversarial transformation caused a high-confidence failure.,P2_non_weapon_to_weapon,efficientnet_b0,fold_3,perturbed,adversarial,sigma_zero,non_weapon,weapon,1.0,False,True,img_00015054,img_00015054__sigma_zero__efficientnet_b0,img_00015054__sigma_zero__efficientnet_b0,attacks/adversarial/sigma_zero/efficientnet_b0/fold_3/non_weapon/img_00015054__sigma_zero__efficientnet_b0.png,,,,,,
efficientnet_b0_chapter5_core_candidates_per_bucket_500_manual_per_bucket_3_target_predicted_label_chapter5_separate_assets_final,2026-05-23T08:10:49+00:00,efficientnet_b0__fold_3__adversarial_high_conf_failure__sigma_zero__img_00015076_sigma_zero_efficientnet_b0,false,,,,,,case_bucket,adversarial_high_conf_failure,3,,adversarial_high_conf_failure,Adversarial transformation caused a high-confidence failure.,P2_non_weapon_to_weapon,efficientnet_b0,fold_3,perturbed,adversarial,sigma_zero,non_weapon,weapon,1.0,False,True,img_00015076,img_00015076__sigma_zero__efficientnet_b0,img_00015076__sigma_zero__efficientnet_b0,attacks/adversarial/sigma_zero/efficientnet_b0/fold_3/non_weapon/img_00015076__sigma_zero__efficientnet_b0.png,,,,,,
efficientnet_b0_chapter5_core_candidates_per_bucket_500_manual_per_bucket_3_target_predicted_label_chapter5_separate_assets_final,2026-05-23T08:10:49+00:00,efficientnet_b0__fold_3__adversarial_high_conf_failure__sigma_zero__img_00015094_sigma_zero_efficientnet_b0,false,,,,,,case_bucket,adversarial_high_conf_failure,3,,adversarial_high_conf_failure,Adversarial transformation caused a high-confidence failure.,P2_non_weapon_to_weapon,efficientnet_b0,fold_3,perturbed,adversarial,sigma_zero,non_weapon,weapon,1.0,False,True,img_00015094,img_00015094__sigma_zero__efficientnet_b0,img_00015094__sigma_zero__efficientnet_b0,attacks/adversarial/sigma_zero/efficientnet_b0/fold_3/non_weapon/img_00015094__sigma_zero__efficientnet_b0.png,,,,,,
efficientnet_b0_chapter5_core_candidates_per_bucket_500_manual_per_bucket_3_target_predicted_label_chapter5_separate_assets_final,2026-05-23T08:10:49+00:00,efficientnet_b0__fold_3__adversarial_high_conf_failure__sigma_zero__img_00015138_sigma_zero_efficientnet_b0,false,,,,,,case_bucket,adversarial_high_conf_failure,3,,adversarial_high_conf_failure,Adversarial transformation caused a high-confidence failure.,P2_non_weapon_to_weapon,efficientnet_b0,fold_3,perturbed,adversarial,sigma_zero,non_weapon,weapon,1.0,False,True,img_00015138,img_00015138__sigma_zero__efficientnet_b0,img_00015138__sigma_zero__efficientnet_b0,attacks/adversarial/sigma_zero/efficientnet_b0/fold_3/non_weapon/img_00015138__sigma_zero__efficientnet_b0.png,,,,,,
efficientnet_b0_chapter5_core_candidates_per_bucket_500_manual_per_bucket_3_target_predicted_label_chapter5_separate_assets_final,2026-05-23T08:10:49+00:00,efficientnet_b0__fold_3__adversarial_high_conf_failure__sigma_zero__img_00015164_sigma_zero_efficientnet_b0,false,,,,,,case_bucket,adversarial_high_conf_failure,3,,adversarial_high_conf_failure,Adversarial transformation caused a high-confidence failure.,P2_non_weapon_to_weapon,efficientnet_b0,fold_3,perturbed,adversarial,sigma_zero,non_weapon,weapon,1.0,False,True,img_00015164,img_00015164__sigma_zero__efficientnet_b0,img_00015164__sigma_zero__efficientnet_b0,attacks/adversarial/sigma_zero/efficientnet_b0/fold_3/non_weapon/img_00015164__sigma_zero__efficientnet_b0.png,,,,,,
efficientnet_b0_chapter5_core_candidates_per_bucket_500_manual_per_bucket_3_target_predicted_label_chapter5_separate_assets_final,2026-05-23T08:10:49+00:00,efficientnet_b0__fold_3__adversarial_high_conf_failure__sigma_zero__img_00015198_sigma_zero_efficientnet_b0,false,,,,,,case_bucket,adversarial_high_conf_failure,3,,adversarial_high_conf_failure,Adversarial transformation caused a high-confidence failure.,P2_non_weapon_to_weapon,efficientnet_b0,fold_3,perturbed,adversarial,sigma_zero,non_weapon,weapon,1.0,False,True,img_00015198,img_00015198__sigma_zero__efficientnet_b0,img_00015198__sigma_zero__efficientnet_b0,attacks/adversarial/sigma_zero/efficientnet_b0/fold_3/non_weapon/img_00015198__sigma_zero__efficientnet_b0.png,,,,,,
efficientnet_b0_chapter5_core_candidates_per_bucket_500_manual_per_bucket_3_target_predicted_label_chapter5_separate_assets_final,2026-05-23T08:10:49+00:00,efficientnet_b0__fold_3__adversarial_high_conf_failure__sigma_zero__img_00015202_sigma_zero_efficientnet_b0,false,,,,,,case_bucket,adversarial_high_conf_failure,3,,adversarial_high_conf_failure,Adversarial transformation caused a high-confidence failure.,P2_non_weapon_to_weapon,efficientnet_b0,fold_3,perturbed,adversarial,sigma_zero,non_weapon,weapon,1.0,False,True,img_00015202,img_00015202__sigma_zero__efficientnet_b0,img_00015202__sigma_zero__efficientnet_b0,attacks/adversarial/sigma_zero/efficientnet_b0/fold_3/non_weapon/img_00015202__sigma_zero__efficientnet_b0.png,,,,,,
efficientnet_b0_chapter5_core_candidates_per_bucket_500_manual_per_bucket_3_target_predicted_label_chapter5_separate_assets_final,2026-05-23T08:10:49+00:00,efficientnet_b0__fold_3__adversarial_high_conf_failure__sigma_zero__img_00015205_sigma_zero_efficientnet_b0,false,,,,,,case_bucket,adversarial_high_conf_failure,3,,adversarial_high_conf_failure,Adversarial transformation caused a high-confidence failure.,P2_non_weapon_to_weapon,efficientnet_b0,fold_3,perturbed,adversarial,sigma_zero,non_weapon,weapon,1.0,False,True,img_00015205,img_00015205__sigma_zero__efficientnet_b0,img_00015205__sigma_zero__efficientnet_b0,attacks/adversarial/sigma_zero/efficientnet_b0/fold_3/non_weapon/img_00015205__sigma_zero__efficientnet_b0.png,,,,,,
efficientnet_b0_chapter5_core_candidates_per_bucket_500_manual_per_bucket_3_target_predicted_label_chapter5_separate_assets_final,2026-05-23T08:10:49+00:00,efficientnet_b0__fold_3__adversarial_high_conf_failure__sigma_zero__img_00015222_sigma_zero_efficientnet_b0,false,,,,,,case_bucket,adversarial_high_conf_failure,3,,adversarial_high_conf_failure,Adversarial transformation caused a high-confidence failure.,P2_non_weapon_to_weapon,efficientnet_b0,fold_3,perturbed,adversarial,sigma_zero,non_weapon,weapon,1.0,False,True,img_00015222,img_00015222__sigma_zero__efficientnet_b0,img_00015222__sigma_zero__efficientnet_b0,attacks/adversarial/sigma_zero/efficientnet_b0/fold_3/non_weapon/img_00015222__sigma_zero__efficientnet_b0.png,,,,,,
efficientnet_b0_chapter5_core_candidates_per_bucket_500_manual_per_bucket_3_target_predicted_label_chapter5_separate_assets_final,2026-05-23T08:10:49+00:00,efficientnet_b0__fold_3__adversarial_high_conf_failure__sigma_zero__img_00015230_sigma_zero_efficientnet_b0,false,,,,,,case_bucket,adversarial_high_conf_failure,3,,adversarial_high_conf_failure,Adversarial transformation caused a high-confidence failure.,P2_non_weapon_to_weapon,efficientnet_b0,fold_3,perturbed,adversarial,sigma_zero,non_weapon,weapon,1.0,False,True,img_00015230,img_00015230__sigma_zero__efficientnet_b0,img_00015230__sigma_zero__efficientnet_b0,attacks/adversarial/sigma_zero/efficientnet_b0/fold_3/non_weapon/img_00015230__sigma_zero__efficientnet_b0.png,,,,,,
efficientnet_b0_chapter5_core_candidates_per_bucket_500_manual_per_bucket_3_target_predicted_label_chapter5_separate_assets_final,2026-05-23T08:10:49+00:00,efficientnet_b0__fold_3__adversarial_high_conf_failure__sigma_zero__img_00015232_sigma_zero_efficientnet_b0,false,,,,,,case_bucket,adversarial_high_conf_failure,3,,adversarial_high_conf_failure,Adversarial transformation caused a high-confidence failure.,P2_non_weapon_to_weapon,efficientnet_b0,fold_3,perturbed,adversarial,sigma_zero,non_weapon,weapon,1.0,False,True,img_00015232,img_00015232__sigma_zero__efficientnet_b0,img_00015232__sigma_zero__efficientnet_b0,attacks/adversarial/sigma_zero/efficientnet_b0/fold_3/non_weapon/img_00015232__sigma_zero__efficientnet_b0.png,,,,,,
efficientnet_b0_chapter5_core_candidates_per_bucket_500_manual_per_bucket_3_target_predicted_label_chapter5_separate_assets_final,2026-05-23T08:10:49+00:00,efficientnet_b0__fold_3__adversarial_high_conf_failure__sigma_zero__img_00015236_sigma_zero_efficientnet_b0,false,,,,,,case_bucket,adversarial_high_conf_failure,3,,adversarial_high_conf_failure,Adversarial transformation caused a high-confidence failure.,P2_non_weapon_to_weapon,efficientnet_b0,fold_3,perturbed,adversarial,sigma_zero,non_weapon,weapon,1.0,False,True,img_00015236,img_00015236__sigma_zero__efficientnet_b0,img_00015236__sigma_zero__efficientnet_b0,attacks/adversarial/sigma_zero/efficientnet_b0/fold_3/non_weapon/img_00015236__sigma_zero__efficientnet_b0.png,,,,,,
efficientnet_b0_chapter5_core_candidates_per_bucket_500_manual_per_bucket_3_target_predicted_label_chapter5_separate_assets_final,2026-05-23T08:10:49+00:00,efficientnet_b0__fold_3__adversarial_high_conf_failure__sigma_zero__img_00015257_sigma_zero_efficientnet_b0,false,,,,,,case_bucket,adversarial_high_conf_failure,3,,adversarial_high_conf_failure,Adversarial transformation caused a high-confidence failure.,P2_non_weapon_to_weapon,efficientnet_b0,fold_3,perturbed,adversarial,sigma_zero,non_weapon,weapon,1.0,False,True,img_00015257,img_00015257__sigma_zero__efficientnet_b0,img_00015257__sigma_zero__efficientnet_b0,attacks/adversarial/sigma_zero/efficientnet_b0/fold_3/non_weapon/img_00015257__sigma_zero__efficientnet_b0.png,,,,,,
efficientnet_b0_chapter5_core_candidates_per_bucket_500_manual_per_bucket_3_target_predicted_label_chapter5_separate_assets_final,2026-05-23T08:10:49+00:00,efficientnet_b0__fold_3__adversarial_high_conf_failure__sigma_zero__img_00015275_sigma_zero_efficientnet_b0,false,,,,,,case_bucket,adversarial_high_conf_failure,3,,adversarial_high_conf_failure,Adversarial transformation caused a high-confidence failure.,P2_non_weapon_to_weapon,efficientnet_b0,fold_3,perturbed,adversarial,sigma_zero,non_weapon,weapon,1.0,False,True,img_00015275,img_00015275__sigma_zero__efficientnet_b0,img_00015275__sigma_zero__efficientnet_b0,attacks/adversarial/sigma_zero/efficientnet_b0/fold_3/non_weapon/img_00015275__sigma_zero__efficientnet_b0.png,,,,,,
efficientnet_b0_chapter5_core_candidates_per_bucket_500_manual_per_bucket_3_target_predicted_label_chapter5_separate_assets_final,2026-05-23T08:10:49+00:00,efficientnet_b0__fold_3__adversarial_high_conf_failure__sigma_zero__img_00015305_sigma_zero_efficientnet_b0,false,,,,,,case_bucket,adversarial_high_conf_failure,3,,adversarial_high_conf_failure,Adversarial transformation caused a high-confidence failure.,P2_non_weapon_to_weapon,efficientnet_b0,fold_3,perturbed,adversarial,sigma_zero,non_weapon,weapon,1.0,False,True,img_00015305,img_00015305__sigma_zero__efficientnet_b0,img_00015305__sigma_zero__efficientnet_b0,attacks/adversarial/sigma_zero/efficientnet_b0/fold_3/non_weapon/img_00015305__sigma_zero__efficientnet_b0.png,,,,,,
efficientnet_b0_chapter5_core_candidates_per_bucket_500_manual_per_bucket_3_target_predicted_label_chapter5_separate_assets_final,2026-05-23T08:10:49+00:00,efficientnet_b0__fold_4__adversarial_high_conf_failure__sigma_zero__img_00012947_sigma_zero_efficientnet_b0,false,,,,,,case_bucket,adversarial_high_conf_failure,3,,adversarial_high_conf_failure,Adversarial transformation caused a high-confidence failure.,P2_non_weapon_to_weapon,efficientnet_b0,fold_4,perturbed,adversarial,sigma_zero,non_weapon,weapon,1.0,False,True,img_00012947,img_00012947__sigma_zero__efficientnet_b0,img_00012947__sigma_zero__efficientnet_b0,attacks/adversarial/sigma_zero/efficientnet_b0/fold_4/non_weapon/img_00012947__sigma_zero__efficientnet_b0.png,,,,,,
efficientnet_b0_chapter5_core_candidates_per_bucket_500_manual_per_bucket_3_target_predicted_label_chapter5_separate_assets_final,2026-05-23T08:10:49+00:00,efficientnet_b0__fold_4__adversarial_high_conf_failure__sigma_zero__img_00013108_sigma_zero_efficientnet_b0,false,,,,,,case_bucket,adversarial_high_conf_failure,3,,adversarial_high_conf_failure,Adversarial transformation caused a high-confidence failure.,P2_non_weapon_to_weapon,efficientnet_b0,fold_4,perturbed,adversarial,sigma_zero,non_weapon,weapon,1.0,False,True,img_00013108,img_00013108__sigma_zero__efficientnet_b0,img_00013108__sigma_zero__efficientnet_b0,attacks/adversarial/sigma_zero/efficientnet_b0/fold_4/non_weapon/img_00013108__sigma_zero__efficientnet_b0.png,,,,,,
efficientnet_b0_chapter5_core_candidates_per_bucket_500_manual_per_bucket_3_target_predicted_label_chapter5_separate_assets_final,2026-05-23T08:10:49+00:00,efficientnet_b0__fold_4__adversarial_high_conf_failure__sigma_zero__img_00013500_sigma_zero_efficientnet_b0,false,,,,,,case_bucket,adversarial_high_conf_failure,3,,adversarial_high_conf_failure,Adversarial transformation caused a high-confidence failure.,P2_non_weapon_to_weapon,efficientnet_b0,fold_4,perturbed,adversarial,sigma_zero,non_weapon,weapon,1.0,False,True,img_00013500,img_00013500__sigma_zero__efficientnet_b0,img_00013500__sigma_zero__efficientnet_b0,attacks/adversarial/sigma_zero/efficientnet_b0/fold_4/non_weapon/img_00013500__sigma_zero__efficientnet_b0.png,,,,,,
efficientnet_b0_chapter5_core_candidates_per_bucket_500_manual_per_bucket_3_target_predicted_label_chapter5_separate_assets_final,2026-05-23T08:10:49+00:00,efficientnet_b0__fold_4__adversarial_high_conf_failure__sigma_zero__img_00013523_sigma_zero_efficientnet_b0,false,,,,,,case_bucket,adversarial_high_conf_failure,3,,adversarial_high_conf_failure,Adversarial transformation caused a high-confidence failure.,P2_non_weapon_to_weapon,efficientnet_b0,fold_4,perturbed,adversarial,sigma_zero,non_weapon,weapon,1.0,False,True,img_00013523,img_00013523__sigma_zero__efficientnet_b0,img_00013523__sigma_zero__efficientnet_b0,attacks/adversarial/sigma_zero/efficientnet_b0/fold_4/non_weapon/img_00013523__sigma_zero__efficientnet_b0.png,,,,,,
efficientnet_b0_chapter5_core_candidates_per_bucket_500_manual_per_bucket_3_target_predicted_label_chapter5_separate_assets_final,2026-05-23T08:10:49+00:00,efficientnet_b0__fold_4__adversarial_high_conf_failure__sigma_zero__img_00013551_sigma_zero_efficientnet_b0,false,,,,,,case_bucket,adversarial_high_conf_failure,3,,adversarial_high_conf_failure,Adversarial transformation caused a high-confidence failure.,P2_non_weapon_to_weapon,efficientnet_b0,fold_4,perturbed,adversarial,sigma_zero,non_weapon,weapon,1.0,False,True,img_00013551,img_00013551__sigma_zero__efficientnet_b0,img_00013551__sigma_zero__efficientnet_b0,attacks/adversarial/sigma_zero/efficientnet_b0/fold_4/non_weapon/img_00013551__sigma_zero__efficientnet_b0.png,,,,,,
efficientnet_b0_chapter5_core_candidates_per_bucket_500_manual_per_bucket_3_target_predicted_label_chapter5_separate_assets_final,2026-05-23T08:10:49+00:00,efficientnet_b0__fold_4__adversarial_high_conf_failure__sigma_zero__img_00013560_sigma_zero_efficientnet_b0,false,,,,,,case_bucket,adversarial_high_conf_failure,3,,adversarial_high_conf_failure,Adversarial transformation caused a high-confidence failure.,P2_non_weapon_to_weapon,efficientnet_b0,fold_4,perturbed,adversarial,sigma_zero,non_weapon,weapon,1.0,False,True,img_00013560,img_00013560__sigma_zero__efficientnet_b0,img_00013560__sigma_zero__efficientnet_b0,attacks/adversarial/sigma_zero/efficientnet_b0/fold_4/non_weapon/img_00013560__sigma_zero__efficientnet_b0.png,,,,,,
efficientnet_b0_chapter5_core_candidates_per_bucket_500_manual_per_bucket_3_target_predicted_label_chapter5_separate_assets_final,2026-05-23T08:10:49+00:00,efficientnet_b0__fold_4__adversarial_high_conf_failure__sigma_zero__img_00013618_sigma_zero_efficientnet_b0,false,,,,,,case_bucket,adversarial_high_conf_failure,3,,adversarial_high_conf_failure,Adversarial transformation caused a high-confidence failure.,P2_non_weapon_to_weapon,efficientnet_b0,fold_4,perturbed,adversarial,sigma_zero,non_weapon,weapon,1.0,False,True,img_00013618,img_00013618__sigma_zero__efficientnet_b0,img_00013618__sigma_zero__efficientnet_b0,attacks/adversarial/sigma_zero/efficientnet_b0/fold_4/non_weapon/img_00013618__sigma_zero__efficientnet_b0.png,,,,,,
efficientnet_b0_chapter5_core_candidates_per_bucket_500_manual_per_bucket_3_target_predicted_label_chapter5_separate_assets_final,2026-05-23T08:10:49+00:00,efficientnet_b0__fold_4__adversarial_high_conf_failure__sigma_zero__img_00014151_sigma_zero_efficientnet_b0,false,,,,,,case_bucket,adversarial_high_conf_failure,3,,adversarial_high_conf_failure,Adversarial transformation caused a high-confidence failure.,P2_non_weapon_to_weapon,efficientnet_b0,fold_4,perturbed,adversarial,sigma_zero,non_weapon,weapon,1.0,False,True,img_00014151,img_00014151__sigma_zero__efficientnet_b0,img_00014151__sigma_zero__efficientnet_b0,attacks/adversarial/sigma_zero/efficientnet_b0/fold_4/non_weapon/img_00014151__sigma_zero__efficientnet_b0.png,,,,,,
efficientnet_b0_chapter5_core_candidates_per_bucket_500_manual_per_bucket_3_target_predicted_label_chapter5_separate_assets_final,2026-05-23T08:10:49+00:00,efficientnet_b0__fold_4__adversarial_high_conf_failure__sigma_zero__img_00014422_sigma_zero_efficientnet_b0,false,,,,,,case_bucket,adversarial_high_conf_failure,3,,adversarial_high_conf_failure,Adversarial transformation caused a high-confidence failure.,P2_non_weapon_to_weapon,efficientnet_b0,fold_4,perturbed,adversarial,sigma_zero,non_weapon,weapon,1.0,False,True,img_00014422,img_00014422__sigma_zero__efficientnet_b0,img_00014422__sigma_zero__efficientnet_b0,attacks/adversarial/sigma_zero/efficientnet_b0/fold_4/non_weapon/img_00014422__sigma_zero__efficientnet_b0.png,,,,,,
efficientnet_b0_chapter5_core_candidates_per_bucket_500_manual_per_bucket_3_target_predicted_label_chapter5_separate_assets_final,2026-05-23T08:10:49+00:00,efficientnet_b0__fold_4__adversarial_high_conf_failure__sigma_zero__img_00014452_sigma_zero_efficientnet_b0,false,,,,,,case_bucket,adversarial_high_conf_failure,3,,adversarial_high_conf_failure,Adversarial transformation caused a high-confidence failure.,P2_non_weapon_to_weapon,efficientnet_b0,fold_4,perturbed,adversarial,sigma_zero,non_weapon,weapon,1.0,False,True,img_00014452,img_00014452__sigma_zero__efficientnet_b0,img_00014452__sigma_zero__efficientnet_b0,attacks/adversarial/sigma_zero/efficientnet_b0/fold_4/non_weapon/img_00014452__sigma_zero__efficientnet_b0.png,,,,,,
efficientnet_b0_chapter5_core_candidates_per_bucket_500_manual_per_bucket_3_target_predicted_label_chapter5_separate_assets_final,2026-05-23T08:10:49+00:00,efficientnet_b0__fold_4__adversarial_high_conf_failure__sigma_zero__img_00014454_sigma_zero_efficientnet_b0,false,,,,,,case_bucket,adversarial_high_conf_failure,3,,adversarial_high_conf_failure,Adversarial transformation caused a high-confidence failure.,P2_non_weapon_to_weapon,efficientnet_b0,fold_4,perturbed,adversarial,sigma_zero,non_weapon,weapon,1.0,False,True,img_00014454,img_00014454__sigma_zero__efficientnet_b0,img_00014454__sigma_zero__efficientnet_b0,attacks/adversarial/sigma_zero/efficientnet_b0/fold_4/non_weapon/img_00014454__sigma_zero__efficientnet_b0.png,,,,,,
efficientnet_b0_chapter5_core_candidates_per_bucket_500_manual_per_bucket_3_target_predicted_label_chapter5_separate_assets_final,2026-05-23T08:10:49+00:00,efficientnet_b0__fold_4__adversarial_high_conf_failure__sigma_zero__img_00014458_sigma_zero_efficientnet_b0,false,,,,,,case_bucket,adversarial_high_conf_failure,3,,adversarial_high_conf_failure,Adversarial transformation caused a high-confidence failure.,P2_non_weapon_to_weapon,efficientnet_b0,fold_4,perturbed,adversarial,sigma_zero,non_weapon,weapon,1.0,False,True,img_00014458,img_00014458__sigma_zero__efficientnet_b0,img_00014458__sigma_zero__efficientnet_b0,attacks/adversarial/sigma_zero/efficientnet_b0/fold_4/non_weapon/img_00014458__sigma_zero__efficientnet_b0.png,,,,,,
efficientnet_b0_chapter5_core_candidates_per_bucket_500_manual_per_bucket_3_target_predicted_label_chapter5_separate_assets_final,2026-05-23T08:10:49+00:00,efficientnet_b0__fold_4__adversarial_high_conf_failure__sigma_zero__img_00014466_sigma_zero_efficientnet_b0,false,,,,,,case_bucket,adversarial_high_conf_failure,3,,adversarial_high_conf_failure,Adversarial transformation caused a high-confidence failure.,P2_non_weapon_to_weapon,efficientnet_b0,fold_4,perturbed,adversarial,sigma_zero,non_weapon,weapon,1.0,False,True,img_00014466,img_00014466__sigma_zero__efficientnet_b0,img_00014466__sigma_zero__efficientnet_b0,attacks/adversarial/sigma_zero/efficientnet_b0/fold_4/non_weapon/img_00014466__sigma_zero__efficientnet_b0.png,,,,,,
efficientnet_b0_chapter5_core_candidates_per_bucket_500_manual_per_bucket_3_target_predicted_label_chapter5_separate_assets_final,2026-05-23T08:10:49+00:00,efficientnet_b0__fold_4__adversarial_high_conf_failure__sigma_zero__img_00014535_sigma_zero_efficientnet_b0,false,,,,,,case_bucket,adversarial_high_conf_failure,3,,adversarial_high_conf_failure,Adversarial transformation caused a high-confidence failure.,P2_non_weapon_to_weapon,efficientnet_b0,fold_4,perturbed,adversarial,sigma_zero,non_weapon,weapon,1.0,False,True,img_00014535,img_00014535__sigma_zero__efficientnet_b0,img_00014535__sigma_zero__efficientnet_b0,attacks/adversarial/sigma_zero/efficientnet_b0/fold_4/non_weapon/img_00014535__sigma_zero__efficientnet_b0.png,,,,,,
efficientnet_b0_chapter5_core_candidates_per_bucket_500_manual_per_bucket_3_target_predicted_label_chapter5_separate_assets_final,2026-05-23T08:10:49+00:00,efficientnet_b0__fold_4__adversarial_high_conf_failure__sigma_zero__img_00014572_sigma_zero_efficientnet_b0,false,,,,,,case_bucket,adversarial_high_conf_failure,3,,adversarial_high_conf_failure,Adversarial transformation caused a high-confidence failure.,P2_non_weapon_to_weapon,efficientnet_b0,fold_4,perturbed,adversarial,sigma_zero,non_weapon,weapon,1.0,False,True,img_00014572,img_00014572__sigma_zero__efficientnet_b0,img_00014572__sigma_zero__efficientnet_b0,attacks/adversarial/sigma_zero/efficientnet_b0/fold_4/non_weapon/img_00014572__sigma_zero__efficientnet_b0.png,,,,,,
efficientnet_b0_chapter5_core_candidates_per_bucket_500_manual_per_bucket_3_target_predicted_label_chapter5_separate_assets_final,2026-05-23T08:10:49+00:00,efficientnet_b0__fold_4__adversarial_high_conf_failure__sigma_zero__img_00014573_sigma_zero_efficientnet_b0,false,,,,,,case_bucket,adversarial_high_conf_failure,3,,adversarial_high_conf_failure,Adversarial transformation caused a high-confidence failure.,P2_non_weapon_to_weapon,efficientnet_b0,fold_4,perturbed,adversarial,sigma_zero,non_weapon,weapon,1.0,False,True,img_00014573,img_00014573__sigma_zero__efficientnet_b0,img_00014573__sigma_zero__efficientnet_b0,attacks/adversarial/sigma_zero/efficientnet_b0/fold_4/non_weapon/img_00014573__sigma_zero__efficientnet_b0.png,,,,,,
efficientnet_b0_chapter5_core_candidates_per_bucket_500_manual_per_bucket_3_target_predicted_label_chapter5_separate_assets_final,2026-05-23T08:10:49+00:00,efficientnet_b0__fold_4__adversarial_high_conf_failure__sigma_zero__img_00014590_sigma_zero_efficientnet_b0,false,,,,,,case_bucket,adversarial_high_conf_failure,3,,adversarial_high_conf_failure,Adversarial transformation caused a high-confidence failure.,P2_non_weapon_to_weapon,efficientnet_b0,fold_4,perturbed,adversarial,sigma_zero,non_weapon,weapon,1.0,False,True,img_00014590,img_00014590__sigma_zero__efficientnet_b0,img_00014590__sigma_zero__efficientnet_b0,attacks/adversarial/sigma_zero/efficientnet_b0/fold_4/non_weapon/img_00014590__sigma_zero__efficientnet_b0.png,,,,,,
efficientnet_b0_chapter5_core_candidates_per_bucket_500_manual_per_bucket_3_target_predicted_label_chapter5_separate_assets_final,2026-05-23T08:10:49+00:00,efficientnet_b0__fold_4__adversarial_high_conf_failure__sigma_zero__img_00014602_sigma_zero_efficientnet_b0,false,,,,,,case_bucket,adversarial_high_conf_failure,3,,adversarial_high_conf_failure,Adversarial transformation caused a high-confidence failure.,P2_non_weapon_to_weapon,efficientnet_b0,fold_4,perturbed,adversarial,sigma_zero,non_weapon,weapon,1.0,False,True,img_00014602,img_00014602__sigma_zero__efficientnet_b0,img_00014602__sigma_zero__efficientnet_b0,attacks/adversarial/sigma_zero/efficientnet_b0/fold_4/non_weapon/img_00014602__sigma_zero__efficientnet_b0.png,,,,,,
efficientnet_b0_chapter5_core_candidates_per_bucket_500_manual_per_bucket_3_target_predicted_label_chapter5_separate_assets_final,2026-05-23T08:10:49+00:00,efficientnet_b0__fold_4__adversarial_high_conf_failure__sigma_zero__img_00014636_sigma_zero_efficientnet_b0,false,,,,,,case_bucket,adversarial_high_conf_failure,3,,adversarial_high_conf_failure,Adversarial transformation caused a high-confidence failure.,P2_non_weapon_to_weapon,efficientnet_b0,fold_4,perturbed,adversarial,sigma_zero,non_weapon,weapon,1.0,False,True,img_00014636,img_00014636__sigma_zero__efficientnet_b0,img_00014636__sigma_zero__efficientnet_b0,attacks/adversarial/sigma_zero/efficientnet_b0/fold_4/non_weapon/img_00014636__sigma_zero__efficientnet_b0.png,,,,,,
efficientnet_b0_chapter5_core_candidates_per_bucket_500_manual_per_bucket_3_target_predicted_label_chapter5_separate_assets_final,2026-05-23T08:10:49+00:00,efficientnet_b0__fold_4__adversarial_high_conf_failure__sigma_zero__img_00014651_sigma_zero_efficientnet_b0,false,,,,,,case_bucket,adversarial_high_conf_failure,3,,adversarial_high_conf_failure,Adversarial transformation caused a high-confidence failure.,P2_non_weapon_to_weapon,efficientnet_b0,fold_4,perturbed,adversarial,sigma_zero,non_weapon,weapon,1.0,False,True,img_00014651,img_00014651__sigma_zero__efficientnet_b0,img_00014651__sigma_zero__efficientnet_b0,attacks/adversarial/sigma_zero/efficientnet_b0/fold_4/non_weapon/img_00014651__sigma_zero__efficientnet_b0.png,,,,,,
efficientnet_b0_chapter5_core_candidates_per_bucket_500_manual_per_bucket_3_target_predicted_label_chapter5_separate_assets_final,2026-05-23T08:10:49+00:00,efficientnet_b0__fold_4__adversarial_high_conf_failure__sigma_zero__img_00014658_sigma_zero_efficientnet_b0,false,,,,,,case_bucket,adversarial_high_conf_failure,3,,adversarial_high_conf_failure,Adversarial transformation caused a high-confidence failure.,P2_non_weapon_to_weapon,efficientnet_b0,fold_4,perturbed,adversarial,sigma_zero,non_weapon,weapon,1.0,False,True,img_00014658,img_00014658__sigma_zero__efficientnet_b0,img_00014658__sigma_zero__efficientnet_b0,attacks/adversarial/sigma_zero/efficientnet_b0/fold_4/non_weapon/img_00014658__sigma_zero__efficientnet_b0.png,,,,,,
efficientnet_b0_chapter5_core_candidates_per_bucket_500_manual_per_bucket_3_target_predicted_label_chapter5_separate_assets_final,2026-05-23T08:10:49+00:00,efficientnet_b0__fold_4__adversarial_high_conf_failure__sigma_zero__img_00014668_sigma_zero_efficientnet_b0,false,,,,,,case_bucket,adversarial_high_conf_failure,3,,adversarial_high_conf_failure,Adversarial transformation caused a high-confidence failure.,P2_non_weapon_to_weapon,efficientnet_b0,fold_4,perturbed,adversarial,sigma_zero,non_weapon,weapon,1.0,False,True,img_00014668,img_00014668__sigma_zero__efficientnet_b0,img_00014668__sigma_zero__efficientnet_b0,attacks/adversarial/sigma_zero/efficientnet_b0/fold_4/non_weapon/img_00014668__sigma_zero__efficientnet_b0.png,,,,,,
efficientnet_b0_chapter5_core_candidates_per_bucket_500_manual_per_bucket_3_target_predicted_label_chapter5_separate_assets_final,2026-05-23T08:10:49+00:00,efficientnet_b0__fold_4__adversarial_high_conf_failure__sigma_zero__img_00014669_sigma_zero_efficientnet_b0,false,,,,,,case_bucket,adversarial_high_conf_failure,3,,adversarial_high_conf_failure,Adversarial transformation caused a high-confidence failure.,P2_non_weapon_to_weapon,efficientnet_b0,fold_4,perturbed,adversarial,sigma_zero,non_weapon,weapon,1.0,False,True,img_00014669,img_00014669__sigma_zero__efficientnet_b0,img_00014669__sigma_zero__efficientnet_b0,attacks/adversarial/sigma_zero/efficientnet_b0/fold_4/non_weapon/img_00014669__sigma_zero__efficientnet_b0.png,,,,,,
efficientnet_b0_chapter5_core_candidates_per_bucket_500_manual_per_bucket_3_target_predicted_label_chapter5_separate_assets_final,2026-05-23T08:10:49+00:00,efficientnet_b0__fold_4__adversarial_high_conf_failure__sigma_zero__img_00014675_sigma_zero_efficientnet_b0,false,,,,,,case_bucket,adversarial_high_conf_failure,3,,adversarial_high_conf_failure,Adversarial transformation caused a high-confidence failure.,P2_non_weapon_to_weapon,efficientnet_b0,fold_4,perturbed,adversarial,sigma_zero,non_weapon,weapon,1.0,False,True,img_00014675,img_00014675__sigma_zero__efficientnet_b0,img_00014675__sigma_zero__efficientnet_b0,attacks/adversarial/sigma_zero/efficientnet_b0/fold_4/non_weapon/img_00014675__sigma_zero__efficientnet_b0.png,,,,,,
efficientnet_b0_chapter5_core_candidates_per_bucket_500_manual_per_bucket_3_target_predicted_label_chapter5_separate_assets_final,2026-05-23T08:10:49+00:00,efficientnet_b0__fold_4__adversarial_high_conf_failure__sigma_zero__img_00014680_sigma_zero_efficientnet_b0,false,,,,,,case_bucket,adversarial_high_conf_failure,3,,adversarial_high_conf_failure,Adversarial transformation caused a high-confidence failure.,P2_non_weapon_to_weapon,efficientnet_b0,fold_4,perturbed,adversarial,sigma_zero,non_weapon,weapon,1.0,False,True,img_00014680,img_00014680__sigma_zero__efficientnet_b0,img_00014680__sigma_zero__efficientnet_b0,attacks/adversarial/sigma_zero/efficientnet_b0/fold_4/non_weapon/img_00014680__sigma_zero__efficientnet_b0.png,,,,,,
efficientnet_b0_chapter5_core_candidates_per_bucket_500_manual_per_bucket_3_target_predicted_label_chapter5_separate_assets_final,2026-05-23T08:10:49+00:00,efficientnet_b0__fold_4__adversarial_high_conf_failure__sigma_zero__img_00014690_sigma_zero_efficientnet_b0,false,,,,,,case_bucket,adversarial_high_conf_failure,3,,adversarial_high_conf_failure,Adversarial transformation caused a high-confidence failure.,P2_non_weapon_to_weapon,efficientnet_b0,fold_4,perturbed,adversarial,sigma_zero,non_weapon,weapon,1.0,False,True,img_00014690,img_00014690__sigma_zero__efficientnet_b0,img_00014690__sigma_zero__efficientnet_b0,attacks/adversarial/sigma_zero/efficientnet_b0/fold_4/non_weapon/img_00014690__sigma_zero__efficientnet_b0.png,,,,,,
efficientnet_b0_chapter5_core_candidates_per_bucket_500_manual_per_bucket_3_target_predicted_label_chapter5_separate_assets_final,2026-05-23T08:10:49+00:00,efficientnet_b0__fold_4__adversarial_high_conf_failure__sigma_zero__img_00014710_sigma_zero_efficientnet_b0,false,,,,,,case_bucket,adversarial_high_conf_failure,3,,adversarial_high_conf_failure,Adversarial transformation caused a high-confidence failure.,P2_non_weapon_to_weapon,efficientnet_b0,fold_4,perturbed,adversarial,sigma_zero,non_weapon,weapon,1.0,False,True,img_00014710,img_00014710__sigma_zero__efficientnet_b0,img_00014710__sigma_zero__efficientnet_b0,attacks/adversarial/sigma_zero/efficientnet_b0/fold_4/non_weapon/img_00014710__sigma_zero__efficientnet_b0.png,,,,,,
efficientnet_b0_chapter5_core_candidates_per_bucket_500_manual_per_bucket_3_target_predicted_label_chapter5_separate_assets_final,2026-05-23T08:10:49+00:00,efficientnet_b0__fold_4__adversarial_high_conf_failure__sigma_zero__img_00014730_sigma_zero_efficientnet_b0,false,,,,,,case_bucket,adversarial_high_conf_failure,3,,adversarial_high_conf_failure,Adversarial transformation caused a high-confidence failure.,P2_non_weapon_to_weapon,efficientnet_b0,fold_4,perturbed,adversarial,sigma_zero,non_weapon,weapon,1.0,False,True,img_00014730,img_00014730__sigma_zero__efficientnet_b0,img_00014730__sigma_zero__efficientnet_b0,attacks/adversarial/sigma_zero/efficientnet_b0/fold_4/non_weapon/img_00014730__sigma_zero__efficientnet_b0.png,,,,,,
efficientnet_b0_chapter5_core_candidates_per_bucket_500_manual_per_bucket_3_target_predicted_label_chapter5_separate_assets_final,2026-05-23T08:10:49+00:00,efficientnet_b0__fold_4__adversarial_high_conf_failure__sigma_zero__img_00014739_sigma_zero_efficientnet_b0,false,,,,,,case_bucket,adversarial_high_conf_failure,3,,adversarial_high_conf_failure,Adversarial transformation caused a high-confidence failure.,P2_non_weapon_to_weapon,efficientnet_b0,fold_4,perturbed,adversarial,sigma_zero,non_weapon,weapon,1.0,False,True,img_00014739,img_00014739__sigma_zero__efficientnet_b0,img_00014739__sigma_zero__efficientnet_b0,attacks/adversarial/sigma_zero/efficientnet_b0/fold_4/non_weapon/img_00014739__sigma_zero__efficientnet_b0.png,,,,,,
efficientnet_b0_chapter5_core_candidates_per_bucket_500_manual_per_bucket_3_target_predicted_label_chapter5_separate_assets_final,2026-05-23T08:10:49+00:00,efficientnet_b0__fold_4__adversarial_high_conf_failure__sigma_zero__img_00014748_sigma_zero_efficientnet_b0,false,,,,,,case_bucket,adversarial_high_conf_failure,3,,adversarial_high_conf_failure,Adversarial transformation caused a high-confidence failure.,P2_non_weapon_to_weapon,efficientnet_b0,fold_4,perturbed,adversarial,sigma_zero,non_weapon,weapon,1.0,False,True,img_00014748,img_00014748__sigma_zero__efficientnet_b0,img_00014748__sigma_zero__efficientnet_b0,attacks/adversarial/sigma_zero/efficientnet_b0/fold_4/non_weapon/img_00014748__sigma_zero__efficientnet_b0.png,,,,,,
efficientnet_b0_chapter5_core_candidates_per_bucket_500_manual_per_bucket_3_target_predicted_label_chapter5_separate_assets_final,2026-05-23T08:10:49+00:00,efficientnet_b0__fold_4__adversarial_high_conf_failure__sigma_zero__img_00014776_sigma_zero_efficientnet_b0,false,,,,,,case_bucket,adversarial_high_conf_failure,3,,adversarial_high_conf_failure,Adversarial transformation caused a high-confidence failure.,P2_non_weapon_to_weapon,efficientnet_b0,fold_4,perturbed,adversarial,sigma_zero,non_weapon,weapon,1.0,False,True,img_00014776,img_00014776__sigma_zero__efficientnet_b0,img_00014776__sigma_zero__efficientnet_b0,attacks/adversarial/sigma_zero/efficientnet_b0/fold_4/non_weapon/img_00014776__sigma_zero__efficientnet_b0.png,,,,,,
efficientnet_b0_chapter5_core_candidates_per_bucket_500_manual_per_bucket_3_target_predicted_label_chapter5_separate_assets_final,2026-05-23T08:10:49+00:00,efficientnet_b0__fold_4__adversarial_high_conf_failure__sigma_zero__img_00014784_sigma_zero_efficientnet_b0,false,,,,,,case_bucket,adversarial_high_conf_failure,3,,adversarial_high_conf_failure,Adversarial transformation caused a high-confidence failure.,P2_non_weapon_to_weapon,efficientnet_b0,fold_4,perturbed,adversarial,sigma_zero,non_weapon,weapon,1.0,False,True,img_00014784,img_00014784__sigma_zero__efficientnet_b0,img_00014784__sigma_zero__efficientnet_b0,attacks/adversarial/sigma_zero/efficientnet_b0/fold_4/non_weapon/img_00014784__sigma_zero__efficientnet_b0.png,,,,,,
efficientnet_b0_chapter5_core_candidates_per_bucket_500_manual_per_bucket_3_target_predicted_label_chapter5_separate_assets_final,2026-05-23T08:10:49+00:00,efficientnet_b0__fold_4__adversarial_high_conf_failure__sigma_zero__img_00014794_sigma_zero_efficientnet_b0,false,,,,,,case_bucket,adversarial_high_conf_failure,3,,adversarial_high_conf_failure,Adversarial transformation caused a high-confidence failure.,P2_non_weapon_to_weapon,efficientnet_b0,fold_4,perturbed,adversarial,sigma_zero,non_weapon,weapon,1.0,False,True,img_00014794,img_00014794__sigma_zero__efficientnet_b0,img_00014794__sigma_zero__efficientnet_b0,attacks/adversarial/sigma_zero/efficientnet_b0/fold_4/non_weapon/img_00014794__sigma_zero__efficientnet_b0.png,,,,,,
efficientnet_b0_chapter5_core_candidates_per_bucket_500_manual_per_bucket_3_target_predicted_label_chapter5_separate_assets_final,2026-05-23T08:10:49+00:00,efficientnet_b0__fold_4__adversarial_high_conf_failure__sigma_zero__img_00014810_sigma_zero_efficientnet_b0,false,,,,,,case_bucket,adversarial_high_conf_failure,3,,adversarial_high_conf_failure,Adversarial transformation caused a high-confidence failure.,P2_non_weapon_to_weapon,efficientnet_b0,fold_4,perturbed,adversarial,sigma_zero,non_weapon,weapon,1.0,False,True,img_00014810,img_00014810__sigma_zero__efficientnet_b0,img_00014810__sigma_zero__efficientnet_b0,attacks/adversarial/sigma_zero/efficientnet_b0/fold_4/non_weapon/img_00014810__sigma_zero__efficientnet_b0.png,,,,,,
efficientnet_b0_chapter5_core_candidates_per_bucket_500_manual_per_bucket_3_target_predicted_label_chapter5_separate_assets_final,2026-05-23T08:10:49+00:00,efficientnet_b0__fold_4__adversarial_high_conf_failure__sigma_zero__img_00014824_sigma_zero_efficientnet_b0,false,,,,,,case_bucket,adversarial_high_conf_failure,3,,adversarial_high_conf_failure,Adversarial transformation caused a high-confidence failure.,P2_non_weapon_to_weapon,efficientnet_b0,fold_4,perturbed,adversarial,sigma_zero,non_weapon,weapon,1.0,False,True,img_00014824,img_00014824__sigma_zero__efficientnet_b0,img_00014824__sigma_zero__efficientnet_b0,attacks/adversarial/sigma_zero/efficientnet_b0/fold_4/non_weapon/img_00014824__sigma_zero__efficientnet_b0.png,,,,,,
efficientnet_b0_chapter5_core_candidates_per_bucket_500_manual_per_bucket_3_target_predicted_label_chapter5_separate_assets_final,2026-05-23T08:10:49+00:00,efficientnet_b0__fold_4__adversarial_high_conf_failure__sigma_zero__img_00014829_sigma_zero_efficientnet_b0,false,,,,,,case_bucket,adversarial_high_conf_failure,3,,adversarial_high_conf_failure,Adversarial transformation caused a high-confidence failure.,P2_non_weapon_to_weapon,efficientnet_b0,fold_4,perturbed,adversarial,sigma_zero,non_weapon,weapon,1.0,False,True,img_00014829,img_00014829__sigma_zero__efficientnet_b0,img_00014829__sigma_zero__efficientnet_b0,attacks/adversarial/sigma_zero/efficientnet_b0/fold_4/non_weapon/img_00014829__sigma_zero__efficientnet_b0.png,,,,,,
efficientnet_b0_chapter5_core_candidates_per_bucket_500_manual_per_bucket_3_target_predicted_label_chapter5_separate_assets_final,2026-05-23T08:10:49+00:00,efficientnet_b0__fold_4__adversarial_high_conf_failure__sigma_zero__img_00014843_sigma_zero_efficientnet_b0,false,,,,,,case_bucket,adversarial_high_conf_failure,3,,adversarial_high_conf_failure,Adversarial transformation caused a high-confidence failure.,P2_non_weapon_to_weapon,efficientnet_b0,fold_4,perturbed,adversarial,sigma_zero,non_weapon,weapon,1.0,False,True,img_00014843,img_00014843__sigma_zero__efficientnet_b0,img_00014843__sigma_zero__efficientnet_b0,attacks/adversarial/sigma_zero/efficientnet_b0/fold_4/non_weapon/img_00014843__sigma_zero__efficientnet_b0.png,,,,,,
efficientnet_b0_chapter5_core_candidates_per_bucket_500_manual_per_bucket_3_target_predicted_label_chapter5_separate_assets_final,2026-05-23T08:10:49+00:00,efficientnet_b0__fold_4__adversarial_high_conf_failure__sigma_zero__img_00014905_sigma_zero_efficientnet_b0,false,,,,,,case_bucket,adversarial_high_conf_failure,3,,adversarial_high_conf_failure,Adversarial transformation caused a high-confidence failure.,P2_non_weapon_to_weapon,efficientnet_b0,fold_4,perturbed,adversarial,sigma_zero,non_weapon,weapon,1.0,False,True,img_00014905,img_00014905__sigma_zero__efficientnet_b0,img_00014905__sigma_zero__efficientnet_b0,attacks/adversarial/sigma_zero/efficientnet_b0/fold_4/non_weapon/img_00014905__sigma_zero__efficientnet_b0.png,,,,,,
efficientnet_b0_chapter5_core_candidates_per_bucket_500_manual_per_bucket_3_target_predicted_label_chapter5_separate_assets_final,2026-05-23T08:10:49+00:00,efficientnet_b0__fold_4__adversarial_high_conf_failure__sigma_zero__img_00014930_sigma_zero_efficientnet_b0,false,,,,,,case_bucket,adversarial_high_conf_failure,3,,adversarial_high_conf_failure,Adversarial transformation caused a high-confidence failure.,P2_non_weapon_to_weapon,efficientnet_b0,fold_4,perturbed,adversarial,sigma_zero,non_weapon,weapon,1.0,False,True,img_00014930,img_00014930__sigma_zero__efficientnet_b0,img_00014930__sigma_zero__efficientnet_b0,attacks/adversarial/sigma_zero/efficientnet_b0/fold_4/non_weapon/img_00014930__sigma_zero__efficientnet_b0.png,,,,,,
efficientnet_b0_chapter5_core_candidates_per_bucket_500_manual_per_bucket_3_target_predicted_label_chapter5_separate_assets_final,2026-05-23T08:10:49+00:00,efficientnet_b0__fold_4__adversarial_high_conf_failure__sigma_zero__img_00014931_sigma_zero_efficientnet_b0,false,,,,,,case_bucket,adversarial_high_conf_failure,3,,adversarial_high_conf_failure,Adversarial transformation caused a high-confidence failure.,P2_non_weapon_to_weapon,efficientnet_b0,fold_4,perturbed,adversarial,sigma_zero,non_weapon,weapon,1.0,False,True,img_00014931,img_00014931__sigma_zero__efficientnet_b0,img_00014931__sigma_zero__efficientnet_b0,attacks/adversarial/sigma_zero/efficientnet_b0/fold_4/non_weapon/img_00014931__sigma_zero__efficientnet_b0.png,,,,,,
efficientnet_b0_chapter5_core_candidates_per_bucket_500_manual_per_bucket_3_target_predicted_label_chapter5_separate_assets_final,2026-05-23T08:10:49+00:00,efficientnet_b0__fold_4__adversarial_high_conf_failure__sigma_zero__img_00014947_sigma_zero_efficientnet_b0,false,,,,,,case_bucket,adversarial_high_conf_failure,3,,adversarial_high_conf_failure,Adversarial transformation caused a high-confidence failure.,P2_non_weapon_to_weapon,efficientnet_b0,fold_4,perturbed,adversarial,sigma_zero,non_weapon,weapon,1.0,False,True,img_00014947,img_00014947__sigma_zero__efficientnet_b0,img_00014947__sigma_zero__efficientnet_b0,attacks/adversarial/sigma_zero/efficientnet_b0/fold_4/non_weapon/img_00014947__sigma_zero__efficientnet_b0.png,,,,,,
efficientnet_b0_chapter5_core_candidates_per_bucket_500_manual_per_bucket_3_target_predicted_label_chapter5_separate_assets_final,2026-05-23T08:10:49+00:00,efficientnet_b0__fold_4__adversarial_high_conf_failure__sigma_zero__img_00014966_sigma_zero_efficientnet_b0,false,,,,,,case_bucket,adversarial_high_conf_failure,3,,adversarial_high_conf_failure,Adversarial transformation caused a high-confidence failure.,P2_non_weapon_to_weapon,efficientnet_b0,fold_4,perturbed,adversarial,sigma_zero,non_weapon,weapon,1.0,False,True,img_00014966,img_00014966__sigma_zero__efficientnet_b0,img_00014966__sigma_zero__efficientnet_b0,attacks/adversarial/sigma_zero/efficientnet_b0/fold_4/non_weapon/img_00014966__sigma_zero__efficientnet_b0.png,,,,,,
efficientnet_b0_chapter5_core_candidates_per_bucket_500_manual_per_bucket_3_target_predicted_label_chapter5_separate_assets_final,2026-05-23T08:10:49+00:00,efficientnet_b0__fold_4__adversarial_high_conf_failure__sigma_zero__img_00014985_sigma_zero_efficientnet_b0,false,,,,,,case_bucket,adversarial_high_conf_failure,3,,adversarial_high_conf_failure,Adversarial transformation caused a high-confidence failure.,P2_non_weapon_to_weapon,efficientnet_b0,fold_4,perturbed,adversarial,sigma_zero,non_weapon,weapon,1.0,False,True,img_00014985,img_00014985__sigma_zero__efficientnet_b0,img_00014985__sigma_zero__efficientnet_b0,attacks/adversarial/sigma_zero/efficientnet_b0/fold_4/non_weapon/img_00014985__sigma_zero__efficientnet_b0.png,,,,,,
efficientnet_b0_chapter5_core_candidates_per_bucket_500_manual_per_bucket_3_target_predicted_label_chapter5_separate_assets_final,2026-05-23T08:10:49+00:00,efficientnet_b0__fold_4__adversarial_high_conf_failure__sigma_zero__img_00015001_sigma_zero_efficientnet_b0,false,,,,,,case_bucket,adversarial_high_conf_failure,3,,adversarial_high_conf_failure,Adversarial transformation caused a high-confidence failure.,P2_non_weapon_to_weapon,efficientnet_b0,fold_4,perturbed,adversarial,sigma_zero,non_weapon,weapon,1.0,False,True,img_00015001,img_00015001__sigma_zero__efficientnet_b0,img_00015001__sigma_zero__efficientnet_b0,attacks/adversarial/sigma_zero/efficientnet_b0/fold_4/non_weapon/img_00015001__sigma_zero__efficientnet_b0.png,,,,,,
efficientnet_b0_chapter5_core_candidates_per_bucket_500_manual_per_bucket_3_target_predicted_label_chapter5_separate_assets_final,2026-05-23T08:10:49+00:00,efficientnet_b0__fold_4__adversarial_high_conf_failure__sigma_zero__img_00015025_sigma_zero_efficientnet_b0,false,,,,,,case_bucket,adversarial_high_conf_failure,3,,adversarial_high_conf_failure,Adversarial transformation caused a high-confidence failure.,P2_non_weapon_to_weapon,efficientnet_b0,fold_4,perturbed,adversarial,sigma_zero,non_weapon,weapon,1.0,False,True,img_00015025,img_00015025__sigma_zero__efficientnet_b0,img_00015025__sigma_zero__efficientnet_b0,attacks/adversarial/sigma_zero/efficientnet_b0/fold_4/non_weapon/img_00015025__sigma_zero__efficientnet_b0.png,,,,,,
efficientnet_b0_chapter5_core_candidates_per_bucket_500_manual_per_bucket_3_target_predicted_label_chapter5_separate_assets_final,2026-05-23T08:10:49+00:00,efficientnet_b0__fold_4__adversarial_high_conf_failure__sigma_zero__img_00015026_sigma_zero_efficientnet_b0,false,,,,,,case_bucket,adversarial_high_conf_failure,3,,adversarial_high_conf_failure,Adversarial transformation caused a high-confidence failure.,P2_non_weapon_to_weapon,efficientnet_b0,fold_4,perturbed,adversarial,sigma_zero,non_weapon,weapon,1.0,False,True,img_00015026,img_00015026__sigma_zero__efficientnet_b0,img_00015026__sigma_zero__efficientnet_b0,attacks/adversarial/sigma_zero/efficientnet_b0/fold_4/non_weapon/img_00015026__sigma_zero__efficientnet_b0.png,,,,,,
efficientnet_b0_chapter5_core_candidates_per_bucket_500_manual_per_bucket_3_target_predicted_label_chapter5_separate_assets_final,2026-05-23T08:10:49+00:00,efficientnet_b0__fold_4__adversarial_high_conf_failure__sigma_zero__img_00015043_sigma_zero_efficientnet_b0,false,,,,,,case_bucket,adversarial_high_conf_failure,3,,adversarial_high_conf_failure,Adversarial transformation caused a high-confidence failure.,P2_non_weapon_to_weapon,efficientnet_b0,fold_4,perturbed,adversarial,sigma_zero,non_weapon,weapon,1.0,False,True,img_00015043,img_00015043__sigma_zero__efficientnet_b0,img_00015043__sigma_zero__efficientnet_b0,attacks/adversarial/sigma_zero/efficientnet_b0/fold_4/non_weapon/img_00015043__sigma_zero__efficientnet_b0.png,,,,,,
efficientnet_b0_chapter5_core_candidates_per_bucket_500_manual_per_bucket_3_target_predicted_label_chapter5_separate_assets_final,2026-05-23T08:10:49+00:00,efficientnet_b0__fold_4__adversarial_high_conf_failure__sigma_zero__img_00015053_sigma_zero_efficientnet_b0,false,,,,,,case_bucket,adversarial_high_conf_failure,3,,adversarial_high_conf_failure,Adversarial transformation caused a high-confidence failure.,P2_non_weapon_to_weapon,efficientnet_b0,fold_4,perturbed,adversarial,sigma_zero,non_weapon,weapon,1.0,False,True,img_00015053,img_00015053__sigma_zero__efficientnet_b0,img_00015053__sigma_zero__efficientnet_b0,attacks/adversarial/sigma_zero/efficientnet_b0/fold_4/non_weapon/img_00015053__sigma_zero__efficientnet_b0.png,,,,,,
efficientnet_b0_chapter5_core_candidates_per_bucket_500_manual_per_bucket_3_target_predicted_label_chapter5_separate_assets_final,2026-05-23T08:10:49+00:00,efficientnet_b0__fold_4__adversarial_high_conf_failure__sigma_zero__img_00015057_sigma_zero_efficientnet_b0,false,,,,,,case_bucket,adversarial_high_conf_failure,3,,adversarial_high_conf_failure,Adversarial transformation caused a high-confidence failure.,P2_non_weapon_to_weapon,efficientnet_b0,fold_4,perturbed,adversarial,sigma_zero,non_weapon,weapon,1.0,False,True,img_00015057,img_00015057__sigma_zero__efficientnet_b0,img_00015057__sigma_zero__efficientnet_b0,attacks/adversarial/sigma_zero/efficientnet_b0/fold_4/non_weapon/img_00015057__sigma_zero__efficientnet_b0.png,,,,,,
efficientnet_b0_chapter5_core_candidates_per_bucket_500_manual_per_bucket_3_target_predicted_label_chapter5_separate_assets_final,2026-05-23T08:10:49+00:00,efficientnet_b0__fold_4__adversarial_high_conf_failure__sigma_zero__img_00015106_sigma_zero_efficientnet_b0,false,,,,,,case_bucket,adversarial_high_conf_failure,3,,adversarial_high_conf_failure,Adversarial transformation caused a high-confidence failure.,P2_non_weapon_to_weapon,efficientnet_b0,fold_4,perturbed,adversarial,sigma_zero,non_weapon,weapon,1.0,False,True,img_00015106,img_00015106__sigma_zero__efficientnet_b0,img_00015106__sigma_zero__efficientnet_b0,attacks/adversarial/sigma_zero/efficientnet_b0/fold_4/non_weapon/img_00015106__sigma_zero__efficientnet_b0.png,,,,,,
efficientnet_b0_chapter5_core_candidates_per_bucket_500_manual_per_bucket_3_target_predicted_label_chapter5_separate_assets_final,2026-05-23T08:10:49+00:00,efficientnet_b0__fold_4__adversarial_high_conf_failure__sigma_zero__img_00015123_sigma_zero_efficientnet_b0,false,,,,,,case_bucket,adversarial_high_conf_failure,3,,adversarial_high_conf_failure,Adversarial transformation caused a high-confidence failure.,P2_non_weapon_to_weapon,efficientnet_b0,fold_4,perturbed,adversarial,sigma_zero,non_weapon,weapon,1.0,False,True,img_00015123,img_00015123__sigma_zero__efficientnet_b0,img_00015123__sigma_zero__efficientnet_b0,attacks/adversarial/sigma_zero/efficientnet_b0/fold_4/non_weapon/img_00015123__sigma_zero__efficientnet_b0.png,,,,,,
efficientnet_b0_chapter5_core_candidates_per_bucket_500_manual_per_bucket_3_target_predicted_label_chapter5_separate_assets_final,2026-05-23T08:10:49+00:00,efficientnet_b0__fold_4__adversarial_high_conf_failure__sigma_zero__img_00015139_sigma_zero_efficientnet_b0,false,,,,,,case_bucket,adversarial_high_conf_failure,3,,adversarial_high_conf_failure,Adversarial transformation caused a high-confidence failure.,P2_non_weapon_to_weapon,efficientnet_b0,fold_4,perturbed,adversarial,sigma_zero,non_weapon,weapon,1.0,False,True,img_00015139,img_00015139__sigma_zero__efficientnet_b0,img_00015139__sigma_zero__efficientnet_b0,attacks/adversarial/sigma_zero/efficientnet_b0/fold_4/non_weapon/img_00015139__sigma_zero__efficientnet_b0.png,,,,,,
efficientnet_b0_chapter5_core_candidates_per_bucket_500_manual_per_bucket_3_target_predicted_label_chapter5_separate_assets_final,2026-05-23T08:10:49+00:00,efficientnet_b0__fold_4__adversarial_high_conf_failure__sigma_zero__img_00015140_sigma_zero_efficientnet_b0,false,,,,,,case_bucket,adversarial_high_conf_failure,3,,adversarial_high_conf_failure,Adversarial transformation caused a high-confidence failure.,P2_non_weapon_to_weapon,efficientnet_b0,fold_4,perturbed,adversarial,sigma_zero,non_weapon,weapon,1.0,False,True,img_00015140,img_00015140__sigma_zero__efficientnet_b0,img_00015140__sigma_zero__efficientnet_b0,attacks/adversarial/sigma_zero/efficientnet_b0/fold_4/non_weapon/img_00015140__sigma_zero__efficientnet_b0.png,,,,,,
efficientnet_b0_chapter5_core_candidates_per_bucket_500_manual_per_bucket_3_target_predicted_label_chapter5_separate_assets_final,2026-05-23T08:10:49+00:00,efficientnet_b0__fold_4__adversarial_high_conf_failure__sigma_zero__img_00015149_sigma_zero_efficientnet_b0,false,,,,,,case_bucket,adversarial_high_conf_failure,3,,adversarial_high_conf_failure,Adversarial transformation caused a high-confidence failure.,P2_non_weapon_to_weapon,efficientnet_b0,fold_4,perturbed,adversarial,sigma_zero,non_weapon,weapon,1.0,False,True,img_00015149,img_00015149__sigma_zero__efficientnet_b0,img_00015149__sigma_zero__efficientnet_b0,attacks/adversarial/sigma_zero/efficientnet_b0/fold_4/non_weapon/img_00015149__sigma_zero__efficientnet_b0.png,,,,,,
efficientnet_b0_chapter5_core_candidates_per_bucket_500_manual_per_bucket_3_target_predicted_label_chapter5_separate_assets_final,2026-05-23T08:10:49+00:00,efficientnet_b0__fold_4__adversarial_high_conf_failure__sigma_zero__img_00015165_sigma_zero_efficientnet_b0,false,,,,,,case_bucket,adversarial_high_conf_failure,3,,adversarial_high_conf_failure,Adversarial transformation caused a high-confidence failure.,P2_non_weapon_to_weapon,efficientnet_b0,fold_4,perturbed,adversarial,sigma_zero,non_weapon,weapon,1.0,False,True,img_00015165,img_00015165__sigma_zero__efficientnet_b0,img_00015165__sigma_zero__efficientnet_b0,attacks/adversarial/sigma_zero/efficientnet_b0/fold_4/non_weapon/img_00015165__sigma_zero__efficientnet_b0.png,,,,,,
efficientnet_b0_chapter5_core_candidates_per_bucket_500_manual_per_bucket_3_target_predicted_label_chapter5_separate_assets_final,2026-05-23T08:10:49+00:00,efficientnet_b0__fold_4__adversarial_high_conf_failure__sigma_zero__img_00015175_sigma_zero_efficientnet_b0,false,,,,,,case_bucket,adversarial_high_conf_failure,3,,adversarial_high_conf_failure,Adversarial transformation caused a high-confidence failure.,P2_non_weapon_to_weapon,efficientnet_b0,fold_4,perturbed,adversarial,sigma_zero,non_weapon,weapon,1.0,False,True,img_00015175,img_00015175__sigma_zero__efficientnet_b0,img_00015175__sigma_zero__efficientnet_b0,attacks/adversarial/sigma_zero/efficientnet_b0/fold_4/non_weapon/img_00015175__sigma_zero__efficientnet_b0.png,,,,,,
efficientnet_b0_chapter5_core_candidates_per_bucket_500_manual_per_bucket_3_target_predicted_label_chapter5_separate_assets_final,2026-05-23T08:10:49+00:00,efficientnet_b0__fold_4__adversarial_high_conf_failure__sigma_zero__img_00015211_sigma_zero_efficientnet_b0,false,,,,,,case_bucket,adversarial_high_conf_failure,3,,adversarial_high_conf_failure,Adversarial transformation caused a high-confidence failure.,P2_non_weapon_to_weapon,efficientnet_b0,fold_4,perturbed,adversarial,sigma_zero,non_weapon,weapon,1.0,False,True,img_00015211,img_00015211__sigma_zero__efficientnet_b0,img_00015211__sigma_zero__efficientnet_b0,attacks/adversarial/sigma_zero/efficientnet_b0/fold_4/non_weapon/img_00015211__sigma_zero__efficientnet_b0.png,,,,,,
efficientnet_b0_chapter5_core_candidates_per_bucket_500_manual_per_bucket_3_target_predicted_label_chapter5_separate_assets_final,2026-05-23T08:10:49+00:00,efficientnet_b0__fold_4__adversarial_high_conf_failure__sigma_zero__img_00015219_sigma_zero_efficientnet_b0,false,,,,,,case_bucket,adversarial_high_conf_failure,3,,adversarial_high_conf_failure,Adversarial transformation caused a high-confidence failure.,P2_non_weapon_to_weapon,efficientnet_b0,fold_4,perturbed,adversarial,sigma_zero,non_weapon,weapon,1.0,False,True,img_00015219,img_00015219__sigma_zero__efficientnet_b0,img_00015219__sigma_zero__efficientnet_b0,attacks/adversarial/sigma_zero/efficientnet_b0/fold_4/non_weapon/img_00015219__sigma_zero__efficientnet_b0.png,,,,,,
efficientnet_b0_chapter5_core_candidates_per_bucket_500_manual_per_bucket_3_target_predicted_label_chapter5_separate_assets_final,2026-05-23T08:10:49+00:00,efficientnet_b0__fold_4__adversarial_high_conf_failure__sigma_zero__img_00015277_sigma_zero_efficientnet_b0,false,,,,,,case_bucket,adversarial_high_conf_failure,3,,adversarial_high_conf_failure,Adversarial transformation caused a high-confidence failure.,P2_non_weapon_to_weapon,efficientnet_b0,fold_4,perturbed,adversarial,sigma_zero,non_weapon,weapon,1.0,False,True,img_00015277,img_00015277__sigma_zero__efficientnet_b0,img_00015277__sigma_zero__efficientnet_b0,attacks/adversarial/sigma_zero/efficientnet_b0/fold_4/non_weapon/img_00015277__sigma_zero__efficientnet_b0.png,,,,,,
efficientnet_b0_chapter5_core_candidates_per_bucket_500_manual_per_bucket_3_target_predicted_label_chapter5_separate_assets_final,2026-05-23T08:10:49+00:00,efficientnet_b0__fold_4__adversarial_high_conf_failure__sigma_zero__img_00015283_sigma_zero_efficientnet_b0,false,,,,,,case_bucket,adversarial_high_conf_failure,3,,adversarial_high_conf_failure,Adversarial transformation caused a high-confidence failure.,P2_non_weapon_to_weapon,efficientnet_b0,fold_4,perturbed,adversarial,sigma_zero,non_weapon,weapon,1.0,False,True,img_00015283,img_00015283__sigma_zero__efficientnet_b0,img_00015283__sigma_zero__efficientnet_b0,attacks/adversarial/sigma_zero/efficientnet_b0/fold_4/non_weapon/img_00015283__sigma_zero__efficientnet_b0.png,,,,,,
efficientnet_b0_chapter5_core_candidates_per_bucket_500_manual_per_bucket_3_target_predicted_label_chapter5_separate_assets_final,2026-05-23T08:10:49+00:00,efficientnet_b0__fold_4__adversarial_high_conf_failure__sigma_zero__img_00015304_sigma_zero_efficientnet_b0,false,,,,,,case_bucket,adversarial_high_conf_failure,3,,adversarial_high_conf_failure,Adversarial transformation caused a high-confidence failure.,P2_non_weapon_to_weapon,efficientnet_b0,fold_4,perturbed,adversarial,sigma_zero,non_weapon,weapon,1.0,False,True,img_00015304,img_00015304__sigma_zero__efficientnet_b0,img_00015304__sigma_zero__efficientnet_b0,attacks/adversarial/sigma_zero/efficientnet_b0/fold_4/non_weapon/img_00015304__sigma_zero__efficientnet_b0.png,,,,,,
efficientnet_b0_chapter5_core_candidates_per_bucket_500_manual_per_bucket_3_target_predicted_label_chapter5_separate_assets_final,2026-05-23T08:10:49+00:00,efficientnet_b0__fold_5__adversarial_high_conf_failure__sigma_zero__img_00013984_sigma_zero_efficientnet_b0,false,,,,,,case_bucket,adversarial_high_conf_failure,3,,adversarial_high_conf_failure,Adversarial transformation caused a high-confidence failure.,P2_non_weapon_to_weapon,efficientnet_b0,fold_5,perturbed,adversarial,sigma_zero,non_weapon,weapon,1.0,False,True,img_00013984,img_00013984__sigma_zero__efficientnet_b0,img_00013984__sigma_zero__efficientnet_b0,attacks/adversarial/sigma_zero/efficientnet_b0/fold_5/non_weapon/img_00013984__sigma_zero__efficientnet_b0.png,,,,,,
efficientnet_b0_chapter5_core_candidates_per_bucket_500_manual_per_bucket_3_target_predicted_label_chapter5_separate_assets_final,2026-05-23T08:10:49+00:00,efficientnet_b0__fold_5__adversarial_high_conf_failure__sigma_zero__img_00014122_sigma_zero_efficientnet_b0,false,,,,,,case_bucket,adversarial_high_conf_failure,3,,adversarial_high_conf_failure,Adversarial transformation caused a high-confidence failure.,P2_non_weapon_to_weapon,efficientnet_b0,fold_5,perturbed,adversarial,sigma_zero,non_weapon,weapon,1.0,False,True,img_00014122,img_00014122__sigma_zero__efficientnet_b0,img_00014122__sigma_zero__efficientnet_b0,attacks/adversarial/sigma_zero/efficientnet_b0/fold_5/non_weapon/img_00014122__sigma_zero__efficientnet_b0.png,,,,,,
efficientnet_b0_chapter5_core_candidates_per_bucket_500_manual_per_bucket_3_target_predicted_label_chapter5_separate_assets_final,2026-05-23T08:10:49+00:00,efficientnet_b0__fold_5__adversarial_high_conf_failure__sigma_zero__img_00014431_sigma_zero_efficientnet_b0,false,,,,,,case_bucket,adversarial_high_conf_failure,3,,adversarial_high_conf_failure,Adversarial transformation caused a high-confidence failure.,P2_non_weapon_to_weapon,efficientnet_b0,fold_5,perturbed,adversarial,sigma_zero,non_weapon,weapon,1.0,False,True,img_00014431,img_00014431__sigma_zero__efficientnet_b0,img_00014431__sigma_zero__efficientnet_b0,attacks/adversarial/sigma_zero/efficientnet_b0/fold_5/non_weapon/img_00014431__sigma_zero__efficientnet_b0.png,,,,,,
efficientnet_b0_chapter5_core_candidates_per_bucket_500_manual_per_bucket_3_target_predicted_label_chapter5_separate_assets_final,2026-05-23T08:10:49+00:00,efficientnet_b0__fold_5__adversarial_high_conf_failure__sigma_zero__img_00014470_sigma_zero_efficientnet_b0,false,,,,,,case_bucket,adversarial_high_conf_failure,3,,adversarial_high_conf_failure,Adversarial transformation caused a high-confidence failure.,P2_non_weapon_to_weapon,efficientnet_b0,fold_5,perturbed,adversarial,sigma_zero,non_weapon,weapon,1.0,False,True,img_00014470,img_00014470__sigma_zero__efficientnet_b0,img_00014470__sigma_zero__efficientnet_b0,attacks/adversarial/sigma_zero/efficientnet_b0/fold_5/non_weapon/img_00014470__sigma_zero__efficientnet_b0.png,,,,,,
efficientnet_b0_chapter5_core_candidates_per_bucket_500_manual_per_bucket_3_target_predicted_label_chapter5_separate_assets_final,2026-05-23T08:10:49+00:00,efficientnet_b0__fold_5__adversarial_high_conf_failure__sigma_zero__img_00014523_sigma_zero_efficientnet_b0,false,,,,,,case_bucket,adversarial_high_conf_failure,3,,adversarial_high_conf_failure,Adversarial transformation caused a high-confidence failure.,P2_non_weapon_to_weapon,efficientnet_b0,fold_5,perturbed,adversarial,sigma_zero,non_weapon,weapon,1.0,False,True,img_00014523,img_00014523__sigma_zero__efficientnet_b0,img_00014523__sigma_zero__efficientnet_b0,attacks/adversarial/sigma_zero/efficientnet_b0/fold_5/non_weapon/img_00014523__sigma_zero__efficientnet_b0.png,,,,,,
efficientnet_b0_chapter5_core_candidates_per_bucket_500_manual_per_bucket_3_target_predicted_label_chapter5_separate_assets_final,2026-05-23T08:10:49+00:00,efficientnet_b0__fold_5__adversarial_high_conf_failure__sigma_zero__img_00014527_sigma_zero_efficientnet_b0,false,,,,,,case_bucket,adversarial_high_conf_failure,3,,adversarial_high_conf_failure,Adversarial transformation caused a high-confidence failure.,P2_non_weapon_to_weapon,efficientnet_b0,fold_5,perturbed,adversarial,sigma_zero,non_weapon,weapon,1.0,False,True,img_00014527,img_00014527__sigma_zero__efficientnet_b0,img_00014527__sigma_zero__efficientnet_b0,attacks/adversarial/sigma_zero/efficientnet_b0/fold_5/non_weapon/img_00014527__sigma_zero__efficientnet_b0.png,,,,,,
efficientnet_b0_chapter5_core_candidates_per_bucket_500_manual_per_bucket_3_target_predicted_label_chapter5_separate_assets_final,2026-05-23T08:10:49+00:00,efficientnet_b0__fold_5__adversarial_high_conf_failure__sigma_zero__img_00014638_sigma_zero_efficientnet_b0,false,,,,,,case_bucket,adversarial_high_conf_failure,3,,adversarial_high_conf_failure,Adversarial transformation caused a high-confidence failure.,P2_non_weapon_to_weapon,efficientnet_b0,fold_5,perturbed,adversarial,sigma_zero,non_weapon,weapon,1.0,False,True,img_00014638,img_00014638__sigma_zero__efficientnet_b0,img_00014638__sigma_zero__efficientnet_b0,attacks/adversarial/sigma_zero/efficientnet_b0/fold_5/non_weapon/img_00014638__sigma_zero__efficientnet_b0.png,,,,,,
efficientnet_b0_chapter5_core_candidates_per_bucket_500_manual_per_bucket_3_target_predicted_label_chapter5_separate_assets_final,2026-05-23T08:10:49+00:00,efficientnet_b0__fold_5__adversarial_high_conf_failure__sigma_zero__img_00014665_sigma_zero_efficientnet_b0,false,,,,,,case_bucket,adversarial_high_conf_failure,3,,adversarial_high_conf_failure,Adversarial transformation caused a high-confidence failure.,P2_non_weapon_to_weapon,efficientnet_b0,fold_5,perturbed,adversarial,sigma_zero,non_weapon,weapon,1.0,False,True,img_00014665,img_00014665__sigma_zero__efficientnet_b0,img_00014665__sigma_zero__efficientnet_b0,attacks/adversarial/sigma_zero/efficientnet_b0/fold_5/non_weapon/img_00014665__sigma_zero__efficientnet_b0.png,,,,,,
efficientnet_b0_chapter5_core_candidates_per_bucket_500_manual_per_bucket_3_target_predicted_label_chapter5_separate_assets_final,2026-05-23T08:10:49+00:00,efficientnet_b0__fold_5__adversarial_high_conf_failure__sigma_zero__img_00014698_sigma_zero_efficientnet_b0,false,,,,,,case_bucket,adversarial_high_conf_failure,3,,adversarial_high_conf_failure,Adversarial transformation caused a high-confidence failure.,P2_non_weapon_to_weapon,efficientnet_b0,fold_5,perturbed,adversarial,sigma_zero,non_weapon,weapon,1.0,False,True,img_00014698,img_00014698__sigma_zero__efficientnet_b0,img_00014698__sigma_zero__efficientnet_b0,attacks/adversarial/sigma_zero/efficientnet_b0/fold_5/non_weapon/img_00014698__sigma_zero__efficientnet_b0.png,,,,,,
efficientnet_b0_chapter5_core_candidates_per_bucket_500_manual_per_bucket_3_target_predicted_label_chapter5_separate_assets_final,2026-05-23T08:10:49+00:00,efficientnet_b0__fold_5__adversarial_high_conf_failure__sigma_zero__img_00014707_sigma_zero_efficientnet_b0,false,,,,,,case_bucket,adversarial_high_conf_failure,3,,adversarial_high_conf_failure,Adversarial transformation caused a high-confidence failure.,P2_non_weapon_to_weapon,efficientnet_b0,fold_5,perturbed,adversarial,sigma_zero,non_weapon,weapon,1.0,False,True,img_00014707,img_00014707__sigma_zero__efficientnet_b0,img_00014707__sigma_zero__efficientnet_b0,attacks/adversarial/sigma_zero/efficientnet_b0/fold_5/non_weapon/img_00014707__sigma_zero__efficientnet_b0.png,,,,,,
efficientnet_b0_chapter5_core_candidates_per_bucket_500_manual_per_bucket_3_target_predicted_label_chapter5_separate_assets_final,2026-05-23T08:10:49+00:00,efficientnet_b0__fold_5__adversarial_high_conf_failure__sigma_zero__img_00014718_sigma_zero_efficientnet_b0,false,,,,,,case_bucket,adversarial_high_conf_failure,3,,adversarial_high_conf_failure,Adversarial transformation caused a high-confidence failure.,P2_non_weapon_to_weapon,efficientnet_b0,fold_5,perturbed,adversarial,sigma_zero,non_weapon,weapon,1.0,False,True,img_00014718,img_00014718__sigma_zero__efficientnet_b0,img_00014718__sigma_zero__efficientnet_b0,attacks/adversarial/sigma_zero/efficientnet_b0/fold_5/non_weapon/img_00014718__sigma_zero__efficientnet_b0.png,,,,,,
efficientnet_b0_chapter5_core_candidates_per_bucket_500_manual_per_bucket_3_target_predicted_label_chapter5_separate_assets_final,2026-05-23T08:10:49+00:00,efficientnet_b0__fold_5__adversarial_high_conf_failure__sigma_zero__img_00014721_sigma_zero_efficientnet_b0,false,,,,,,case_bucket,adversarial_high_conf_failure,3,,adversarial_high_conf_failure,Adversarial transformation caused a high-confidence failure.,P2_non_weapon_to_weapon,efficientnet_b0,fold_5,perturbed,adversarial,sigma_zero,non_weapon,weapon,1.0,False,True,img_00014721,img_00014721__sigma_zero__efficientnet_b0,img_00014721__sigma_zero__efficientnet_b0,attacks/adversarial/sigma_zero/efficientnet_b0/fold_5/non_weapon/img_00014721__sigma_zero__efficientnet_b0.png,,,,,,
efficientnet_b0_chapter5_core_candidates_per_bucket_500_manual_per_bucket_3_target_predicted_label_chapter5_separate_assets_final,2026-05-23T08:10:49+00:00,efficientnet_b0__fold_5__adversarial_high_conf_failure__sigma_zero__img_00014724_sigma_zero_efficientnet_b0,false,,,,,,case_bucket,adversarial_high_conf_failure,3,,adversarial_high_conf_failure,Adversarial transformation caused a high-confidence failure.,P2_non_weapon_to_weapon,efficientnet_b0,fold_5,perturbed,adversarial,sigma_zero,non_weapon,weapon,1.0,False,True,img_00014724,img_00014724__sigma_zero__efficientnet_b0,img_00014724__sigma_zero__efficientnet_b0,attacks/adversarial/sigma_zero/efficientnet_b0/fold_5/non_weapon/img_00014724__sigma_zero__efficientnet_b0.png,,,,,,
efficientnet_b0_chapter5_core_candidates_per_bucket_500_manual_per_bucket_3_target_predicted_label_chapter5_separate_assets_final,2026-05-23T08:10:49+00:00,efficientnet_b0__fold_5__adversarial_high_conf_failure__sigma_zero__img_00014765_sigma_zero_efficientnet_b0,false,,,,,,case_bucket,adversarial_high_conf_failure,3,,adversarial_high_conf_failure,Adversarial transformation caused a high-confidence failure.,P2_non_weapon_to_weapon,efficientnet_b0,fold_5,perturbed,adversarial,sigma_zero,non_weapon,weapon,1.0,False,True,img_00014765,img_00014765__sigma_zero__efficientnet_b0,img_00014765__sigma_zero__efficientnet_b0,attacks/adversarial/sigma_zero/efficientnet_b0/fold_5/non_weapon/img_00014765__sigma_zero__efficientnet_b0.png,,,,,,
efficientnet_b0_chapter5_core_candidates_per_bucket_500_manual_per_bucket_3_target_predicted_label_chapter5_separate_assets_final,2026-05-23T08:10:49+00:00,efficientnet_b0__fold_5__adversarial_high_conf_failure__sigma_zero__img_00014777_sigma_zero_efficientnet_b0,false,,,,,,case_bucket,adversarial_high_conf_failure,3,,adversarial_high_conf_failure,Adversarial transformation caused a high-confidence failure.,P2_non_weapon_to_weapon,efficientnet_b0,fold_5,perturbed,adversarial,sigma_zero,non_weapon,weapon,1.0,False,True,img_00014777,img_00014777__sigma_zero__efficientnet_b0,img_00014777__sigma_zero__efficientnet_b0,attacks/adversarial/sigma_zero/efficientnet_b0/fold_5/non_weapon/img_00014777__sigma_zero__efficientnet_b0.png,,,,,,
efficientnet_b0_chapter5_core_candidates_per_bucket_500_manual_per_bucket_3_target_predicted_label_chapter5_separate_assets_final,2026-05-23T08:10:49+00:00,efficientnet_b0__fold_5__adversarial_high_conf_failure__sigma_zero__img_00014814_sigma_zero_efficientnet_b0,false,,,,,,case_bucket,adversarial_high_conf_failure,3,,adversarial_high_conf_failure,Adversarial transformation caused a high-confidence failure.,P2_non_weapon_to_weapon,efficientnet_b0,fold_5,perturbed,adversarial,sigma_zero,non_weapon,weapon,1.0,False,True,img_00014814,img_00014814__sigma_zero__efficientnet_b0,img_00014814__sigma_zero__efficientnet_b0,attacks/adversarial/sigma_zero/efficientnet_b0/fold_5/non_weapon/img_00014814__sigma_zero__efficientnet_b0.png,,,,,,
efficientnet_b0_chapter5_core_candidates_per_bucket_500_manual_per_bucket_3_target_predicted_label_chapter5_separate_assets_final,2026-05-23T08:10:49+00:00,efficientnet_b0__fold_5__adversarial_high_conf_failure__sigma_zero__img_00014840_sigma_zero_efficientnet_b0,false,,,,,,case_bucket,adversarial_high_conf_failure,3,,adversarial_high_conf_failure,Adversarial transformation caused a high-confidence failure.,P2_non_weapon_to_weapon,efficientnet_b0,fold_5,perturbed,adversarial,sigma_zero,non_weapon,weapon,1.0,False,True,img_00014840,img_00014840__sigma_zero__efficientnet_b0,img_00014840__sigma_zero__efficientnet_b0,attacks/adversarial/sigma_zero/efficientnet_b0/fold_5/non_weapon/img_00014840__sigma_zero__efficientnet_b0.png,,,,,,
efficientnet_b0_chapter5_core_candidates_per_bucket_500_manual_per_bucket_3_target_predicted_label_chapter5_separate_assets_final,2026-05-23T08:10:49+00:00,efficientnet_b0__fold_5__adversarial_high_conf_failure__sigma_zero__img_00014855_sigma_zero_efficientnet_b0,false,,,,,,case_bucket,adversarial_high_conf_failure,3,,adversarial_high_conf_failure,Adversarial transformation caused a high-confidence failure.,P2_non_weapon_to_weapon,efficientnet_b0,fold_5,perturbed,adversarial,sigma_zero,non_weapon,weapon,1.0,False,True,img_00014855,img_00014855__sigma_zero__efficientnet_b0,img_00014855__sigma_zero__efficientnet_b0,attacks/adversarial/sigma_zero/efficientnet_b0/fold_5/non_weapon/img_00014855__sigma_zero__efficientnet_b0.png,,,,,,
efficientnet_b0_chapter5_core_candidates_per_bucket_500_manual_per_bucket_3_target_predicted_label_chapter5_separate_assets_final,2026-05-23T08:10:49+00:00,efficientnet_b0__fold_5__adversarial_high_conf_failure__sigma_zero__img_00014871_sigma_zero_efficientnet_b0,false,,,,,,case_bucket,adversarial_high_conf_failure,3,,adversarial_high_conf_failure,Adversarial transformation caused a high-confidence failure.,P2_non_weapon_to_weapon,efficientnet_b0,fold_5,perturbed,adversarial,sigma_zero,non_weapon,weapon,1.0,False,True,img_00014871,img_00014871__sigma_zero__efficientnet_b0,img_00014871__sigma_zero__efficientnet_b0,attacks/adversarial/sigma_zero/efficientnet_b0/fold_5/non_weapon/img_00014871__sigma_zero__efficientnet_b0.png,,,,,,
efficientnet_b0_chapter5_core_candidates_per_bucket_500_manual_per_bucket_3_target_predicted_label_chapter5_separate_assets_final,2026-05-23T08:10:49+00:00,efficientnet_b0__fold_5__adversarial_high_conf_failure__sigma_zero__img_00014896_sigma_zero_efficientnet_b0,false,,,,,,case_bucket,adversarial_high_conf_failure,3,,adversarial_high_conf_failure,Adversarial transformation caused a high-confidence failure.,P2_non_weapon_to_weapon,efficientnet_b0,fold_5,perturbed,adversarial,sigma_zero,non_weapon,weapon,1.0,False,True,img_00014896,img_00014896__sigma_zero__efficientnet_b0,img_00014896__sigma_zero__efficientnet_b0,attacks/adversarial/sigma_zero/efficientnet_b0/fold_5/non_weapon/img_00014896__sigma_zero__efficientnet_b0.png,,,,,,
efficientnet_b0_chapter5_core_candidates_per_bucket_500_manual_per_bucket_3_target_predicted_label_chapter5_separate_assets_final,2026-05-23T08:10:49+00:00,efficientnet_b0__fold_5__adversarial_high_conf_failure__sigma_zero__img_00014919_sigma_zero_efficientnet_b0,false,,,,,,case_bucket,adversarial_high_conf_failure,3,,adversarial_high_conf_failure,Adversarial transformation caused a high-confidence failure.,P2_non_weapon_to_weapon,efficientnet_b0,fold_5,perturbed,adversarial,sigma_zero,non_weapon,weapon,1.0,False,True,img_00014919,img_00014919__sigma_zero__efficientnet_b0,img_00014919__sigma_zero__efficientnet_b0,attacks/adversarial/sigma_zero/efficientnet_b0/fold_5/non_weapon/img_00014919__sigma_zero__efficientnet_b0.png,,,,,,
efficientnet_b0_chapter5_core_candidates_per_bucket_500_manual_per_bucket_3_target_predicted_label_chapter5_separate_assets_final,2026-05-23T08:10:49+00:00,efficientnet_b0__fold_5__adversarial_high_conf_failure__sigma_zero__img_00014926_sigma_zero_efficientnet_b0,false,,,,,,case_bucket,adversarial_high_conf_failure,3,,adversarial_high_conf_failure,Adversarial transformation caused a high-confidence failure.,P2_non_weapon_to_weapon,efficientnet_b0,fold_5,perturbed,adversarial,sigma_zero,non_weapon,weapon,1.0,False,True,img_00014926,img_00014926__sigma_zero__efficientnet_b0,img_00014926__sigma_zero__efficientnet_b0,attacks/adversarial/sigma_zero/efficientnet_b0/fold_5/non_weapon/img_00014926__sigma_zero__efficientnet_b0.png,,,,,,
efficientnet_b0_chapter5_core_candidates_per_bucket_500_manual_per_bucket_3_target_predicted_label_chapter5_separate_assets_final,2026-05-23T08:10:49+00:00,efficientnet_b0__fold_5__adversarial_high_conf_failure__sigma_zero__img_00015051_sigma_zero_efficientnet_b0,false,,,,,,case_bucket,adversarial_high_conf_failure,3,,adversarial_high_conf_failure,Adversarial transformation caused a high-confidence failure.,P2_non_weapon_to_weapon,efficientnet_b0,fold_5,perturbed,adversarial,sigma_zero,non_weapon,weapon,1.0,False,True,img_00015051,img_00015051__sigma_zero__efficientnet_b0,img_00015051__sigma_zero__efficientnet_b0,attacks/adversarial/sigma_zero/efficientnet_b0/fold_5/non_weapon/img_00015051__sigma_zero__efficientnet_b0.png,,,,,,
efficientnet_b0_chapter5_core_candidates_per_bucket_500_manual_per_bucket_3_target_predicted_label_chapter5_separate_assets_final,2026-05-23T08:10:49+00:00,efficientnet_b0__fold_5__adversarial_high_conf_failure__sigma_zero__img_00015101_sigma_zero_efficientnet_b0,false,,,,,,case_bucket,adversarial_high_conf_failure,3,,adversarial_high_conf_failure,Adversarial transformation caused a high-confidence failure.,P2_non_weapon_to_weapon,efficientnet_b0,fold_5,perturbed,adversarial,sigma_zero,non_weapon,weapon,1.0,False,True,img_00015101,img_00015101__sigma_zero__efficientnet_b0,img_00015101__sigma_zero__efficientnet_b0,attacks/adversarial/sigma_zero/efficientnet_b0/fold_5/non_weapon/img_00015101__sigma_zero__efficientnet_b0.png,,,,,,
efficientnet_b0_chapter5_core_candidates_per_bucket_500_manual_per_bucket_3_target_predicted_label_chapter5_separate_assets_final,2026-05-23T08:10:49+00:00,efficientnet_b0__fold_5__adversarial_high_conf_failure__sigma_zero__img_00015131_sigma_zero_efficientnet_b0,false,,,,,,case_bucket,adversarial_high_conf_failure,3,,adversarial_high_conf_failure,Adversarial transformation caused a high-confidence failure.,P2_non_weapon_to_weapon,efficientnet_b0,fold_5,perturbed,adversarial,sigma_zero,non_weapon,weapon,1.0,False,True,img_00015131,img_00015131__sigma_zero__efficientnet_b0,img_00015131__sigma_zero__efficientnet_b0,attacks/adversarial/sigma_zero/efficientnet_b0/fold_5/non_weapon/img_00015131__sigma_zero__efficientnet_b0.png,,,,,,
efficientnet_b0_chapter5_core_candidates_per_bucket_500_manual_per_bucket_3_target_predicted_label_chapter5_separate_assets_final,2026-05-23T08:10:49+00:00,efficientnet_b0__fold_1__adversarial_high_conf_failure__sigma_zero__img_00013803_sigma_zero_efficientnet_b0,false,,,,,,case_bucket,adversarial_high_conf_failure,3,,adversarial_high_conf_failure,Adversarial transformation caused a high-confidence failure.,P2_non_weapon_to_weapon,efficientnet_b0,fold_1,perturbed,adversarial,sigma_zero,non_weapon,weapon,0.9999998807907104,False,True,img_00013803,img_00013803__sigma_zero__efficientnet_b0,img_00013803__sigma_zero__efficientnet_b0,attacks/adversarial/sigma_zero/efficientnet_b0/fold_1/non_weapon/img_00013803__sigma_zero__efficientnet_b0.png,,,,,,
efficientnet_b0_chapter5_core_candidates_per_bucket_500_manual_per_bucket_3_target_predicted_label_chapter5_separate_assets_final,2026-05-23T08:10:49+00:00,efficientnet_b0__fold_2__adversarial_high_conf_failure__sigma_zero__img_00014594_sigma_zero_efficientnet_b0,false,,,,,,case_bucket,adversarial_high_conf_failure,3,,adversarial_high_conf_failure,Adversarial transformation caused a high-confidence failure.,P2_non_weapon_to_weapon,efficientnet_b0,fold_2,perturbed,adversarial,sigma_zero,non_weapon,weapon,0.9999998807907104,False,True,img_00014594,img_00014594__sigma_zero__efficientnet_b0,img_00014594__sigma_zero__efficientnet_b0,attacks/adversarial/sigma_zero/efficientnet_b0/fold_2/non_weapon/img_00014594__sigma_zero__efficientnet_b0.png,,,,,,
efficientnet_b0_chapter5_core_candidates_per_bucket_500_manual_per_bucket_3_target_predicted_label_chapter5_separate_assets_final,2026-05-23T08:10:49+00:00,efficientnet_b0__fold_4__adversarial_high_conf_failure__sigma_zero__img_00014624_sigma_zero_efficientnet_b0,false,,,,,,case_bucket,adversarial_high_conf_failure,3,,adversarial_high_conf_failure,Adversarial transformation caused a high-confidence failure.,P2_non_weapon_to_weapon,efficientnet_b0,fold_4,perturbed,adversarial,sigma_zero,non_weapon,weapon,0.9999998807907104,False,True,img_00014624,img_00014624__sigma_zero__efficientnet_b0,img_00014624__sigma_zero__efficientnet_b0,attacks/adversarial/sigma_zero/efficientnet_b0/fold_4/non_weapon/img_00014624__sigma_zero__efficientnet_b0.png,,,,,,
efficientnet_b0_chapter5_core_candidates_per_bucket_500_manual_per_bucket_3_target_predicted_label_chapter5_separate_assets_final,2026-05-23T08:10:49+00:00,efficientnet_b0__fold_5__adversarial_high_conf_failure__sigma_zero__img_00012996_sigma_zero_efficientnet_b0,false,,,,,,case_bucket,adversarial_high_conf_failure,3,,adversarial_high_conf_failure,Adversarial transformation caused a high-confidence failure.,P2_non_weapon_to_weapon,efficientnet_b0,fold_5,perturbed,adversarial,sigma_zero,non_weapon,weapon,0.9999998807907104,False,True,img_00012996,img_00012996__sigma_zero__efficientnet_b0,img_00012996__sigma_zero__efficientnet_b0,attacks/adversarial/sigma_zero/efficientnet_b0/fold_5/non_weapon/img_00012996__sigma_zero__efficientnet_b0.png,,,,,,
efficientnet_b0_chapter5_core_candidates_per_bucket_500_manual_per_bucket_3_target_predicted_label_chapter5_separate_assets_final,2026-05-23T08:10:49+00:00,efficientnet_b0__fold_3__adversarial_high_conf_failure__sigma_zero__img_00014708_sigma_zero_efficientnet_b0,false,,,,,,case_bucket,adversarial_high_conf_failure,3,,adversarial_high_conf_failure,Adversarial transformation caused a high-confidence failure.,P2_non_weapon_to_weapon,efficientnet_b0,fold_3,perturbed,adversarial,sigma_zero,non_weapon,weapon,0.9999997615814208,False,True,img_00014708,img_00014708__sigma_zero__efficientnet_b0,img_00014708__sigma_zero__efficientnet_b0,attacks/adversarial/sigma_zero/efficientnet_b0/fold_3/non_weapon/img_00014708__sigma_zero__efficientnet_b0.png,,,,,,
efficientnet_b0_chapter5_core_candidates_per_bucket_500_manual_per_bucket_3_target_predicted_label_chapter5_separate_assets_final,2026-05-23T08:10:49+00:00,efficientnet_b0__fold_1__adversarial_high_conf_failure__sigma_zero__img_00015016_sigma_zero_efficientnet_b0,false,,,,,,case_bucket,adversarial_high_conf_failure,3,,adversarial_high_conf_failure,Adversarial transformation caused a high-confidence failure.,P2_non_weapon_to_weapon,efficientnet_b0,fold_1,perturbed,adversarial,sigma_zero,non_weapon,weapon,0.9999996423721312,False,True,img_00015016,img_00015016__sigma_zero__efficientnet_b0,img_00015016__sigma_zero__efficientnet_b0,attacks/adversarial/sigma_zero/efficientnet_b0/fold_1/non_weapon/img_00015016__sigma_zero__efficientnet_b0.png,,,,,,
efficientnet_b0_chapter5_core_candidates_per_bucket_500_manual_per_bucket_3_target_predicted_label_chapter5_separate_assets_final,2026-05-23T08:10:49+00:00,efficientnet_b0__fold_2__adversarial_high_conf_failure__sigma_zero__img_00014914_sigma_zero_efficientnet_b0,false,,,,,,case_bucket,adversarial_high_conf_failure,3,,adversarial_high_conf_failure,Adversarial transformation caused a high-confidence failure.,P2_non_weapon_to_weapon,efficientnet_b0,fold_2,perturbed,adversarial,sigma_zero,non_weapon,weapon,0.9999996423721312,False,True,img_00014914,img_00014914__sigma_zero__efficientnet_b0,img_00014914__sigma_zero__efficientnet_b0,attacks/adversarial/sigma_zero/efficientnet_b0/fold_2/non_weapon/img_00014914__sigma_zero__efficientnet_b0.png,,,,,,
efficientnet_b0_chapter5_core_candidates_per_bucket_500_manual_per_bucket_3_target_predicted_label_chapter5_separate_assets_final,2026-05-23T08:10:49+00:00,efficientnet_b0__fold_4__adversarial_high_conf_failure__sigma_zero__img_00014734_sigma_zero_efficientnet_b0,false,,,,,,case_bucket,adversarial_high_conf_failure,3,,adversarial_high_conf_failure,Adversarial transformation caused a high-confidence failure.,P2_non_weapon_to_weapon,efficientnet_b0,fold_4,perturbed,adversarial,sigma_zero,non_weapon,weapon,0.9999996423721312,False,True,img_00014734,img_00014734__sigma_zero__efficientnet_b0,img_00014734__sigma_zero__efficientnet_b0,attacks/adversarial/sigma_zero/efficientnet_b0/fold_4/non_weapon/img_00014734__sigma_zero__efficientnet_b0.png,,,,,,
efficientnet_b0_chapter5_core_candidates_per_bucket_500_manual_per_bucket_3_target_predicted_label_chapter5_separate_assets_final,2026-05-23T08:10:49+00:00,efficientnet_b0__fold_4__adversarial_high_conf_failure__sigma_zero__img_00015161_sigma_zero_efficientnet_b0,false,,,,,,case_bucket,adversarial_high_conf_failure,3,,adversarial_high_conf_failure,Adversarial transformation caused a high-confidence failure.,P2_non_weapon_to_weapon,efficientnet_b0,fold_4,perturbed,adversarial,sigma_zero,non_weapon,weapon,0.9999995231628418,False,True,img_00015161,img_00015161__sigma_zero__efficientnet_b0,img_00015161__sigma_zero__efficientnet_b0,attacks/adversarial/sigma_zero/efficientnet_b0/fold_4/non_weapon/img_00015161__sigma_zero__efficientnet_b0.png,,,,,,
efficientnet_b0_chapter5_core_candidates_per_bucket_500_manual_per_bucket_3_target_predicted_label_chapter5_separate_assets_final,2026-05-23T08:10:49+00:00,efficientnet_b0__fold_5__adversarial_high_conf_failure__sigma_zero__img_00014561_sigma_zero_efficientnet_b0,false,,,,,,case_bucket,adversarial_high_conf_failure,3,,adversarial_high_conf_failure,Adversarial transformation caused a high-confidence failure.,P2_non_weapon_to_weapon,efficientnet_b0,fold_5,perturbed,adversarial,sigma_zero,non_weapon,weapon,0.9999994039535522,False,True,img_00014561,img_00014561__sigma_zero__efficientnet_b0,img_00014561__sigma_zero__efficientnet_b0,attacks/adversarial/sigma_zero/efficientnet_b0/fold_5/non_weapon/img_00014561__sigma_zero__efficientnet_b0.png,,,,,,
efficientnet_b0_chapter5_core_candidates_per_bucket_500_manual_per_bucket_3_target_predicted_label_chapter5_separate_assets_final,2026-05-23T08:10:49+00:00,efficientnet_b0__fold_4__adversarial_high_conf_failure__sigma_zero__img_00013801_sigma_zero_efficientnet_b0,false,,,,,,case_bucket,adversarial_high_conf_failure,3,,adversarial_high_conf_failure,Adversarial transformation caused a high-confidence failure.,P2_non_weapon_to_weapon,efficientnet_b0,fold_4,perturbed,adversarial,sigma_zero,non_weapon,weapon,0.9999991655349731,False,True,img_00013801,img_00013801__sigma_zero__efficientnet_b0,img_00013801__sigma_zero__efficientnet_b0,attacks/adversarial/sigma_zero/efficientnet_b0/fold_4/non_weapon/img_00013801__sigma_zero__efficientnet_b0.png,,,,,,
efficientnet_b0_chapter5_core_candidates_per_bucket_500_manual_per_bucket_3_target_predicted_label_chapter5_separate_assets_final,2026-05-23T08:10:49+00:00,efficientnet_b0__fold_4__adversarial_high_conf_failure__sigma_zero__img_00014529_sigma_zero_efficientnet_b0,false,,,,,,case_bucket,adversarial_high_conf_failure,3,,adversarial_high_conf_failure,Adversarial transformation caused a high-confidence failure.,P2_non_weapon_to_weapon,efficientnet_b0,fold_4,perturbed,adversarial,sigma_zero,non_weapon,weapon,0.9999991655349731,False,True,img_00014529,img_00014529__sigma_zero__efficientnet_b0,img_00014529__sigma_zero__efficientnet_b0,attacks/adversarial/sigma_zero/efficientnet_b0/fold_4/non_weapon/img_00014529__sigma_zero__efficientnet_b0.png,,,,,,
efficientnet_b0_chapter5_core_candidates_per_bucket_500_manual_per_bucket_3_target_predicted_label_chapter5_separate_assets_final,2026-05-23T08:10:49+00:00,efficientnet_b0__fold_1__adversarial_high_conf_failure__sigma_zero__img_00014610_sigma_zero_efficientnet_b0,false,,,,,,case_bucket,adversarial_high_conf_failure,3,,adversarial_high_conf_failure,Adversarial transformation caused a high-confidence failure.,P2_non_weapon_to_weapon,efficientnet_b0,fold_1,perturbed,adversarial,sigma_zero,non_weapon,weapon,0.9999985694885254,False,True,img_00014610,img_00014610__sigma_zero__efficientnet_b0,img_00014610__sigma_zero__efficientnet_b0,attacks/adversarial/sigma_zero/efficientnet_b0/fold_1/non_weapon/img_00014610__sigma_zero__efficientnet_b0.png,,,,,,
efficientnet_b0_chapter5_core_candidates_per_bucket_500_manual_per_bucket_3_target_predicted_label_chapter5_separate_assets_final,2026-05-23T08:10:49+00:00,efficientnet_b0__fold_2__adversarial_high_conf_failure__sigma_zero__img_00014994_sigma_zero_efficientnet_b0,false,,,,,,case_bucket,adversarial_high_conf_failure,3,,adversarial_high_conf_failure,Adversarial transformation caused a high-confidence failure.,P2_non_weapon_to_weapon,efficientnet_b0,fold_2,perturbed,adversarial,sigma_zero,non_weapon,weapon,0.9999982118606568,False,True,img_00014994,img_00014994__sigma_zero__efficientnet_b0,img_00014994__sigma_zero__efficientnet_b0,attacks/adversarial/sigma_zero/efficientnet_b0/fold_2/non_weapon/img_00014994__sigma_zero__efficientnet_b0.png,,,,,,
efficientnet_b0_chapter5_core_candidates_per_bucket_500_manual_per_bucket_3_target_predicted_label_chapter5_separate_assets_final,2026-05-23T08:10:49+00:00,efficientnet_b0__fold_4__adversarial_high_conf_failure__sigma_zero__img_00014764_sigma_zero_efficientnet_b0,false,,,,,,case_bucket,adversarial_high_conf_failure,3,,adversarial_high_conf_failure,Adversarial transformation caused a high-confidence failure.,P2_non_weapon_to_weapon,efficientnet_b0,fold_4,perturbed,adversarial,sigma_zero,non_weapon,weapon,0.9999979734420776,False,True,img_00014764,img_00014764__sigma_zero__efficientnet_b0,img_00014764__sigma_zero__efficientnet_b0,attacks/adversarial/sigma_zero/efficientnet_b0/fold_4/non_weapon/img_00014764__sigma_zero__efficientnet_b0.png,,,,,,
efficientnet_b0_chapter5_core_candidates_per_bucket_500_manual_per_bucket_3_target_predicted_label_chapter5_separate_assets_final,2026-05-23T08:10:49+00:00,efficientnet_b0__fold_5__adversarial_high_conf_failure__sigma_zero__img_00014138_sigma_zero_efficientnet_b0,false,,,,,,case_bucket,adversarial_high_conf_failure,3,,adversarial_high_conf_failure,Adversarial transformation caused a high-confidence failure.,P2_non_weapon_to_weapon,efficientnet_b0,fold_5,perturbed,adversarial,sigma_zero,non_weapon,weapon,0.9999969005584716,False,True,img_00014138,img_00014138__sigma_zero__efficientnet_b0,img_00014138__sigma_zero__efficientnet_b0,attacks/adversarial/sigma_zero/efficientnet_b0/fold_5/non_weapon/img_00014138__sigma_zero__efficientnet_b0.png,,,,,,
efficientnet_b0_chapter5_core_candidates_per_bucket_500_manual_per_bucket_3_target_predicted_label_chapter5_separate_assets_final,2026-05-23T08:10:49+00:00,efficientnet_b0__fold_1__adversarial_high_conf_failure__sigma_zero__img_00013495_sigma_zero_efficientnet_b0,false,,,,,,case_bucket,adversarial_high_conf_failure,3,,adversarial_high_conf_failure,Adversarial transformation caused a high-confidence failure.,P2_non_weapon_to_weapon,efficientnet_b0,fold_1,perturbed,adversarial,sigma_zero,non_weapon,weapon,0.999996781349182,False,True,img_00013495,img_00013495__sigma_zero__efficientnet_b0,img_00013495__sigma_zero__efficientnet_b0,attacks/adversarial/sigma_zero/efficientnet_b0/fold_1/non_weapon/img_00013495__sigma_zero__efficientnet_b0.png,,,,,,
efficientnet_b0_chapter5_core_candidates_per_bucket_500_manual_per_bucket_3_target_predicted_label_chapter5_separate_assets_final,2026-05-23T08:10:49+00:00,efficientnet_b0__fold_4__adversarial_high_conf_failure__sigma_zero__img_00013600_sigma_zero_efficientnet_b0,false,,,,,,case_bucket,adversarial_high_conf_failure,3,,adversarial_high_conf_failure,Adversarial transformation caused a high-confidence failure.,P2_non_weapon_to_weapon,efficientnet_b0,fold_4,perturbed,adversarial,sigma_zero,non_weapon,weapon,0.9999936819076538,False,True,img_00013600,img_00013600__sigma_zero__efficientnet_b0,img_00013600__sigma_zero__efficientnet_b0,attacks/adversarial/sigma_zero/efficientnet_b0/fold_4/non_weapon/img_00013600__sigma_zero__efficientnet_b0.png,,,,,,
efficientnet_b0_chapter5_core_candidates_per_bucket_500_manual_per_bucket_3_target_predicted_label_chapter5_separate_assets_final,2026-05-23T08:10:49+00:00,efficientnet_b0__fold_4__adversarial_high_conf_failure__sigma_zero__img_00014852_sigma_zero_efficientnet_b0,false,,,,,,case_bucket,adversarial_high_conf_failure,3,,adversarial_high_conf_failure,Adversarial transformation caused a high-confidence failure.,P2_non_weapon_to_weapon,efficientnet_b0,fold_4,perturbed,adversarial,sigma_zero,non_weapon,weapon,0.9999912977218628,False,True,img_00014852,img_00014852__sigma_zero__efficientnet_b0,img_00014852__sigma_zero__efficientnet_b0,attacks/adversarial/sigma_zero/efficientnet_b0/fold_4/non_weapon/img_00014852__sigma_zero__efficientnet_b0.png,,,,,,
efficientnet_b0_chapter5_core_candidates_per_bucket_500_manual_per_bucket_3_target_predicted_label_chapter5_separate_assets_final,2026-05-23T08:10:49+00:00,efficientnet_b0__fold_1__adversarial_high_conf_failure__sigma_zero__img_00015159_sigma_zero_efficientnet_b0,false,,,,,,case_bucket,adversarial_high_conf_failure,3,,adversarial_high_conf_failure,Adversarial transformation caused a high-confidence failure.,P2_non_weapon_to_weapon,efficientnet_b0,fold_1,perturbed,adversarial,sigma_zero,non_weapon,weapon,0.9999911785125732,False,True,img_00015159,img_00015159__sigma_zero__efficientnet_b0,img_00015159__sigma_zero__efficientnet_b0,attacks/adversarial/sigma_zero/efficientnet_b0/fold_1/non_weapon/img_00015159__sigma_zero__efficientnet_b0.png,,,,,,
efficientnet_b0_chapter5_core_candidates_per_bucket_500_manual_per_bucket_3_target_predicted_label_chapter5_separate_assets_final,2026-05-23T08:10:49+00:00,efficientnet_b0__fold_1__adversarial_high_conf_failure__sigma_zero__img_00014478_sigma_zero_efficientnet_b0,false,,,,,,case_bucket,adversarial_high_conf_failure,3,,adversarial_high_conf_failure,Adversarial transformation caused a high-confidence failure.,P2_non_weapon_to_weapon,efficientnet_b0,fold_1,perturbed,adversarial,sigma_zero,non_weapon,weapon,0.999990940093994,False,True,img_00014478,img_00014478__sigma_zero__efficientnet_b0,img_00014478__sigma_zero__efficientnet_b0,attacks/adversarial/sigma_zero/efficientnet_b0/fold_1/non_weapon/img_00014478__sigma_zero__efficientnet_b0.png,,,,,,
efficientnet_b0_chapter5_core_candidates_per_bucket_500_manual_per_bucket_3_target_predicted_label_chapter5_separate_assets_final,2026-05-23T08:10:49+00:00,efficientnet_b0__fold_3__adversarial_high_conf_failure__sigma_zero__img_00015306_sigma_zero_efficientnet_b0,false,,,,,,case_bucket,adversarial_high_conf_failure,3,,adversarial_high_conf_failure,Adversarial transformation caused a high-confidence failure.,P2_non_weapon_to_weapon,efficientnet_b0,fold_3,perturbed,adversarial,sigma_zero,non_weapon,weapon,0.999990940093994,False,True,img_00015306,img_00015306__sigma_zero__efficientnet_b0,img_00015306__sigma_zero__efficientnet_b0,attacks/adversarial/sigma_zero/efficientnet_b0/fold_3/non_weapon/img_00015306__sigma_zero__efficientnet_b0.png,,,,,,
efficientnet_b0_chapter5_core_candidates_per_bucket_500_manual_per_bucket_3_target_predicted_label_chapter5_separate_assets_final,2026-05-23T08:10:49+00:00,efficientnet_b0__fold_1__adversarial_high_conf_failure__sigma_zero__img_00014920_sigma_zero_efficientnet_b0,false,,,,,,case_bucket,adversarial_high_conf_failure,3,,adversarial_high_conf_failure,Adversarial transformation caused a high-confidence failure.,P2_non_weapon_to_weapon,efficientnet_b0,fold_1,perturbed,adversarial,sigma_zero,non_weapon,weapon,0.9999905824661256,False,True,img_00014920,img_00014920__sigma_zero__efficientnet_b0,img_00014920__sigma_zero__efficientnet_b0,attacks/adversarial/sigma_zero/efficientnet_b0/fold_1/non_weapon/img_00014920__sigma_zero__efficientnet_b0.png,,,,,,
efficientnet_b0_chapter5_core_candidates_per_bucket_500_manual_per_bucket_3_target_predicted_label_chapter5_separate_assets_final,2026-05-23T08:10:49+00:00,efficientnet_b0__fold_3__adversarial_high_conf_failure__sigma_zero__img_00014408_sigma_zero_efficientnet_b0,false,,,,,,case_bucket,adversarial_high_conf_failure,3,,adversarial_high_conf_failure,Adversarial transformation caused a high-confidence failure.,P2_non_weapon_to_weapon,efficientnet_b0,fold_3,perturbed,adversarial,sigma_zero,non_weapon,weapon,0.9999864101409912,False,True,img_00014408,img_00014408__sigma_zero__efficientnet_b0,img_00014408__sigma_zero__efficientnet_b0,attacks/adversarial/sigma_zero/efficientnet_b0/fold_3/non_weapon/img_00014408__sigma_zero__efficientnet_b0.png,,,,,,
efficientnet_b0_chapter5_core_candidates_per_bucket_500_manual_per_bucket_3_target_predicted_label_chapter5_separate_assets_final,2026-05-23T08:10:49+00:00,efficientnet_b0__fold_5__adversarial_high_conf_failure__sigma_zero__img_00015229_sigma_zero_efficientnet_b0,false,,,,,,case_bucket,adversarial_high_conf_failure,3,,adversarial_high_conf_failure,Adversarial transformation caused a high-confidence failure.,P2_non_weapon_to_weapon,efficientnet_b0,fold_5,perturbed,adversarial,sigma_zero,non_weapon,weapon,0.999984622001648,False,True,img_00015229,img_00015229__sigma_zero__efficientnet_b0,img_00015229__sigma_zero__efficientnet_b0,attacks/adversarial/sigma_zero/efficientnet_b0/fold_5/non_weapon/img_00015229__sigma_zero__efficientnet_b0.png,,,,,,
efficientnet_b0_chapter5_core_candidates_per_bucket_500_manual_per_bucket_3_target_predicted_label_chapter5_separate_assets_final,2026-05-23T08:10:49+00:00,efficientnet_b0__fold_5__adversarial_high_conf_failure__sigma_zero__img_00014859_sigma_zero_efficientnet_b0,false,,,,,,case_bucket,adversarial_high_conf_failure,3,,adversarial_high_conf_failure,Adversarial transformation caused a high-confidence failure.,P2_non_weapon_to_weapon,efficientnet_b0,fold_5,perturbed,adversarial,sigma_zero,non_weapon,weapon,0.9999845027923584,False,True,img_00014859,img_00014859__sigma_zero__efficientnet_b0,img_00014859__sigma_zero__efficientnet_b0,attacks/adversarial/sigma_zero/efficientnet_b0/fold_5/non_weapon/img_00014859__sigma_zero__efficientnet_b0.png,,,,,,
efficientnet_b0_chapter5_core_candidates_per_bucket_500_manual_per_bucket_3_target_predicted_label_chapter5_separate_assets_final,2026-05-23T08:10:49+00:00,efficientnet_b0__fold_5__adversarial_high_conf_failure__sigma_zero__img_00014933_sigma_zero_efficientnet_b0,false,,,,,,case_bucket,adversarial_high_conf_failure,3,,adversarial_high_conf_failure,Adversarial transformation caused a high-confidence failure.,P2_non_weapon_to_weapon,efficientnet_b0,fold_5,perturbed,adversarial,sigma_zero,non_weapon,weapon,0.9999829530715942,False,True,img_00014933,img_00014933__sigma_zero__efficientnet_b0,img_00014933__sigma_zero__efficientnet_b0,attacks/adversarial/sigma_zero/efficientnet_b0/fold_5/non_weapon/img_00014933__sigma_zero__efficientnet_b0.png,,,,,,
efficientnet_b0_chapter5_core_candidates_per_bucket_500_manual_per_bucket_3_target_predicted_label_chapter5_separate_assets_final,2026-05-23T08:10:49+00:00,efficientnet_b0__fold_1__adversarial_high_conf_failure__sigma_zero__img_00014791_sigma_zero_efficientnet_b0,false,,,,,,case_bucket,adversarial_high_conf_failure,3,,adversarial_high_conf_failure,Adversarial transformation caused a high-confidence failure.,P2_non_weapon_to_weapon,efficientnet_b0,fold_1,perturbed,adversarial,sigma_zero,non_weapon,weapon,0.9999822378158568,False,True,img_00014791,img_00014791__sigma_zero__efficientnet_b0,img_00014791__sigma_zero__efficientnet_b0,attacks/adversarial/sigma_zero/efficientnet_b0/fold_1/non_weapon/img_00014791__sigma_zero__efficientnet_b0.png,,,,,,
efficientnet_b0_chapter5_core_candidates_per_bucket_500_manual_per_bucket_3_target_predicted_label_chapter5_separate_assets_final,2026-05-23T08:10:49+00:00,efficientnet_b0__fold_2__adversarial_high_conf_failure__sigma_zero__img_00013753_sigma_zero_efficientnet_b0,false,,,,,,case_bucket,adversarial_high_conf_failure,3,,adversarial_high_conf_failure,Adversarial transformation caused a high-confidence failure.,P2_non_weapon_to_weapon,efficientnet_b0,fold_2,perturbed,adversarial,sigma_zero,non_weapon,weapon,0.9999780654907228,False,True,img_00013753,img_00013753__sigma_zero__efficientnet_b0,img_00013753__sigma_zero__efficientnet_b0,attacks/adversarial/sigma_zero/efficientnet_b0/fold_2/non_weapon/img_00013753__sigma_zero__efficientnet_b0.png,,,,,,
efficientnet_b0_chapter5_core_candidates_per_bucket_500_manual_per_bucket_3_target_predicted_label_chapter5_separate_assets_final,2026-05-23T08:10:49+00:00,efficientnet_b0__fold_5__adversarial_high_conf_failure__sigma_zero__img_00014917_sigma_zero_efficientnet_b0,false,,,,,,case_bucket,adversarial_high_conf_failure,3,,adversarial_high_conf_failure,Adversarial transformation caused a high-confidence failure.,P2_non_weapon_to_weapon,efficientnet_b0,fold_5,perturbed,adversarial,sigma_zero,non_weapon,weapon,0.9999768733978271,False,True,img_00014917,img_00014917__sigma_zero__efficientnet_b0,img_00014917__sigma_zero__efficientnet_b0,attacks/adversarial/sigma_zero/efficientnet_b0/fold_5/non_weapon/img_00014917__sigma_zero__efficientnet_b0.png,,,,,,
efficientnet_b0_chapter5_core_candidates_per_bucket_500_manual_per_bucket_3_target_predicted_label_chapter5_separate_assets_final,2026-05-23T08:10:49+00:00,efficientnet_b0__fold_1__adversarial_high_conf_failure__sigma_zero__img_00014886_sigma_zero_efficientnet_b0,false,,,,,,case_bucket,adversarial_high_conf_failure,3,,adversarial_high_conf_failure,Adversarial transformation caused a high-confidence failure.,P2_non_weapon_to_weapon,efficientnet_b0,fold_1,perturbed,adversarial,sigma_zero,non_weapon,weapon,0.999976396560669,False,True,img_00014886,img_00014886__sigma_zero__efficientnet_b0,img_00014886__sigma_zero__efficientnet_b0,attacks/adversarial/sigma_zero/efficientnet_b0/fold_1/non_weapon/img_00014886__sigma_zero__efficientnet_b0.png,,,,,,
efficientnet_b0_chapter5_core_candidates_per_bucket_500_manual_per_bucket_3_target_predicted_label_chapter5_separate_assets_final,2026-05-23T08:10:49+00:00,efficientnet_b0__fold_4__adversarial_high_conf_failure__sigma_zero__img_00013866_sigma_zero_efficientnet_b0,false,,,,,,case_bucket,adversarial_high_conf_failure,3,,adversarial_high_conf_failure,Adversarial transformation caused a high-confidence failure.,P2_non_weapon_to_weapon,efficientnet_b0,fold_4,perturbed,adversarial,sigma_zero,non_weapon,weapon,0.999974489212036,False,True,img_00013866,img_00013866__sigma_zero__efficientnet_b0,img_00013866__sigma_zero__efficientnet_b0,attacks/adversarial/sigma_zero/efficientnet_b0/fold_4/non_weapon/img_00013866__sigma_zero__efficientnet_b0.png,,,,,,
efficientnet_b0_chapter5_core_candidates_per_bucket_500_manual_per_bucket_3_target_predicted_label_chapter5_separate_assets_final,2026-05-23T08:10:49+00:00,efficientnet_b0__fold_5__adversarial_high_conf_failure__sigma_zero__img_00014457_sigma_zero_efficientnet_b0,false,,,,,,case_bucket,adversarial_high_conf_failure,3,,adversarial_high_conf_failure,Adversarial transformation caused a high-confidence failure.,P2_non_weapon_to_weapon,efficientnet_b0,fold_5,perturbed,adversarial,sigma_zero,non_weapon,weapon,0.9999728202819824,False,True,img_00014457,img_00014457__sigma_zero__efficientnet_b0,img_00014457__sigma_zero__efficientnet_b0,attacks/adversarial/sigma_zero/efficientnet_b0/fold_5/non_weapon/img_00014457__sigma_zero__efficientnet_b0.png,,,,,,
efficientnet_b0_chapter5_core_candidates_per_bucket_500_manual_per_bucket_3_target_predicted_label_chapter5_separate_assets_final,2026-05-23T08:10:49+00:00,efficientnet_b0__fold_4__adversarial_high_conf_failure__sigma_zero__img_00014144_sigma_zero_efficientnet_b0,false,,,,,,case_bucket,adversarial_high_conf_failure,3,,adversarial_high_conf_failure,Adversarial transformation caused a high-confidence failure.,P2_non_weapon_to_weapon,efficientnet_b0,fold_4,perturbed,adversarial,sigma_zero,non_weapon,weapon,0.9999723434448242,False,True,img_00014144,img_00014144__sigma_zero__efficientnet_b0,img_00014144__sigma_zero__efficientnet_b0,attacks/adversarial/sigma_zero/efficientnet_b0/fold_4/non_weapon/img_00014144__sigma_zero__efficientnet_b0.png,,,,,,
efficientnet_b0_chapter5_core_candidates_per_bucket_500_manual_per_bucket_3_target_predicted_label_chapter5_separate_assets_final,2026-05-23T08:10:49+00:00,efficientnet_b0__fold_1__adversarial_high_conf_failure__sigma_zero__img_00015270_sigma_zero_efficientnet_b0,false,,,,,,case_bucket,adversarial_high_conf_failure,3,,adversarial_high_conf_failure,Adversarial transformation caused a high-confidence failure.,P2_non_weapon_to_weapon,efficientnet_b0,fold_1,perturbed,adversarial,sigma_zero,non_weapon,weapon,0.9999673366546632,False,True,img_00015270,img_00015270__sigma_zero__efficientnet_b0,img_00015270__sigma_zero__efficientnet_b0,attacks/adversarial/sigma_zero/efficientnet_b0/fold_1/non_weapon/img_00015270__sigma_zero__efficientnet_b0.png,,,,,,
efficientnet_b0_chapter5_core_candidates_per_bucket_500_manual_per_bucket_3_target_predicted_label_chapter5_separate_assets_final,2026-05-23T08:10:49+00:00,efficientnet_b0__fold_4__adversarial_high_conf_failure__sigma_zero__img_00013089_sigma_zero_efficientnet_b0,false,,,,,,case_bucket,adversarial_high_conf_failure,3,,adversarial_high_conf_failure,Adversarial transformation caused a high-confidence failure.,P2_non_weapon_to_weapon,efficientnet_b0,fold_4,perturbed,adversarial,sigma_zero,non_weapon,weapon,0.9999645948410034,False,True,img_00013089,img_00013089__sigma_zero__efficientnet_b0,img_00013089__sigma_zero__efficientnet_b0,attacks/adversarial/sigma_zero/efficientnet_b0/fold_4/non_weapon/img_00013089__sigma_zero__efficientnet_b0.png,,,,,,
efficientnet_b0_chapter5_core_candidates_per_bucket_500_manual_per_bucket_3_target_predicted_label_chapter5_separate_assets_final,2026-05-23T08:10:49+00:00,efficientnet_b0__fold_1__adversarial_high_conf_failure__sigma_zero__img_00015220_sigma_zero_efficientnet_b0,false,,,,,,case_bucket,adversarial_high_conf_failure,3,,adversarial_high_conf_failure,Adversarial transformation caused a high-confidence failure.,P2_non_weapon_to_weapon,efficientnet_b0,fold_1,perturbed,adversarial,sigma_zero,non_weapon,weapon,0.9999632835388184,False,True,img_00015220,img_00015220__sigma_zero__efficientnet_b0,img_00015220__sigma_zero__efficientnet_b0,attacks/adversarial/sigma_zero/efficientnet_b0/fold_1/non_weapon/img_00015220__sigma_zero__efficientnet_b0.png,,,,,,
efficientnet_b0_chapter5_core_candidates_per_bucket_500_manual_per_bucket_3_target_predicted_label_chapter5_separate_assets_final,2026-05-23T08:10:49+00:00,efficientnet_b0__fold_1__adversarial_high_conf_failure__sigma_zero__img_00015199_sigma_zero_efficientnet_b0,false,,,,,,case_bucket,adversarial_high_conf_failure,3,,adversarial_high_conf_failure,Adversarial transformation caused a high-confidence failure.,P2_non_weapon_to_weapon,efficientnet_b0,fold_1,perturbed,adversarial,sigma_zero,non_weapon,weapon,0.9999614953994752,False,True,img_00015199,img_00015199__sigma_zero__efficientnet_b0,img_00015199__sigma_zero__efficientnet_b0,attacks/adversarial/sigma_zero/efficientnet_b0/fold_1/non_weapon/img_00015199__sigma_zero__efficientnet_b0.png,,,,,,
efficientnet_b0_chapter5_core_candidates_per_bucket_500_manual_per_bucket_3_target_predicted_label_chapter5_separate_assets_final,2026-05-23T08:10:49+00:00,efficientnet_b0__fold_1__adversarial_high_conf_failure__sigma_zero__img_00015286_sigma_zero_efficientnet_b0,false,,,,,,case_bucket,adversarial_high_conf_failure,3,,adversarial_high_conf_failure,Adversarial transformation caused a high-confidence failure.,P2_non_weapon_to_weapon,efficientnet_b0,fold_1,perturbed,adversarial,sigma_zero,non_weapon,weapon,0.99995219707489,False,True,img_00015286,img_00015286__sigma_zero__efficientnet_b0,img_00015286__sigma_zero__efficientnet_b0,attacks/adversarial/sigma_zero/efficientnet_b0/fold_1/non_weapon/img_00015286__sigma_zero__efficientnet_b0.png,,,,,,
efficientnet_b0_chapter5_core_candidates_per_bucket_500_manual_per_bucket_3_target_predicted_label_chapter5_separate_assets_final,2026-05-23T08:10:49+00:00,efficientnet_b0__fold_4__adversarial_high_conf_failure__sigma_zero__img_00014833_sigma_zero_efficientnet_b0,false,,,,,,case_bucket,adversarial_high_conf_failure,3,,adversarial_high_conf_failure,Adversarial transformation caused a high-confidence failure.,P2_non_weapon_to_weapon,efficientnet_b0,fold_4,perturbed,adversarial,sigma_zero,non_weapon,weapon,0.999933123588562,False,True,img_00014833,img_00014833__sigma_zero__efficientnet_b0,img_00014833__sigma_zero__efficientnet_b0,attacks/adversarial/sigma_zero/efficientnet_b0/fold_4/non_weapon/img_00014833__sigma_zero__efficientnet_b0.png,,,,,,
efficientnet_b0_chapter5_core_candidates_per_bucket_500_manual_per_bucket_3_target_predicted_label_chapter5_separate_assets_final,2026-05-23T08:10:49+00:00,efficientnet_b0__fold_3__adversarial_high_conf_failure__sigma_zero__img_00015193_sigma_zero_efficientnet_b0,false,,,,,,case_bucket,adversarial_high_conf_failure,3,,adversarial_high_conf_failure,Adversarial transformation caused a high-confidence failure.,P2_non_weapon_to_weapon,efficientnet_b0,fold_3,perturbed,adversarial,sigma_zero,non_weapon,weapon,0.9999288320541382,False,True,img_00015193,img_00015193__sigma_zero__efficientnet_b0,img_00015193__sigma_zero__efficientnet_b0,attacks/adversarial/sigma_zero/efficientnet_b0/fold_3/non_weapon/img_00015193__sigma_zero__efficientnet_b0.png,,,,,,
efficientnet_b0_chapter5_core_candidates_per_bucket_500_manual_per_bucket_3_target_predicted_label_chapter5_separate_assets_final,2026-05-23T08:10:49+00:00,efficientnet_b0__fold_5__adversarial_high_conf_failure__fgsm__img_00013804_fgsm_efficientnet_b0,false,,,,,,case_bucket,adversarial_high_conf_failure,3,,adversarial_high_conf_failure,Adversarial transformation caused a high-confidence failure.,P2_non_weapon_to_weapon,efficientnet_b0,fold_5,perturbed,adversarial,fgsm,non_weapon,weapon,0.9998990297317504,False,True,img_00013804,img_00013804__fgsm__efficientnet_b0,img_00013804__fgsm__efficientnet_b0,attacks/adversarial/fgsm/efficientnet_b0/fold_5/non_weapon/img_00013804__fgsm__efficientnet_b0.png,,,,,,
efficientnet_b0_chapter5_core_candidates_per_bucket_500_manual_per_bucket_3_target_predicted_label_chapter5_separate_assets_final,2026-05-23T08:10:49+00:00,efficientnet_b0__fold_3__adversarial_high_conf_failure__sigma_zero__img_00015119_sigma_zero_efficientnet_b0,false,,,,,,case_bucket,adversarial_high_conf_failure,3,,adversarial_high_conf_failure,Adversarial transformation caused a high-confidence failure.,P2_non_weapon_to_weapon,efficientnet_b0,fold_3,perturbed,adversarial,sigma_zero,non_weapon,weapon,0.9998879432678224,False,True,img_00015119,img_00015119__sigma_zero__efficientnet_b0,img_00015119__sigma_zero__efficientnet_b0,attacks/adversarial/sigma_zero/efficientnet_b0/fold_3/non_weapon/img_00015119__sigma_zero__efficientnet_b0.png,,,,,,
efficientnet_b0_chapter5_core_candidates_per_bucket_500_manual_per_bucket_3_target_predicted_label_chapter5_separate_assets_final,2026-05-23T08:10:49+00:00,efficientnet_b0__fold_4__adversarial_high_conf_failure__sigma_zero__img_00014398_sigma_zero_efficientnet_b0,false,,,,,,case_bucket,adversarial_high_conf_failure,3,,adversarial_high_conf_failure,Adversarial transformation caused a high-confidence failure.,P2_non_weapon_to_weapon,efficientnet_b0,fold_4,perturbed,adversarial,sigma_zero,non_weapon,weapon,0.9998718500137328,False,True,img_00014398,img_00014398__sigma_zero__efficientnet_b0,img_00014398__sigma_zero__efficientnet_b0,attacks/adversarial/sigma_zero/efficientnet_b0/fold_4/non_weapon/img_00014398__sigma_zero__efficientnet_b0.png,,,,,,
efficientnet_b0_chapter5_core_candidates_per_bucket_500_manual_per_bucket_3_target_predicted_label_chapter5_separate_assets_final,2026-05-23T08:10:49+00:00,efficientnet_b0__fold_2__adversarial_high_conf_failure__sigma_zero__img_00015203_sigma_zero_efficientnet_b0,false,,,,,,case_bucket,adversarial_high_conf_failure,3,,adversarial_high_conf_failure,Adversarial transformation caused a high-confidence failure.,P2_non_weapon_to_weapon,efficientnet_b0,fold_2,perturbed,adversarial,sigma_zero,non_weapon,weapon,0.999863624572754,False,True,img_00015203,img_00015203__sigma_zero__efficientnet_b0,img_00015203__sigma_zero__efficientnet_b0,attacks/adversarial/sigma_zero/efficientnet_b0/fold_2/non_weapon/img_00015203__sigma_zero__efficientnet_b0.png,,,,,,
efficientnet_b0_chapter5_core_candidates_per_bucket_500_manual_per_bucket_3_target_predicted_label_chapter5_separate_assets_final,2026-05-23T08:10:49+00:00,efficientnet_b0__fold_3__adversarial_high_conf_failure__sigma_zero__img_00015015_sigma_zero_efficientnet_b0,false,,,,,,case_bucket,adversarial_high_conf_failure,3,,adversarial_high_conf_failure,Adversarial transformation caused a high-confidence failure.,P2_non_weapon_to_weapon,efficientnet_b0,fold_3,perturbed,adversarial,sigma_zero,non_weapon,weapon,0.9998146891593932,False,True,img_00015015,img_00015015__sigma_zero__efficientnet_b0,img_00015015__sigma_zero__efficientnet_b0,attacks/adversarial/sigma_zero/efficientnet_b0/fold_3/non_weapon/img_00015015__sigma_zero__efficientnet_b0.png,,,,,,
efficientnet_b0_chapter5_core_candidates_per_bucket_500_manual_per_bucket_3_target_predicted_label_chapter5_separate_assets_final,2026-05-23T08:10:49+00:00,efficientnet_b0__fold_4__adversarial_high_conf_failure__sigma_zero__img_00012935_sigma_zero_efficientnet_b0,false,,,,,,case_bucket,adversarial_high_conf_failure,3,,adversarial_high_conf_failure,Adversarial transformation caused a high-confidence failure.,P2_non_weapon_to_weapon,efficientnet_b0,fold_4,perturbed,adversarial,sigma_zero,non_weapon,weapon,0.9997461438179016,False,True,img_00012935,img_00012935__sigma_zero__efficientnet_b0,img_00012935__sigma_zero__efficientnet_b0,attacks/adversarial/sigma_zero/efficientnet_b0/fold_4/non_weapon/img_00012935__sigma_zero__efficientnet_b0.png,,,,,,
efficientnet_b0_chapter5_core_candidates_per_bucket_500_manual_per_bucket_3_target_predicted_label_chapter5_separate_assets_final,2026-05-23T08:10:49+00:00,efficientnet_b0__fold_5__adversarial_high_conf_failure__fgsm__img_00014122_fgsm_efficientnet_b0,false,,,,,,case_bucket,adversarial_high_conf_failure,3,,adversarial_high_conf_failure,Adversarial transformation caused a high-confidence failure.,P2_non_weapon_to_weapon,efficientnet_b0,fold_5,perturbed,adversarial,fgsm,non_weapon,weapon,0.9997392296791076,False,True,img_00014122,img_00014122__fgsm__efficientnet_b0,img_00014122__fgsm__efficientnet_b0,attacks/adversarial/fgsm/efficientnet_b0/fold_5/non_weapon/img_00014122__fgsm__efficientnet_b0.png,,,,,,
efficientnet_b0_chapter5_core_candidates_per_bucket_500_manual_per_bucket_3_target_predicted_label_chapter5_separate_assets_final,2026-05-23T08:10:49+00:00,efficientnet_b0__fold_2__adversarial_high_conf_failure__sigma_zero__img_00014719_sigma_zero_efficientnet_b0,false,,,,,,case_bucket,adversarial_high_conf_failure,3,,adversarial_high_conf_failure,Adversarial transformation caused a high-confidence failure.,P2_non_weapon_to_weapon,efficientnet_b0,fold_2,perturbed,adversarial,sigma_zero,non_weapon,weapon,0.9997331500053406,False,True,img_00014719,img_00014719__sigma_zero__efficientnet_b0,img_00014719__sigma_zero__efficientnet_b0,attacks/adversarial/sigma_zero/efficientnet_b0/fold_2/non_weapon/img_00014719__sigma_zero__efficientnet_b0.png,,,,,,
efficientnet_b0_chapter5_core_candidates_per_bucket_500_manual_per_bucket_3_target_predicted_label_chapter5_separate_assets_final,2026-05-23T08:10:49+00:00,efficientnet_b0__fold_2__adversarial_high_conf_failure__sigma_zero__img_00015216_sigma_zero_efficientnet_b0,false,,,,,,case_bucket,adversarial_high_conf_failure,3,,adversarial_high_conf_failure,Adversarial transformation caused a high-confidence failure.,P2_non_weapon_to_weapon,efficientnet_b0,fold_2,perturbed,adversarial,sigma_zero,non_weapon,weapon,0.9996641874313354,False,True,img_00015216,img_00015216__sigma_zero__efficientnet_b0,img_00015216__sigma_zero__efficientnet_b0,attacks/adversarial/sigma_zero/efficientnet_b0/fold_2/non_weapon/img_00015216__sigma_zero__efficientnet_b0.png,,,,,,
efficientnet_b0_chapter5_core_candidates_per_bucket_500_manual_per_bucket_3_target_predicted_label_chapter5_separate_assets_final,2026-05-23T08:10:49+00:00,efficientnet_b0__fold_5__adversarial_high_conf_failure__sigma_zero__img_00015011_sigma_zero_efficientnet_b0,false,,,,,,case_bucket,adversarial_high_conf_failure,3,,adversarial_high_conf_failure,Adversarial transformation caused a high-confidence failure.,P2_non_weapon_to_weapon,efficientnet_b0,fold_5,perturbed,adversarial,sigma_zero,non_weapon,weapon,0.9996492862701416,False,True,img_00015011,img_00015011__sigma_zero__efficientnet_b0,img_00015011__sigma_zero__efficientnet_b0,attacks/adversarial/sigma_zero/efficientnet_b0/fold_5/non_weapon/img_00015011__sigma_zero__efficientnet_b0.png,,,,,,
efficientnet_b0_chapter5_core_candidates_per_bucket_500_manual_per_bucket_3_target_predicted_label_chapter5_separate_assets_final,2026-05-23T08:10:49+00:00,efficientnet_b0__fold_1__adversarial_high_conf_failure__sigma_zero__img_00013088_sigma_zero_efficientnet_b0,false,,,,,,case_bucket,adversarial_high_conf_failure,3,,adversarial_high_conf_failure,Adversarial transformation caused a high-confidence failure.,P2_non_weapon_to_weapon,efficientnet_b0,fold_1,perturbed,adversarial,sigma_zero,non_weapon,weapon,0.999630570411682,False,True,img_00013088,img_00013088__sigma_zero__efficientnet_b0,img_00013088__sigma_zero__efficientnet_b0,attacks/adversarial/sigma_zero/efficientnet_b0/fold_1/non_weapon/img_00013088__sigma_zero__efficientnet_b0.png,,,,,,
efficientnet_b0_chapter5_core_candidates_per_bucket_500_manual_per_bucket_3_target_predicted_label_chapter5_separate_assets_final,2026-05-23T08:10:49+00:00,efficientnet_b0__fold_3__adversarial_high_conf_failure__sigma_zero__img_00014687_sigma_zero_efficientnet_b0,false,,,,,,case_bucket,adversarial_high_conf_failure,3,,adversarial_high_conf_failure,Adversarial transformation caused a high-confidence failure.,P2_non_weapon_to_weapon,efficientnet_b0,fold_3,perturbed,adversarial,sigma_zero,non_weapon,weapon,0.9995936751365662,False,True,img_00014687,img_00014687__sigma_zero__efficientnet_b0,img_00014687__sigma_zero__efficientnet_b0,attacks/adversarial/sigma_zero/efficientnet_b0/fold_3/non_weapon/img_00014687__sigma_zero__efficientnet_b0.png,,,,,,
efficientnet_b0_chapter5_core_candidates_per_bucket_500_manual_per_bucket_3_target_predicted_label_chapter5_separate_assets_final,2026-05-23T08:10:49+00:00,efficientnet_b0__fold_2__adversarial_high_conf_failure__sigma_zero__img_00014558_sigma_zero_efficientnet_b0,false,,,,,,case_bucket,adversarial_high_conf_failure,3,,adversarial_high_conf_failure,Adversarial transformation caused a high-confidence failure.,P2_non_weapon_to_weapon,efficientnet_b0,fold_2,perturbed,adversarial,sigma_zero,non_weapon,weapon,0.9995822310447692,False,True,img_00014558,img_00014558__sigma_zero__efficientnet_b0,img_00014558__sigma_zero__efficientnet_b0,attacks/adversarial/sigma_zero/efficientnet_b0/fold_2/non_weapon/img_00014558__sigma_zero__efficientnet_b0.png,,,,,,
efficientnet_b0_chapter5_core_candidates_per_bucket_500_manual_per_bucket_3_target_predicted_label_chapter5_separate_assets_final,2026-05-23T08:10:49+00:00,efficientnet_b0__fold_3__adversarial_high_conf_failure__sigma_zero__img_00015072_sigma_zero_efficientnet_b0,false,,,,,,case_bucket,adversarial_high_conf_failure,3,,adversarial_high_conf_failure,Adversarial transformation caused a high-confidence failure.,P2_non_weapon_to_weapon,efficientnet_b0,fold_3,perturbed,adversarial,sigma_zero,non_weapon,weapon,0.9995812773704528,False,True,img_00015072,img_00015072__sigma_zero__efficientnet_b0,img_00015072__sigma_zero__efficientnet_b0,attacks/adversarial/sigma_zero/efficientnet_b0/fold_3/non_weapon/img_00015072__sigma_zero__efficientnet_b0.png,,,,,,
efficientnet_b0_chapter5_core_candidates_per_bucket_500_manual_per_bucket_3_target_predicted_label_chapter5_separate_assets_final,2026-05-23T08:10:49+00:00,efficientnet_b0__fold_5__adversarial_high_conf_failure__sigma_zero__img_00015023_sigma_zero_efficientnet_b0,false,,,,,,case_bucket,adversarial_high_conf_failure,3,,adversarial_high_conf_failure,Adversarial transformation caused a high-confidence failure.,P2_non_weapon_to_weapon,efficientnet_b0,fold_5,perturbed,adversarial,sigma_zero,non_weapon,weapon,0.9995768666267396,False,True,img_00015023,img_00015023__sigma_zero__efficientnet_b0,img_00015023__sigma_zero__efficientnet_b0,attacks/adversarial/sigma_zero/efficientnet_b0/fold_5/non_weapon/img_00015023__sigma_zero__efficientnet_b0.png,,,,,,
efficientnet_b0_chapter5_core_candidates_per_bucket_500_manual_per_bucket_3_target_predicted_label_chapter5_separate_assets_final,2026-05-23T08:10:49+00:00,efficientnet_b0__fold_5__adversarial_high_conf_failure__sigma_zero__img_00014903_sigma_zero_efficientnet_b0,false,,,,,,case_bucket,adversarial_high_conf_failure,3,,adversarial_high_conf_failure,Adversarial transformation caused a high-confidence failure.,P2_non_weapon_to_weapon,efficientnet_b0,fold_5,perturbed,adversarial,sigma_zero,non_weapon,weapon,0.999567687511444,False,True,img_00014903,img_00014903__sigma_zero__efficientnet_b0,img_00014903__sigma_zero__efficientnet_b0,attacks/adversarial/sigma_zero/efficientnet_b0/fold_5/non_weapon/img_00014903__sigma_zero__efficientnet_b0.png,,,,,,
efficientnet_b0_chapter5_core_candidates_per_bucket_500_manual_per_bucket_3_target_predicted_label_chapter5_separate_assets_final,2026-05-23T08:10:49+00:00,efficientnet_b0__fold_2__adversarial_high_conf_failure__fgsm__img_00000001_fgsm_efficientnet_b0,false,,,,,,case_bucket,adversarial_high_conf_failure,3,,adversarial_high_conf_failure,Adversarial transformation caused a high-confidence failure.,P1_weapon_to_non_weapon,efficientnet_b0,fold_2,perturbed,adversarial,fgsm,weapon,non_weapon,0.999484658241272,False,True,img_00000001,img_00000001__fgsm__efficientnet_b0,img_00000001__fgsm__efficientnet_b0,attacks/adversarial/fgsm/efficientnet_b0/fold_2/weapon/img_00000001__fgsm__efficientnet_b0.png,,,,,,
efficientnet_b0_chapter5_core_candidates_per_bucket_500_manual_per_bucket_3_target_predicted_label_chapter5_separate_assets_final,2026-05-23T08:10:49+00:00,efficientnet_b0__fold_5__adversarial_high_conf_failure__sigma_zero__img_00015059_sigma_zero_efficientnet_b0,false,,,,,,case_bucket,adversarial_high_conf_failure,3,,adversarial_high_conf_failure,Adversarial transformation caused a high-confidence failure.,P2_non_weapon_to_weapon,efficientnet_b0,fold_5,perturbed,adversarial,sigma_zero,non_weapon,weapon,0.9994139671325684,False,True,img_00015059,img_00015059__sigma_zero__efficientnet_b0,img_00015059__sigma_zero__efficientnet_b0,attacks/adversarial/sigma_zero/efficientnet_b0/fold_5/non_weapon/img_00015059__sigma_zero__efficientnet_b0.png,,,,,,
efficientnet_b0_chapter5_core_candidates_per_bucket_500_manual_per_bucket_3_target_predicted_label_chapter5_separate_assets_final,2026-05-23T08:10:49+00:00,efficientnet_b0__fold_1__adversarial_high_conf_failure__sigma_zero__img_00014736_sigma_zero_efficientnet_b0,false,,,,,,case_bucket,adversarial_high_conf_failure,3,,adversarial_high_conf_failure,Adversarial transformation caused a high-confidence failure.,P2_non_weapon_to_weapon,efficientnet_b0,fold_1,perturbed,adversarial,sigma_zero,non_weapon,weapon,0.999363362789154,False,True,img_00014736,img_00014736__sigma_zero__efficientnet_b0,img_00014736__sigma_zero__efficientnet_b0,attacks/adversarial/sigma_zero/efficientnet_b0/fold_1/non_weapon/img_00014736__sigma_zero__efficientnet_b0.png,,,,,,
efficientnet_b0_chapter5_core_candidates_per_bucket_500_manual_per_bucket_3_target_predicted_label_chapter5_separate_assets_final,2026-05-23T08:10:49+00:00,efficientnet_b0__fold_2__adversarial_high_conf_failure__fgsm__img_00014484_fgsm_efficientnet_b0,false,,,,,,case_bucket,adversarial_high_conf_failure,3,,adversarial_high_conf_failure,Adversarial transformation caused a high-confidence failure.,P1_weapon_to_non_weapon,efficientnet_b0,fold_2,perturbed,adversarial,fgsm,weapon,non_weapon,0.9992629885673524,False,True,img_00014484,img_00014484__fgsm__efficientnet_b0,img_00014484__fgsm__efficientnet_b0,attacks/adversarial/fgsm/efficientnet_b0/fold_2/weapon/img_00014484__fgsm__efficientnet_b0.png,,,,,,
efficientnet_b0_chapter5_core_candidates_per_bucket_500_manual_per_bucket_3_target_predicted_label_chapter5_separate_assets_final,2026-05-23T08:10:49+00:00,efficientnet_b0__fold_5__adversarial_high_conf_failure__sigma_zero__img_00015156_sigma_zero_efficientnet_b0,false,,,,,,case_bucket,adversarial_high_conf_failure,3,,adversarial_high_conf_failure,Adversarial transformation caused a high-confidence failure.,P2_non_weapon_to_weapon,efficientnet_b0,fold_5,perturbed,adversarial,sigma_zero,non_weapon,weapon,0.999250829219818,False,True,img_00015156,img_00015156__sigma_zero__efficientnet_b0,img_00015156__sigma_zero__efficientnet_b0,attacks/adversarial/sigma_zero/efficientnet_b0/fold_5/non_weapon/img_00015156__sigma_zero__efficientnet_b0.png,,,,,,
efficientnet_b0_chapter5_core_candidates_per_bucket_500_manual_per_bucket_3_target_predicted_label_chapter5_separate_assets_final,2026-05-23T08:10:49+00:00,efficientnet_b0__fold_1__adversarial_high_conf_failure__sigma_zero__img_00014149_sigma_zero_efficientnet_b0,false,,,,,,case_bucket,adversarial_high_conf_failure,3,,adversarial_high_conf_failure,Adversarial transformation caused a high-confidence failure.,P2_non_weapon_to_weapon,efficientnet_b0,fold_1,perturbed,adversarial,sigma_zero,non_weapon,weapon,0.9992128610610962,False,True,img_00014149,img_00014149__sigma_zero__efficientnet_b0,img_00014149__sigma_zero__efficientnet_b0,attacks/adversarial/sigma_zero/efficientnet_b0/fold_1/non_weapon/img_00014149__sigma_zero__efficientnet_b0.png,,,,,,
efficientnet_b0_chapter5_core_candidates_per_bucket_500_manual_per_bucket_3_target_predicted_label_chapter5_separate_assets_final,2026-05-23T08:10:49+00:00,efficientnet_b0__fold_3__adversarial_high_conf_failure__fgsm__img_00012742_fgsm_efficientnet_b0,false,,,,,,case_bucket,adversarial_high_conf_failure,3,,adversarial_high_conf_failure,Adversarial transformation caused a high-confidence failure.,P1_weapon_to_non_weapon,efficientnet_b0,fold_3,perturbed,adversarial,fgsm,weapon,non_weapon,0.9990498423576356,False,True,img_00012742,img_00012742__fgsm__efficientnet_b0,img_00012742__fgsm__efficientnet_b0,attacks/adversarial/fgsm/efficientnet_b0/fold_3/weapon/img_00012742__fgsm__efficientnet_b0.png,,,,,,
efficientnet_b0_chapter5_core_candidates_per_bucket_500_manual_per_bucket_3_target_predicted_label_chapter5_separate_assets_final,2026-05-23T08:10:49+00:00,efficientnet_b0__fold_5__adversarial_high_conf_failure__sigma_zero__img_00014426_sigma_zero_efficientnet_b0,false,,,,,,case_bucket,adversarial_high_conf_failure,3,,adversarial_high_conf_failure,Adversarial transformation caused a high-confidence failure.,P2_non_weapon_to_weapon,efficientnet_b0,fold_5,perturbed,adversarial,sigma_zero,non_weapon,weapon,0.9990038275718688,False,True,img_00014426,img_00014426__sigma_zero__efficientnet_b0,img_00014426__sigma_zero__efficientnet_b0,attacks/adversarial/sigma_zero/efficientnet_b0/fold_5/non_weapon/img_00014426__sigma_zero__efficientnet_b0.png,,,,,,
efficientnet_b0_chapter5_core_candidates_per_bucket_500_manual_per_bucket_3_target_predicted_label_chapter5_separate_assets_final,2026-05-23T08:10:49+00:00,efficientnet_b0__fold_4__adversarial_high_conf_failure__sigma_zero__img_00014789_sigma_zero_efficientnet_b0,false,,,,,,case_bucket,adversarial_high_conf_failure,3,,adversarial_high_conf_failure,Adversarial transformation caused a high-confidence failure.,P2_non_weapon_to_weapon,efficientnet_b0,fold_4,perturbed,adversarial,sigma_zero,non_weapon,weapon,0.9990037083625792,False,True,img_00014789,img_00014789__sigma_zero__efficientnet_b0,img_00014789__sigma_zero__efficientnet_b0,attacks/adversarial/sigma_zero/efficientnet_b0/fold_4/non_weapon/img_00014789__sigma_zero__efficientnet_b0.png,,,,,,
efficientnet_b0_chapter5_core_candidates_per_bucket_500_manual_per_bucket_3_target_predicted_label_chapter5_separate_assets_final,2026-05-23T08:10:49+00:00,efficientnet_b0__fold_5__adversarial_high_conf_failure__sigma_zero__img_00014722_sigma_zero_efficientnet_b0,false,,,,,,case_bucket,adversarial_high_conf_failure,3,,adversarial_high_conf_failure,Adversarial transformation caused a high-confidence failure.,P2_non_weapon_to_weapon,efficientnet_b0,fold_5,perturbed,adversarial,sigma_zero,non_weapon,weapon,0.9989792108535768,False,True,img_00014722,img_00014722__sigma_zero__efficientnet_b0,img_00014722__sigma_zero__efficientnet_b0,attacks/adversarial/sigma_zero/efficientnet_b0/fold_5/non_weapon/img_00014722__sigma_zero__efficientnet_b0.png,,,,,,
efficientnet_b0_chapter5_core_candidates_per_bucket_500_manual_per_bucket_3_target_predicted_label_chapter5_separate_assets_final,2026-05-23T08:10:49+00:00,efficientnet_b0__fold_1__adversarial_high_conf_failure__sigma_zero__img_00015264_sigma_zero_efficientnet_b0,false,,,,,,case_bucket,adversarial_high_conf_failure,3,,adversarial_high_conf_failure,Adversarial transformation caused a high-confidence failure.,P2_non_weapon_to_weapon,efficientnet_b0,fold_1,perturbed,adversarial,sigma_zero,non_weapon,weapon,0.9989123344421388,False,True,img_00015264,img_00015264__sigma_zero__efficientnet_b0,img_00015264__sigma_zero__efficientnet_b0,attacks/adversarial/sigma_zero/efficientnet_b0/fold_1/non_weapon/img_00015264__sigma_zero__efficientnet_b0.png,,,,,,
efficientnet_b0_chapter5_core_candidates_per_bucket_500_manual_per_bucket_3_target_predicted_label_chapter5_separate_assets_final,2026-05-23T08:10:49+00:00,efficientnet_b0__fold_1__adversarial_high_conf_failure__fgsm__img_00013615_fgsm_efficientnet_b0,false,,,,,,case_bucket,adversarial_high_conf_failure,3,,adversarial_high_conf_failure,Adversarial transformation caused a high-confidence failure.,P2_non_weapon_to_weapon,efficientnet_b0,fold_1,perturbed,adversarial,fgsm,non_weapon,weapon,0.9987899661064148,False,True,img_00013615,img_00013615__fgsm__efficientnet_b0,img_00013615__fgsm__efficientnet_b0,attacks/adversarial/fgsm/efficientnet_b0/fold_1/non_weapon/img_00013615__fgsm__efficientnet_b0.png,,,,,,
efficientnet_b0_chapter5_core_candidates_per_bucket_500_manual_per_bucket_3_target_predicted_label_chapter5_separate_assets_final,2026-05-23T08:10:49+00:00,efficientnet_b0__fold_5__adversarial_high_conf_failure__sigma_zero__img_00015272_sigma_zero_efficientnet_b0,false,,,,,,case_bucket,adversarial_high_conf_failure,3,,adversarial_high_conf_failure,Adversarial transformation caused a high-confidence failure.,P2_non_weapon_to_weapon,efficientnet_b0,fold_5,perturbed,adversarial,sigma_zero,non_weapon,weapon,0.9987791180610656,False,True,img_00015272,img_00015272__sigma_zero__efficientnet_b0,img_00015272__sigma_zero__efficientnet_b0,attacks/adversarial/sigma_zero/efficientnet_b0/fold_5/non_weapon/img_00015272__sigma_zero__efficientnet_b0.png,,,,,,
efficientnet_b0_chapter5_core_candidates_per_bucket_500_manual_per_bucket_3_target_predicted_label_chapter5_separate_assets_final,2026-05-23T08:10:49+00:00,efficientnet_b0__fold_4__adversarial_high_conf_failure__sigma_zero__img_00014995_sigma_zero_efficientnet_b0,false,,,,,,case_bucket,adversarial_high_conf_failure,3,,adversarial_high_conf_failure,Adversarial transformation caused a high-confidence failure.,P2_non_weapon_to_weapon,efficientnet_b0,fold_4,perturbed,adversarial,sigma_zero,non_weapon,weapon,0.9985753297805786,False,True,img_00014995,img_00014995__sigma_zero__efficientnet_b0,img_00014995__sigma_zero__efficientnet_b0,attacks/adversarial/sigma_zero/efficientnet_b0/fold_4/non_weapon/img_00014995__sigma_zero__efficientnet_b0.png,,,,,,
efficientnet_b0_chapter5_core_candidates_per_bucket_500_manual_per_bucket_3_target_predicted_label_chapter5_separate_assets_final,2026-05-23T08:10:49+00:00,efficientnet_b0__fold_1__adversarial_high_conf_failure__fgsm__img_00014593_fgsm_efficientnet_b0,false,,,,,,case_bucket,adversarial_high_conf_failure,3,,adversarial_high_conf_failure,Adversarial transformation caused a high-confidence failure.,P2_non_weapon_to_weapon,efficientnet_b0,fold_1,perturbed,adversarial,fgsm,non_weapon,weapon,0.998440682888031,False,True,img_00014593,img_00014593__fgsm__efficientnet_b0,img_00014593__fgsm__efficientnet_b0,attacks/adversarial/fgsm/efficientnet_b0/fold_1/non_weapon/img_00014593__fgsm__efficientnet_b0.png,,,,,,
efficientnet_b0_chapter5_core_candidates_per_bucket_500_manual_per_bucket_3_target_predicted_label_chapter5_separate_assets_final,2026-05-23T08:10:49+00:00,efficientnet_b0__fold_5__adversarial_high_conf_failure__fgsm__img_00000005_fgsm_efficientnet_b0,false,,,,,,case_bucket,adversarial_high_conf_failure,3,,adversarial_high_conf_failure,Adversarial transformation caused a high-confidence failure.,P1_weapon_to_non_weapon,efficientnet_b0,fold_5,perturbed,adversarial,fgsm,weapon,non_weapon,0.9983768463134766,False,True,img_00000005,img_00000005__fgsm__efficientnet_b0,img_00000005__fgsm__efficientnet_b0,attacks/adversarial/fgsm/efficientnet_b0/fold_5/weapon/img_00000005__fgsm__efficientnet_b0.png,,,,,,
efficientnet_b0_chapter5_core_candidates_per_bucket_500_manual_per_bucket_3_target_predicted_label_chapter5_separate_assets_final,2026-05-23T08:10:49+00:00,efficientnet_b0__fold_5__adversarial_high_conf_failure__fgsm__img_00013591_fgsm_efficientnet_b0,false,,,,,,case_bucket,adversarial_high_conf_failure,3,,adversarial_high_conf_failure,Adversarial transformation caused a high-confidence failure.,P1_weapon_to_non_weapon,efficientnet_b0,fold_5,perturbed,adversarial,fgsm,weapon,non_weapon,0.9982656836509703,False,True,img_00013591,img_00013591__fgsm__efficientnet_b0,img_00013591__fgsm__efficientnet_b0,attacks/adversarial/fgsm/efficientnet_b0/fold_5/weapon/img_00013591__fgsm__efficientnet_b0.png,,,,,,
efficientnet_b0_chapter5_core_candidates_per_bucket_500_manual_per_bucket_3_target_predicted_label_chapter5_separate_assets_final,2026-05-23T08:10:49+00:00,efficientnet_b0__fold_5__adversarial_high_conf_failure__fgsm__img_00013655_fgsm_efficientnet_b0,false,,,,,,case_bucket,adversarial_high_conf_failure,3,,adversarial_high_conf_failure,Adversarial transformation caused a high-confidence failure.,P1_weapon_to_non_weapon,efficientnet_b0,fold_5,perturbed,adversarial,fgsm,weapon,non_weapon,0.9980456829071044,False,True,img_00013655,img_00013655__fgsm__efficientnet_b0,img_00013655__fgsm__efficientnet_b0,attacks/adversarial/fgsm/efficientnet_b0/fold_5/weapon/img_00013655__fgsm__efficientnet_b0.png,,,,,,
efficientnet_b0_chapter5_core_candidates_per_bucket_500_manual_per_bucket_3_target_predicted_label_chapter5_separate_assets_final,2026-05-23T08:10:49+00:00,efficientnet_b0__fold_4__adversarial_high_conf_failure__sigma_zero__img_00014579_sigma_zero_efficientnet_b0,false,,,,,,case_bucket,adversarial_high_conf_failure,3,,adversarial_high_conf_failure,Adversarial transformation caused a high-confidence failure.,P2_non_weapon_to_weapon,efficientnet_b0,fold_4,perturbed,adversarial,sigma_zero,non_weapon,weapon,0.9979294538497924,False,True,img_00014579,img_00014579__sigma_zero__efficientnet_b0,img_00014579__sigma_zero__efficientnet_b0,attacks/adversarial/sigma_zero/efficientnet_b0/fold_4/non_weapon/img_00014579__sigma_zero__efficientnet_b0.png,,,,,,
efficientnet_b0_chapter5_core_candidates_per_bucket_500_manual_per_bucket_3_target_predicted_label_chapter5_separate_assets_final,2026-05-23T08:10:49+00:00,efficientnet_b0__fold_3__adversarial_high_conf_failure__fgsm__img_00000166_fgsm_efficientnet_b0,false,,,,,,case_bucket,adversarial_high_conf_failure,3,,adversarial_high_conf_failure,Adversarial transformation caused a high-confidence failure.,P1_weapon_to_non_weapon,efficientnet_b0,fold_3,perturbed,adversarial,fgsm,weapon,non_weapon,0.997725784778595,False,True,img_00000166,img_00000166__fgsm__efficientnet_b0,img_00000166__fgsm__efficientnet_b0,attacks/adversarial/fgsm/efficientnet_b0/fold_3/weapon/img_00000166__fgsm__efficientnet_b0.png,,,,,,
efficientnet_b0_chapter5_core_candidates_per_bucket_500_manual_per_bucket_3_target_predicted_label_chapter5_separate_assets_final,2026-05-23T08:10:49+00:00,efficientnet_b0__fold_1__adversarial_high_conf_failure__sigma_zero__img_00014962_sigma_zero_efficientnet_b0,false,,,,,,case_bucket,adversarial_high_conf_failure,3,,adversarial_high_conf_failure,Adversarial transformation caused a high-confidence failure.,P2_non_weapon_to_weapon,efficientnet_b0,fold_1,perturbed,adversarial,sigma_zero,non_weapon,weapon,0.9976909160614014,False,True,img_00014962,img_00014962__sigma_zero__efficientnet_b0,img_00014962__sigma_zero__efficientnet_b0,attacks/adversarial/sigma_zero/efficientnet_b0/fold_1/non_weapon/img_00014962__sigma_zero__efficientnet_b0.png,,,,,,
efficientnet_b0_chapter5_core_candidates_per_bucket_500_manual_per_bucket_3_target_predicted_label_chapter5_separate_assets_final,2026-05-23T08:10:49+00:00,efficientnet_b0__fold_5__adversarial_high_conf_failure__sigma_zero__img_00014152_sigma_zero_efficientnet_b0,false,,,,,,case_bucket,adversarial_high_conf_failure,3,,adversarial_high_conf_failure,Adversarial transformation caused a high-confidence failure.,P2_non_weapon_to_weapon,efficientnet_b0,fold_5,perturbed,adversarial,sigma_zero,non_weapon,weapon,0.997450053691864,False,True,img_00014152,img_00014152__sigma_zero__efficientnet_b0,img_00014152__sigma_zero__efficientnet_b0,attacks/adversarial/sigma_zero/efficientnet_b0/fold_5/non_weapon/img_00014152__sigma_zero__efficientnet_b0.png,,,,,,
efficientnet_b0_chapter5_core_candidates_per_bucket_500_manual_per_bucket_3_target_predicted_label_chapter5_separate_assets_final,2026-05-23T08:10:49+00:00,efficientnet_b0__fold_1__adversarial_high_conf_failure__sigma_zero__img_00014889_sigma_zero_efficientnet_b0,false,,,,,,case_bucket,adversarial_high_conf_failure,3,,adversarial_high_conf_failure,Adversarial transformation caused a high-confidence failure.,P2_non_weapon_to_weapon,efficientnet_b0,fold_1,perturbed,adversarial,sigma_zero,non_weapon,weapon,0.99736088514328,False,True,img_00014889,img_00014889__sigma_zero__efficientnet_b0,img_00014889__sigma_zero__efficientnet_b0,attacks/adversarial/sigma_zero/efficientnet_b0/fold_1/non_weapon/img_00014889__sigma_zero__efficientnet_b0.png,,,,,,
efficientnet_b0_chapter5_core_candidates_per_bucket_500_manual_per_bucket_3_target_predicted_label_chapter5_separate_assets_final,2026-05-23T08:10:49+00:00,efficientnet_b0__fold_2__adversarial_high_conf_failure__fgsm__img_00013534_fgsm_efficientnet_b0,false,,,,,,case_bucket,adversarial_high_conf_failure,3,,adversarial_high_conf_failure,Adversarial transformation caused a high-confidence failure.,P1_weapon_to_non_weapon,efficientnet_b0,fold_2,perturbed,adversarial,fgsm,weapon,non_weapon,0.9973260164260864,False,True,img_00013534,img_00013534__fgsm__efficientnet_b0,img_00013534__fgsm__efficientnet_b0,attacks/adversarial/fgsm/efficientnet_b0/fold_2/weapon/img_00013534__fgsm__efficientnet_b0.png,,,,,,
efficientnet_b0_chapter5_core_candidates_per_bucket_500_manual_per_bucket_3_target_predicted_label_chapter5_separate_assets_final,2026-05-23T08:10:49+00:00,efficientnet_b0__fold_5__adversarial_high_conf_failure__sigma_zero__img_00014894_sigma_zero_efficientnet_b0,false,,,,,,case_bucket,adversarial_high_conf_failure,3,,adversarial_high_conf_failure,Adversarial transformation caused a high-confidence failure.,P2_non_weapon_to_weapon,efficientnet_b0,fold_5,perturbed,adversarial,sigma_zero,non_weapon,weapon,0.996905505657196,False,True,img_00014894,img_00014894__sigma_zero__efficientnet_b0,img_00014894__sigma_zero__efficientnet_b0,attacks/adversarial/sigma_zero/efficientnet_b0/fold_5/non_weapon/img_00014894__sigma_zero__efficientnet_b0.png,,,,,,
efficientnet_b0_chapter5_core_candidates_per_bucket_500_manual_per_bucket_3_target_predicted_label_chapter5_separate_assets_final,2026-05-23T08:10:49+00:00,efficientnet_b0__fold_4__adversarial_high_conf_failure__sigma_zero__img_00014754_sigma_zero_efficientnet_b0,false,,,,,,case_bucket,adversarial_high_conf_failure,3,,adversarial_high_conf_failure,Adversarial transformation caused a high-confidence failure.,P2_non_weapon_to_weapon,efficientnet_b0,fold_4,perturbed,adversarial,sigma_zero,non_weapon,weapon,0.9966468214988708,False,True,img_00014754,img_00014754__sigma_zero__efficientnet_b0,img_00014754__sigma_zero__efficientnet_b0,attacks/adversarial/sigma_zero/efficientnet_b0/fold_4/non_weapon/img_00014754__sigma_zero__efficientnet_b0.png,,,,,,
efficientnet_b0_chapter5_core_candidates_per_bucket_500_manual_per_bucket_3_target_predicted_label_chapter5_separate_assets_final,2026-05-23T08:10:49+00:00,efficientnet_b0__fold_5__adversarial_high_conf_failure__fgsm__img_00012996_fgsm_efficientnet_b0,false,,,,,,case_bucket,adversarial_high_conf_failure,3,,adversarial_high_conf_failure,Adversarial transformation caused a high-confidence failure.,P2_non_weapon_to_weapon,efficientnet_b0,fold_5,perturbed,adversarial,fgsm,non_weapon,weapon,0.9964773058891296,False,True,img_00012996,img_00012996__fgsm__efficientnet_b0,img_00012996__fgsm__efficientnet_b0,attacks/adversarial/fgsm/efficientnet_b0/fold_5/non_weapon/img_00012996__fgsm__efficientnet_b0.png,,,,,,
efficientnet_b0_chapter5_core_candidates_per_bucket_500_manual_per_bucket_3_target_predicted_label_chapter5_separate_assets_final,2026-05-23T08:10:49+00:00,efficientnet_b0__fold_2__adversarial_high_conf_failure__fgsm__img_00013641_fgsm_efficientnet_b0,false,,,,,,case_bucket,adversarial_high_conf_failure,3,,adversarial_high_conf_failure,Adversarial transformation caused a high-confidence failure.,P1_weapon_to_non_weapon,efficientnet_b0,fold_2,perturbed,adversarial,fgsm,weapon,non_weapon,0.996232807636261,False,True,img_00013641,img_00013641__fgsm__efficientnet_b0,img_00013641__fgsm__efficientnet_b0,attacks/adversarial/fgsm/efficientnet_b0/fold_2/weapon/img_00013641__fgsm__efficientnet_b0.png,,,,,,
efficientnet_b0_chapter5_core_candidates_per_bucket_500_manual_per_bucket_3_target_predicted_label_chapter5_separate_assets_final,2026-05-23T08:10:49+00:00,efficientnet_b0__fold_2__adversarial_high_conf_failure__fgsm__img_00013012_fgsm_efficientnet_b0,false,,,,,,case_bucket,adversarial_high_conf_failure,3,,adversarial_high_conf_failure,Adversarial transformation caused a high-confidence failure.,P1_weapon_to_non_weapon,efficientnet_b0,fold_2,perturbed,adversarial,fgsm,weapon,non_weapon,0.9961321353912354,False,True,img_00013012,img_00013012__fgsm__efficientnet_b0,img_00013012__fgsm__efficientnet_b0,attacks/adversarial/fgsm/efficientnet_b0/fold_2/weapon/img_00013012__fgsm__efficientnet_b0.png,,,,,,
efficientnet_b0_chapter5_core_candidates_per_bucket_500_manual_per_bucket_3_target_predicted_label_chapter5_separate_assets_final,2026-05-23T08:10:49+00:00,efficientnet_b0__fold_2__adversarial_high_conf_failure__fgsm__img_00000314_fgsm_efficientnet_b0,false,,,,,,case_bucket,adversarial_high_conf_failure,3,,adversarial_high_conf_failure,Adversarial transformation caused a high-confidence failure.,P1_weapon_to_non_weapon,efficientnet_b0,fold_2,perturbed,adversarial,fgsm,weapon,non_weapon,0.9961273074150084,False,True,img_00000314,img_00000314__fgsm__efficientnet_b0,img_00000314__fgsm__efficientnet_b0,attacks/adversarial/fgsm/efficientnet_b0/fold_2/weapon/img_00000314__fgsm__efficientnet_b0.png,,,,,,
efficientnet_b0_chapter5_core_candidates_per_bucket_500_manual_per_bucket_3_target_predicted_label_chapter5_separate_assets_final,2026-05-23T08:10:49+00:00,efficientnet_b0__fold_2__adversarial_high_conf_failure__sigma_zero__img_00014623_sigma_zero_efficientnet_b0,false,,,,,,case_bucket,adversarial_high_conf_failure,3,,adversarial_high_conf_failure,Adversarial transformation caused a high-confidence failure.,P2_non_weapon_to_weapon,efficientnet_b0,fold_2,perturbed,adversarial,sigma_zero,non_weapon,weapon,0.9960216879844666,False,True,img_00014623,img_00014623__sigma_zero__efficientnet_b0,img_00014623__sigma_zero__efficientnet_b0,attacks/adversarial/sigma_zero/efficientnet_b0/fold_2/non_weapon/img_00014623__sigma_zero__efficientnet_b0.png,,,,,,
efficientnet_b0_chapter5_core_candidates_per_bucket_500_manual_per_bucket_3_target_predicted_label_chapter5_separate_assets_final,2026-05-23T08:10:49+00:00,efficientnet_b0__fold_5__adversarial_high_conf_failure__sigma_zero__img_00014375_sigma_zero_efficientnet_b0,false,,,,,,case_bucket,adversarial_high_conf_failure,3,,adversarial_high_conf_failure,Adversarial transformation caused a high-confidence failure.,P2_non_weapon_to_weapon,efficientnet_b0,fold_5,perturbed,adversarial,sigma_zero,non_weapon,weapon,0.9959312081336976,False,True,img_00014375,img_00014375__sigma_zero__efficientnet_b0,img_00014375__sigma_zero__efficientnet_b0,attacks/adversarial/sigma_zero/efficientnet_b0/fold_5/non_weapon/img_00014375__sigma_zero__efficientnet_b0.png,,,,,,
efficientnet_b0_chapter5_core_candidates_per_bucket_500_manual_per_bucket_3_target_predicted_label_chapter5_separate_assets_final,2026-05-23T08:10:49+00:00,efficientnet_b0__fold_2__adversarial_high_conf_failure__fgsm__img_00010402_fgsm_efficientnet_b0,false,,,,,,case_bucket,adversarial_high_conf_failure,3,,adversarial_high_conf_failure,Adversarial transformation caused a high-confidence failure.,P1_weapon_to_non_weapon,efficientnet_b0,fold_2,perturbed,adversarial,fgsm,weapon,non_weapon,0.9959182143211364,False,True,img_00010402,img_00010402__fgsm__efficientnet_b0,img_00010402__fgsm__efficientnet_b0,attacks/adversarial/fgsm/efficientnet_b0/fold_2/weapon/img_00010402__fgsm__efficientnet_b0.png,,,,,,
efficientnet_b0_chapter5_core_candidates_per_bucket_500_manual_per_bucket_3_target_predicted_label_chapter5_separate_assets_final,2026-05-23T08:10:49+00:00,efficientnet_b0__fold_4__adversarial_high_conf_failure__sigma_zero__img_00015148_sigma_zero_efficientnet_b0,false,,,,,,case_bucket,adversarial_high_conf_failure,3,,adversarial_high_conf_failure,Adversarial transformation caused a high-confidence failure.,P2_non_weapon_to_weapon,efficientnet_b0,fold_4,perturbed,adversarial,sigma_zero,non_weapon,weapon,0.9958822727203368,False,True,img_00015148,img_00015148__sigma_zero__efficientnet_b0,img_00015148__sigma_zero__efficientnet_b0,attacks/adversarial/sigma_zero/efficientnet_b0/fold_4/non_weapon/img_00015148__sigma_zero__efficientnet_b0.png,,,,,,
efficientnet_b0_chapter5_core_candidates_per_bucket_500_manual_per_bucket_3_target_predicted_label_chapter5_separate_assets_final,2026-05-23T08:10:49+00:00,efficientnet_b0__fold_5__adversarial_high_conf_failure__fgsm__img_00014400_fgsm_efficientnet_b0,false,,,,,,case_bucket,adversarial_high_conf_failure,3,,adversarial_high_conf_failure,Adversarial transformation caused a high-confidence failure.,P1_weapon_to_non_weapon,efficientnet_b0,fold_5,perturbed,adversarial,fgsm,weapon,non_weapon,0.9958765506744384,False,True,img_00014400,img_00014400__fgsm__efficientnet_b0,img_00014400__fgsm__efficientnet_b0,attacks/adversarial/fgsm/efficientnet_b0/fold_5/weapon/img_00014400__fgsm__efficientnet_b0.png,,,,,,
efficientnet_b0_chapter5_core_candidates_per_bucket_500_manual_per_bucket_3_target_predicted_label_chapter5_separate_assets_final,2026-05-23T08:10:49+00:00,efficientnet_b0__fold_3__adversarial_high_conf_failure__sigma_zero__img_00014542_sigma_zero_efficientnet_b0,false,,,,,,case_bucket,adversarial_high_conf_failure,3,,adversarial_high_conf_failure,Adversarial transformation caused a high-confidence failure.,P2_non_weapon_to_weapon,efficientnet_b0,fold_3,perturbed,adversarial,sigma_zero,non_weapon,weapon,0.9954848289489746,False,True,img_00014542,img_00014542__sigma_zero__efficientnet_b0,img_00014542__sigma_zero__efficientnet_b0,attacks/adversarial/sigma_zero/efficientnet_b0/fold_3/non_weapon/img_00014542__sigma_zero__efficientnet_b0.png,,,,,,
efficientnet_b0_chapter5_core_candidates_per_bucket_500_manual_per_bucket_3_target_predicted_label_chapter5_separate_assets_final,2026-05-23T08:10:49+00:00,efficientnet_b0__fold_5__adversarial_high_conf_failure__sigma_zero__img_00014703_sigma_zero_efficientnet_b0,false,,,,,,case_bucket,adversarial_high_conf_failure,3,,adversarial_high_conf_failure,Adversarial transformation caused a high-confidence failure.,P2_non_weapon_to_weapon,efficientnet_b0,fold_5,perturbed,adversarial,sigma_zero,non_weapon,weapon,0.995457649230957,False,True,img_00014703,img_00014703__sigma_zero__efficientnet_b0,img_00014703__sigma_zero__efficientnet_b0,attacks/adversarial/sigma_zero/efficientnet_b0/fold_5/non_weapon/img_00014703__sigma_zero__efficientnet_b0.png,,,,,,
efficientnet_b0_chapter5_core_candidates_per_bucket_500_manual_per_bucket_3_target_predicted_label_chapter5_separate_assets_final,2026-05-23T08:10:49+00:00,efficientnet_b0__fold_1__adversarial_high_conf_failure__sigma_zero__img_00014543_sigma_zero_efficientnet_b0,false,,,,,,case_bucket,adversarial_high_conf_failure,3,,adversarial_high_conf_failure,Adversarial transformation caused a high-confidence failure.,P2_non_weapon_to_weapon,efficientnet_b0,fold_1,perturbed,adversarial,sigma_zero,non_weapon,weapon,0.9953575730323792,False,True,img_00014543,img_00014543__sigma_zero__efficientnet_b0,img_00014543__sigma_zero__efficientnet_b0,attacks/adversarial/sigma_zero/efficientnet_b0/fold_1/non_weapon/img_00014543__sigma_zero__efficientnet_b0.png,,,,,,
efficientnet_b0_chapter5_core_candidates_per_bucket_500_manual_per_bucket_3_target_predicted_label_chapter5_separate_assets_final,2026-05-23T08:10:49+00:00,efficientnet_b0__fold_5__adversarial_high_conf_failure__fgsm__img_00000139_fgsm_efficientnet_b0,false,,,,,,case_bucket,adversarial_high_conf_failure,3,,adversarial_high_conf_failure,Adversarial transformation caused a high-confidence failure.,P1_weapon_to_non_weapon,efficientnet_b0,fold_5,perturbed,adversarial,fgsm,weapon,non_weapon,0.9953017234802246,False,True,img_00000139,img_00000139__fgsm__efficientnet_b0,img_00000139__fgsm__efficientnet_b0,attacks/adversarial/fgsm/efficientnet_b0/fold_5/weapon/img_00000139__fgsm__efficientnet_b0.png,,,,,,
efficientnet_b0_chapter5_core_candidates_per_bucket_500_manual_per_bucket_3_target_predicted_label_chapter5_separate_assets_final,2026-05-23T08:10:49+00:00,efficientnet_b0__fold_4__adversarial_high_conf_failure__fgsm__img_00012722_fgsm_efficientnet_b0,false,,,,,,case_bucket,adversarial_high_conf_failure,3,,adversarial_high_conf_failure,Adversarial transformation caused a high-confidence failure.,P1_weapon_to_non_weapon,efficientnet_b0,fold_4,perturbed,adversarial,fgsm,weapon,non_weapon,0.9952242374420166,False,True,img_00012722,img_00012722__fgsm__efficientnet_b0,img_00012722__fgsm__efficientnet_b0,attacks/adversarial/fgsm/efficientnet_b0/fold_4/weapon/img_00012722__fgsm__efficientnet_b0.png,,,,,,
efficientnet_b0_chapter5_core_candidates_per_bucket_500_manual_per_bucket_3_target_predicted_label_chapter5_separate_assets_final,2026-05-23T08:10:49+00:00,efficientnet_b0__fold_2__adversarial_high_conf_failure__fgsm__img_00000138_fgsm_efficientnet_b0,false,,,,,,case_bucket,adversarial_high_conf_failure,3,,adversarial_high_conf_failure,Adversarial transformation caused a high-confidence failure.,P1_weapon_to_non_weapon,efficientnet_b0,fold_2,perturbed,adversarial,fgsm,weapon,non_weapon,0.9952034950256348,False,True,img_00000138,img_00000138__fgsm__efficientnet_b0,img_00000138__fgsm__efficientnet_b0,attacks/adversarial/fgsm/efficientnet_b0/fold_2/weapon/img_00000138__fgsm__efficientnet_b0.png,,,,,,
efficientnet_b0_chapter5_core_candidates_per_bucket_500_manual_per_bucket_3_target_predicted_label_chapter5_separate_assets_final,2026-05-23T08:10:49+00:00,efficientnet_b0__fold_1__adversarial_high_conf_failure__sigma_zero__img_00014760_sigma_zero_efficientnet_b0,false,,,,,,case_bucket,adversarial_high_conf_failure,3,,adversarial_high_conf_failure,Adversarial transformation caused a high-confidence failure.,P2_non_weapon_to_weapon,efficientnet_b0,fold_1,perturbed,adversarial,sigma_zero,non_weapon,weapon,0.994944155216217,False,True,img_00014760,img_00014760__sigma_zero__efficientnet_b0,img_00014760__sigma_zero__efficientnet_b0,attacks/adversarial/sigma_zero/efficientnet_b0/fold_1/non_weapon/img_00014760__sigma_zero__efficientnet_b0.png,,,,,,
efficientnet_b0_chapter5_core_candidates_per_bucket_500_manual_per_bucket_3_target_predicted_label_chapter5_separate_assets_final,2026-05-23T08:10:49+00:00,efficientnet_b0__fold_2__adversarial_high_conf_failure__fgsm__img_00013938_fgsm_efficientnet_b0,false,,,,,,case_bucket,adversarial_high_conf_failure,3,,adversarial_high_conf_failure,Adversarial transformation caused a high-confidence failure.,P2_non_weapon_to_weapon,efficientnet_b0,fold_2,perturbed,adversarial,fgsm,non_weapon,weapon,0.9949195981025696,False,True,img_00013938,img_00013938__fgsm__efficientnet_b0,img_00013938__fgsm__efficientnet_b0,attacks/adversarial/fgsm/efficientnet_b0/fold_2/non_weapon/img_00013938__fgsm__efficientnet_b0.png,,,,,,
efficientnet_b0_chapter5_core_candidates_per_bucket_500_manual_per_bucket_3_target_predicted_label_chapter5_separate_assets_final,2026-05-23T08:10:49+00:00,efficientnet_b0__fold_5__adversarial_high_conf_failure__fgsm__img_00012634_fgsm_efficientnet_b0,false,,,,,,case_bucket,adversarial_high_conf_failure,3,,adversarial_high_conf_failure,Adversarial transformation caused a high-confidence failure.,P1_weapon_to_non_weapon,efficientnet_b0,fold_5,perturbed,adversarial,fgsm,weapon,non_weapon,0.9943538904190063,False,True,img_00012634,img_00012634__fgsm__efficientnet_b0,img_00012634__fgsm__efficientnet_b0,attacks/adversarial/fgsm/efficientnet_b0/fold_5/weapon/img_00012634__fgsm__efficientnet_b0.png,,,,,,
efficientnet_b0_chapter5_core_candidates_per_bucket_500_manual_per_bucket_3_target_predicted_label_chapter5_separate_assets_final,2026-05-23T08:10:49+00:00,efficientnet_b0__fold_3__adversarial_high_conf_failure__sigma_zero__img_00014455_sigma_zero_efficientnet_b0,false,,,,,,case_bucket,adversarial_high_conf_failure,3,,adversarial_high_conf_failure,Adversarial transformation caused a high-confidence failure.,P2_non_weapon_to_weapon,efficientnet_b0,fold_3,perturbed,adversarial,sigma_zero,non_weapon,weapon,0.9942232966423036,False,True,img_00014455,img_00014455__sigma_zero__efficientnet_b0,img_00014455__sigma_zero__efficientnet_b0,attacks/adversarial/sigma_zero/efficientnet_b0/fold_3/non_weapon/img_00014455__sigma_zero__efficientnet_b0.png,,,,,,
efficientnet_b0_chapter5_core_candidates_per_bucket_500_manual_per_bucket_3_target_predicted_label_chapter5_separate_assets_final,2026-05-23T08:10:49+00:00,efficientnet_b0__fold_4__adversarial_high_conf_failure__sigma_zero__img_00015268_sigma_zero_efficientnet_b0,false,,,,,,case_bucket,adversarial_high_conf_failure,3,,adversarial_high_conf_failure,Adversarial transformation caused a high-confidence failure.,P2_non_weapon_to_weapon,efficientnet_b0,fold_4,perturbed,adversarial,sigma_zero,non_weapon,weapon,0.9940873384475708,False,True,img_00015268,img_00015268__sigma_zero__efficientnet_b0,img_00015268__sigma_zero__efficientnet_b0,attacks/adversarial/sigma_zero/efficientnet_b0/fold_4/non_weapon/img_00015268__sigma_zero__efficientnet_b0.png,,,,,,
efficientnet_b0_chapter5_core_candidates_per_bucket_500_manual_per_bucket_3_target_predicted_label_chapter5_separate_assets_final,2026-05-23T08:10:49+00:00,efficientnet_b0__fold_2__adversarial_high_conf_failure__fgsm__img_00013599_fgsm_efficientnet_b0,false,,,,,,case_bucket,adversarial_high_conf_failure,3,,adversarial_high_conf_failure,Adversarial transformation caused a high-confidence failure.,P1_weapon_to_non_weapon,efficientnet_b0,fold_2,perturbed,adversarial,fgsm,weapon,non_weapon,0.9939002990722656,False,True,img_00013599,img_00013599__fgsm__efficientnet_b0,img_00013599__fgsm__efficientnet_b0,attacks/adversarial/fgsm/efficientnet_b0/fold_2/weapon/img_00013599__fgsm__efficientnet_b0.png,,,,,,
efficientnet_b0_chapter5_core_candidates_per_bucket_500_manual_per_bucket_3_target_predicted_label_chapter5_separate_assets_final,2026-05-23T08:10:49+00:00,efficientnet_b0__fold_5__adversarial_high_conf_failure__fgsm__img_00013617_fgsm_efficientnet_b0,false,,,,,,case_bucket,adversarial_high_conf_failure,3,,adversarial_high_conf_failure,Adversarial transformation caused a high-confidence failure.,P2_non_weapon_to_weapon,efficientnet_b0,fold_5,perturbed,adversarial,fgsm,non_weapon,weapon,0.9937376976013184,False,True,img_00013617,img_00013617__fgsm__efficientnet_b0,img_00013617__fgsm__efficientnet_b0,attacks/adversarial/fgsm/efficientnet_b0/fold_5/non_weapon/img_00013617__fgsm__efficientnet_b0.png,,,,,,
efficientnet_b0_chapter5_core_candidates_per_bucket_500_manual_per_bucket_3_target_predicted_label_chapter5_separate_assets_final,2026-05-23T08:10:49+00:00,efficientnet_b0__fold_5__adversarial_high_conf_failure__fgsm__img_00013505_fgsm_efficientnet_b0,false,,,,,,case_bucket,adversarial_high_conf_failure,3,,adversarial_high_conf_failure,Adversarial transformation caused a high-confidence failure.,P2_non_weapon_to_weapon,efficientnet_b0,fold_5,perturbed,adversarial,fgsm,non_weapon,weapon,0.9936748147010804,False,True,img_00013505,img_00013505__fgsm__efficientnet_b0,img_00013505__fgsm__efficientnet_b0,attacks/adversarial/fgsm/efficientnet_b0/fold_5/non_weapon/img_00013505__fgsm__efficientnet_b0.png,,,,,,
efficientnet_b0_chapter5_core_candidates_per_bucket_500_manual_per_bucket_3_target_predicted_label_chapter5_separate_assets_final,2026-05-23T08:10:49+00:00,efficientnet_b0__fold_1__adversarial_high_conf_failure__fgsm__img_00013589_fgsm_efficientnet_b0,false,,,,,,case_bucket,adversarial_high_conf_failure,3,,adversarial_high_conf_failure,Adversarial transformation caused a high-confidence failure.,P1_weapon_to_non_weapon,efficientnet_b0,fold_1,perturbed,adversarial,fgsm,weapon,non_weapon,0.9936165809631348,False,True,img_00013589,img_00013589__fgsm__efficientnet_b0,img_00013589__fgsm__efficientnet_b0,attacks/adversarial/fgsm/efficientnet_b0/fold_1/weapon/img_00013589__fgsm__efficientnet_b0.png,,,,,,
efficientnet_b0_chapter5_core_candidates_per_bucket_500_manual_per_bucket_3_target_predicted_label_chapter5_separate_assets_final,2026-05-23T08:10:49+00:00,efficientnet_b0__fold_5__adversarial_high_conf_failure__sigma_zero__img_00014412_sigma_zero_efficientnet_b0,false,,,,,,case_bucket,adversarial_high_conf_failure,3,,adversarial_high_conf_failure,Adversarial transformation caused a high-confidence failure.,P2_non_weapon_to_weapon,efficientnet_b0,fold_5,perturbed,adversarial,sigma_zero,non_weapon,weapon,0.9934678673744202,False,True,img_00014412,img_00014412__sigma_zero__efficientnet_b0,img_00014412__sigma_zero__efficientnet_b0,attacks/adversarial/sigma_zero/efficientnet_b0/fold_5/non_weapon/img_00014412__sigma_zero__efficientnet_b0.png,,,,,,
efficientnet_b0_chapter5_core_candidates_per_bucket_500_manual_per_bucket_3_target_predicted_label_chapter5_separate_assets_final,2026-05-23T08:10:49+00:00,efficientnet_b0__fold_2__adversarial_high_conf_failure__fgsm__img_00013537_fgsm_efficientnet_b0,false,,,,,,case_bucket,adversarial_high_conf_failure,3,,adversarial_high_conf_failure,Adversarial transformation caused a high-confidence failure.,P1_weapon_to_non_weapon,efficientnet_b0,fold_2,perturbed,adversarial,fgsm,weapon,non_weapon,0.9931463599205016,False,True,img_00013537,img_00013537__fgsm__efficientnet_b0,img_00013537__fgsm__efficientnet_b0,attacks/adversarial/fgsm/efficientnet_b0/fold_2/weapon/img_00013537__fgsm__efficientnet_b0.png,,,,,,
efficientnet_b0_chapter5_core_candidates_per_bucket_500_manual_per_bucket_3_target_predicted_label_chapter5_separate_assets_final,2026-05-23T08:10:49+00:00,efficientnet_b0__fold_1__adversarial_high_conf_failure__sigma_zero__img_00014190_sigma_zero_efficientnet_b0,false,,,,,,case_bucket,adversarial_high_conf_failure,3,,adversarial_high_conf_failure,Adversarial transformation caused a high-confidence failure.,P2_non_weapon_to_weapon,efficientnet_b0,fold_1,perturbed,adversarial,sigma_zero,non_weapon,weapon,0.9930469393730164,False,True,img_00014190,img_00014190__sigma_zero__efficientnet_b0,img_00014190__sigma_zero__efficientnet_b0,attacks/adversarial/sigma_zero/efficientnet_b0/fold_1/non_weapon/img_00014190__sigma_zero__efficientnet_b0.png,,,,,,
efficientnet_b0_chapter5_core_candidates_per_bucket_500_manual_per_bucket_3_target_predicted_label_chapter5_separate_assets_final,2026-05-23T08:10:49+00:00,efficientnet_b0__fold_5__adversarial_high_conf_failure__sigma_zero__img_00014895_sigma_zero_efficientnet_b0,false,,,,,,case_bucket,adversarial_high_conf_failure,3,,adversarial_high_conf_failure,Adversarial transformation caused a high-confidence failure.,P2_non_weapon_to_weapon,efficientnet_b0,fold_5,perturbed,adversarial,sigma_zero,non_weapon,weapon,0.9928774237632751,False,True,img_00014895,img_00014895__sigma_zero__efficientnet_b0,img_00014895__sigma_zero__efficientnet_b0,attacks/adversarial/sigma_zero/efficientnet_b0/fold_5/non_weapon/img_00014895__sigma_zero__efficientnet_b0.png,,,,,,
efficientnet_b0_chapter5_core_candidates_per_bucket_500_manual_per_bucket_3_target_predicted_label_chapter5_separate_assets_final,2026-05-23T08:10:49+00:00,efficientnet_b0__fold_5__adversarial_high_conf_failure__sigma_zero__img_00015196_sigma_zero_efficientnet_b0,false,,,,,,case_bucket,adversarial_high_conf_failure,3,,adversarial_high_conf_failure,Adversarial transformation caused a high-confidence failure.,P2_non_weapon_to_weapon,efficientnet_b0,fold_5,perturbed,adversarial,sigma_zero,non_weapon,weapon,0.9927054047584534,False,True,img_00015196,img_00015196__sigma_zero__efficientnet_b0,img_00015196__sigma_zero__efficientnet_b0,attacks/adversarial/sigma_zero/efficientnet_b0/fold_5/non_weapon/img_00015196__sigma_zero__efficientnet_b0.png,,,,,,
efficientnet_b0_chapter5_core_candidates_per_bucket_500_manual_per_bucket_3_target_predicted_label_chapter5_separate_assets_final,2026-05-23T08:10:49+00:00,efficientnet_b0__fold_5__adversarial_high_conf_failure__fgsm__img_00013533_fgsm_efficientnet_b0,false,,,,,,case_bucket,adversarial_high_conf_failure,3,,adversarial_high_conf_failure,Adversarial transformation caused a high-confidence failure.,P1_weapon_to_non_weapon,efficientnet_b0,fold_5,perturbed,adversarial,fgsm,weapon,non_weapon,0.9924662709236144,False,True,img_00013533,img_00013533__fgsm__efficientnet_b0,img_00013533__fgsm__efficientnet_b0,attacks/adversarial/fgsm/efficientnet_b0/fold_5/weapon/img_00013533__fgsm__efficientnet_b0.png,,,,,,
efficientnet_b0_chapter5_core_candidates_per_bucket_500_manual_per_bucket_3_target_predicted_label_chapter5_separate_assets_final,2026-05-23T08:10:49+00:00,efficientnet_b0__fold_3__adversarial_high_conf_failure__sigma_zero__img_00014874_sigma_zero_efficientnet_b0,false,,,,,,case_bucket,adversarial_high_conf_failure,3,,adversarial_high_conf_failure,Adversarial transformation caused a high-confidence failure.,P2_non_weapon_to_weapon,efficientnet_b0,fold_3,perturbed,adversarial,sigma_zero,non_weapon,weapon,0.9922491312026978,False,True,img_00014874,img_00014874__sigma_zero__efficientnet_b0,img_00014874__sigma_zero__efficientnet_b0,attacks/adversarial/sigma_zero/efficientnet_b0/fold_3/non_weapon/img_00014874__sigma_zero__efficientnet_b0.png,,,,,,
efficientnet_b0_chapter5_core_candidates_per_bucket_500_manual_per_bucket_3_target_predicted_label_chapter5_separate_assets_final,2026-05-23T08:10:49+00:00,efficientnet_b0__fold_5__adversarial_high_conf_failure__fgsm__img_00013590_fgsm_efficientnet_b0,false,,,,,,case_bucket,adversarial_high_conf_failure,3,,adversarial_high_conf_failure,Adversarial transformation caused a high-confidence failure.,P1_weapon_to_non_weapon,efficientnet_b0,fold_5,perturbed,adversarial,fgsm,weapon,non_weapon,0.992031455039978,False,True,img_00013590,img_00013590__fgsm__efficientnet_b0,img_00013590__fgsm__efficientnet_b0,attacks/adversarial/fgsm/efficientnet_b0/fold_5/weapon/img_00013590__fgsm__efficientnet_b0.png,,,,,,
efficientnet_b0_chapter5_core_candidates_per_bucket_500_manual_per_bucket_3_target_predicted_label_chapter5_separate_assets_final,2026-05-23T08:10:49+00:00,efficientnet_b0__fold_2__adversarial_high_conf_failure__fgsm__img_00014497_fgsm_efficientnet_b0,false,,,,,,case_bucket,adversarial_high_conf_failure,3,,adversarial_high_conf_failure,Adversarial transformation caused a high-confidence failure.,P1_weapon_to_non_weapon,efficientnet_b0,fold_2,perturbed,adversarial,fgsm,weapon,non_weapon,0.9918971657752992,False,True,img_00014497,img_00014497__fgsm__efficientnet_b0,img_00014497__fgsm__efficientnet_b0,attacks/adversarial/fgsm/efficientnet_b0/fold_2/weapon/img_00014497__fgsm__efficientnet_b0.png,,,,,,
efficientnet_b0_chapter5_core_candidates_per_bucket_500_manual_per_bucket_3_target_predicted_label_chapter5_separate_assets_final,2026-05-23T08:10:49+00:00,efficientnet_b0__fold_5__adversarial_high_conf_failure__sigma_zero__img_00013556_sigma_zero_efficientnet_b0,false,,,,,,case_bucket,adversarial_high_conf_failure,3,,adversarial_high_conf_failure,Adversarial transformation caused a high-confidence failure.,P2_non_weapon_to_weapon,efficientnet_b0,fold_5,perturbed,adversarial,sigma_zero,non_weapon,weapon,0.99189430475235,False,True,img_00013556,img_00013556__sigma_zero__efficientnet_b0,img_00013556__sigma_zero__efficientnet_b0,attacks/adversarial/sigma_zero/efficientnet_b0/fold_5/non_weapon/img_00013556__sigma_zero__efficientnet_b0.png,,,,,,
efficientnet_b0_chapter5_core_candidates_per_bucket_500_manual_per_bucket_3_target_predicted_label_chapter5_separate_assets_final,2026-05-23T08:10:49+00:00,efficientnet_b0__fold_1__adversarial_high_conf_failure__sigma_zero__img_00014747_sigma_zero_efficientnet_b0,false,,,,,,case_bucket,adversarial_high_conf_failure,3,,adversarial_high_conf_failure,Adversarial transformation caused a high-confidence failure.,P2_non_weapon_to_weapon,efficientnet_b0,fold_1,perturbed,adversarial,sigma_zero,non_weapon,weapon,0.9913808703422546,False,True,img_00014747,img_00014747__sigma_zero__efficientnet_b0,img_00014747__sigma_zero__efficientnet_b0,attacks/adversarial/sigma_zero/efficientnet_b0/fold_1/non_weapon/img_00014747__sigma_zero__efficientnet_b0.png,,,,,,
efficientnet_b0_chapter5_core_candidates_per_bucket_500_manual_per_bucket_3_target_predicted_label_chapter5_separate_assets_final,2026-05-23T08:10:49+00:00,efficientnet_b0__fold_3__adversarial_high_conf_failure__sigma_zero__img_00014537_sigma_zero_efficientnet_b0,false,,,,,,case_bucket,adversarial_high_conf_failure,3,,adversarial_high_conf_failure,Adversarial transformation caused a high-confidence failure.,P2_non_weapon_to_weapon,efficientnet_b0,fold_3,perturbed,adversarial,sigma_zero,non_weapon,weapon,0.9909654855728148,False,True,img_00014537,img_00014537__sigma_zero__efficientnet_b0,img_00014537__sigma_zero__efficientnet_b0,attacks/adversarial/sigma_zero/efficientnet_b0/fold_3/non_weapon/img_00014537__sigma_zero__efficientnet_b0.png,,,,,,
efficientnet_b0_chapter5_core_candidates_per_bucket_500_manual_per_bucket_3_target_predicted_label_chapter5_separate_assets_final,2026-05-23T08:10:49+00:00,efficientnet_b0__fold_2__adversarial_high_conf_failure__fgsm__img_00000125_fgsm_efficientnet_b0,false,,,,,,case_bucket,adversarial_high_conf_failure,3,,adversarial_high_conf_failure,Adversarial transformation caused a high-confidence failure.,P1_weapon_to_non_weapon,efficientnet_b0,fold_2,perturbed,adversarial,fgsm,weapon,non_weapon,0.9897522926330566,False,True,img_00000125,img_00000125__fgsm__efficientnet_b0,img_00000125__fgsm__efficientnet_b0,attacks/adversarial/fgsm/efficientnet_b0/fold_2/weapon/img_00000125__fgsm__efficientnet_b0.png,,,,,,
efficientnet_b0_chapter5_core_candidates_per_bucket_500_manual_per_bucket_3_target_predicted_label_chapter5_separate_assets_final,2026-05-23T08:10:49+00:00,efficientnet_b0__fold_3__adversarial_high_conf_failure__fgsm__img_00012754_fgsm_efficientnet_b0,false,,,,,,case_bucket,adversarial_high_conf_failure,3,,adversarial_high_conf_failure,Adversarial transformation caused a high-confidence failure.,P1_weapon_to_non_weapon,efficientnet_b0,fold_3,perturbed,adversarial,fgsm,weapon,non_weapon,0.989648163318634,False,True,img_00012754,img_00012754__fgsm__efficientnet_b0,img_00012754__fgsm__efficientnet_b0,attacks/adversarial/fgsm/efficientnet_b0/fold_3/weapon/img_00012754__fgsm__efficientnet_b0.png,,,,,,
efficientnet_b0_chapter5_core_candidates_per_bucket_500_manual_per_bucket_3_target_predicted_label_chapter5_separate_assets_final,2026-05-23T08:10:49+00:00,efficientnet_b0__fold_4__adversarial_high_conf_failure__fgsm__img_00000126_fgsm_efficientnet_b0,false,,,,,,case_bucket,adversarial_high_conf_failure,3,,adversarial_high_conf_failure,Adversarial transformation caused a high-confidence failure.,P1_weapon_to_non_weapon,efficientnet_b0,fold_4,perturbed,adversarial,fgsm,weapon,non_weapon,0.9896292090415956,False,True,img_00000126,img_00000126__fgsm__efficientnet_b0,img_00000126__fgsm__efficientnet_b0,attacks/adversarial/fgsm/efficientnet_b0/fold_4/weapon/img_00000126__fgsm__efficientnet_b0.png,,,,,,
efficientnet_b0_chapter5_core_candidates_per_bucket_500_manual_per_bucket_3_target_predicted_label_chapter5_separate_assets_final,2026-05-23T08:10:49+00:00,efficientnet_b0__fold_5__adversarial_high_conf_failure__fgsm__img_00000321_fgsm_efficientnet_b0,false,,,,,,case_bucket,adversarial_high_conf_failure,3,,adversarial_high_conf_failure,Adversarial transformation caused a high-confidence failure.,P1_weapon_to_non_weapon,efficientnet_b0,fold_5,perturbed,adversarial,fgsm,weapon,non_weapon,0.9895725846290588,False,True,img_00000321,img_00000321__fgsm__efficientnet_b0,img_00000321__fgsm__efficientnet_b0,attacks/adversarial/fgsm/efficientnet_b0/fold_5/weapon/img_00000321__fgsm__efficientnet_b0.png,,,,,,
efficientnet_b0_chapter5_core_candidates_per_bucket_500_manual_per_bucket_3_target_predicted_label_chapter5_separate_assets_final,2026-05-23T08:10:49+00:00,efficientnet_b0__fold_5__adversarial_high_conf_failure__fgsm__img_00012752_fgsm_efficientnet_b0,false,,,,,,case_bucket,adversarial_high_conf_failure,3,,adversarial_high_conf_failure,Adversarial transformation caused a high-confidence failure.,P1_weapon_to_non_weapon,efficientnet_b0,fold_5,perturbed,adversarial,fgsm,weapon,non_weapon,0.9895564913749696,False,True,img_00012752,img_00012752__fgsm__efficientnet_b0,img_00012752__fgsm__efficientnet_b0,attacks/adversarial/fgsm/efficientnet_b0/fold_5/weapon/img_00012752__fgsm__efficientnet_b0.png,,,,,,
efficientnet_b0_chapter5_core_candidates_per_bucket_500_manual_per_bucket_3_target_predicted_label_chapter5_separate_assets_final,2026-05-23T08:10:49+00:00,efficientnet_b0__fold_5__adversarial_high_conf_failure__sigma_zero__img_00014749_sigma_zero_efficientnet_b0,false,,,,,,case_bucket,adversarial_high_conf_failure,3,,adversarial_high_conf_failure,Adversarial transformation caused a high-confidence failure.,P2_non_weapon_to_weapon,efficientnet_b0,fold_5,perturbed,adversarial,sigma_zero,non_weapon,weapon,0.9891051650047302,False,True,img_00014749,img_00014749__sigma_zero__efficientnet_b0,img_00014749__sigma_zero__efficientnet_b0,attacks/adversarial/sigma_zero/efficientnet_b0/fold_5/non_weapon/img_00014749__sigma_zero__efficientnet_b0.png,,,,,,
efficientnet_b0_chapter5_core_candidates_per_bucket_500_manual_per_bucket_3_target_predicted_label_chapter5_separate_assets_final,2026-05-23T08:10:49+00:00,efficientnet_b0__fold_5__adversarial_high_conf_failure__sigma_zero__img_00014555_sigma_zero_efficientnet_b0,false,,,,,,case_bucket,adversarial_high_conf_failure,3,,adversarial_high_conf_failure,Adversarial transformation caused a high-confidence failure.,P2_non_weapon_to_weapon,efficientnet_b0,fold_5,perturbed,adversarial,sigma_zero,non_weapon,weapon,0.9888672232627868,False,True,img_00014555,img_00014555__sigma_zero__efficientnet_b0,img_00014555__sigma_zero__efficientnet_b0,attacks/adversarial/sigma_zero/efficientnet_b0/fold_5/non_weapon/img_00014555__sigma_zero__efficientnet_b0.png,,,,,,
efficientnet_b0_chapter5_core_candidates_per_bucket_500_manual_per_bucket_3_target_predicted_label_chapter5_separate_assets_final,2026-05-23T08:10:49+00:00,efficientnet_b0__fold_1__adversarial_high_conf_failure__fgsm__img_00013588_fgsm_efficientnet_b0,false,,,,,,case_bucket,adversarial_high_conf_failure,3,,adversarial_high_conf_failure,Adversarial transformation caused a high-confidence failure.,P1_weapon_to_non_weapon,efficientnet_b0,fold_1,perturbed,adversarial,fgsm,weapon,non_weapon,0.9885939359664916,False,True,img_00013588,img_00013588__fgsm__efficientnet_b0,img_00013588__fgsm__efficientnet_b0,attacks/adversarial/fgsm/efficientnet_b0/fold_1/weapon/img_00013588__fgsm__efficientnet_b0.png,,,,,,
efficientnet_b0_chapter5_core_candidates_per_bucket_500_manual_per_bucket_3_target_predicted_label_chapter5_separate_assets_final,2026-05-23T08:10:49+00:00,efficientnet_b0__fold_1__adversarial_high_conf_failure__sigma_zero__img_00013870_sigma_zero_efficientnet_b0,false,,,,,,case_bucket,adversarial_high_conf_failure,3,,adversarial_high_conf_failure,Adversarial transformation caused a high-confidence failure.,P2_non_weapon_to_weapon,efficientnet_b0,fold_1,perturbed,adversarial,sigma_zero,non_weapon,weapon,0.9883596897125244,False,True,img_00013870,img_00013870__sigma_zero__efficientnet_b0,img_00013870__sigma_zero__efficientnet_b0,attacks/adversarial/sigma_zero/efficientnet_b0/fold_1/non_weapon/img_00013870__sigma_zero__efficientnet_b0.png,,,,,,
efficientnet_b0_chapter5_core_candidates_per_bucket_500_manual_per_bucket_3_target_predicted_label_chapter5_separate_assets_final,2026-05-23T08:10:49+00:00,efficientnet_b0__fold_1__adversarial_high_conf_failure__sigma_zero__img_00014593_sigma_zero_efficientnet_b0,false,,,,,,case_bucket,adversarial_high_conf_failure,3,,adversarial_high_conf_failure,Adversarial transformation caused a high-confidence failure.,P2_non_weapon_to_weapon,efficientnet_b0,fold_1,perturbed,adversarial,sigma_zero,non_weapon,weapon,0.9881852865219116,False,True,img_00014593,img_00014593__sigma_zero__efficientnet_b0,img_00014593__sigma_zero__efficientnet_b0,attacks/adversarial/sigma_zero/efficientnet_b0/fold_1/non_weapon/img_00014593__sigma_zero__efficientnet_b0.png,,,,,,
efficientnet_b0_chapter5_core_candidates_per_bucket_500_manual_per_bucket_3_target_predicted_label_chapter5_separate_assets_final,2026-05-23T08:10:49+00:00,efficientnet_b0__fold_3__adversarial_high_conf_failure__sigma_zero__img_00015099_sigma_zero_efficientnet_b0,false,,,,,,case_bucket,adversarial_high_conf_failure,3,,adversarial_high_conf_failure,Adversarial transformation caused a high-confidence failure.,P2_non_weapon_to_weapon,efficientnet_b0,fold_3,perturbed,adversarial,sigma_zero,non_weapon,weapon,0.987734079360962,False,True,img_00015099,img_00015099__sigma_zero__efficientnet_b0,img_00015099__sigma_zero__efficientnet_b0,attacks/adversarial/sigma_zero/efficientnet_b0/fold_3/non_weapon/img_00015099__sigma_zero__efficientnet_b0.png,,,,,,
efficientnet_b0_chapter5_core_candidates_per_bucket_500_manual_per_bucket_3_target_predicted_label_chapter5_separate_assets_final,2026-05-23T08:10:49+00:00,efficientnet_b0__fold_2__adversarial_high_conf_failure__fgsm__img_00014132_fgsm_efficientnet_b0,false,,,,,,case_bucket,adversarial_high_conf_failure,3,,adversarial_high_conf_failure,Adversarial transformation caused a high-confidence failure.,P2_non_weapon_to_weapon,efficientnet_b0,fold_2,perturbed,adversarial,fgsm,non_weapon,weapon,0.9876936674118042,False,True,img_00014132,img_00014132__fgsm__efficientnet_b0,img_00014132__fgsm__efficientnet_b0,attacks/adversarial/fgsm/efficientnet_b0/fold_2/non_weapon/img_00014132__fgsm__efficientnet_b0.png,,,,,,
efficientnet_b0_chapter5_core_candidates_per_bucket_500_manual_per_bucket_3_target_predicted_label_chapter5_separate_assets_final,2026-05-23T08:10:49+00:00,efficientnet_b0__fold_5__adversarial_high_conf_failure__fgsm__img_00013596_fgsm_efficientnet_b0,false,,,,,,case_bucket,adversarial_high_conf_failure,3,,adversarial_high_conf_failure,Adversarial transformation caused a high-confidence failure.,P1_weapon_to_non_weapon,efficientnet_b0,fold_5,perturbed,adversarial,fgsm,weapon,non_weapon,0.9872804284095764,False,True,img_00013596,img_00013596__fgsm__efficientnet_b0,img_00013596__fgsm__efficientnet_b0,attacks/adversarial/fgsm/efficientnet_b0/fold_5/weapon/img_00013596__fgsm__efficientnet_b0.png,,,,,,
efficientnet_b0_chapter5_core_candidates_per_bucket_500_manual_per_bucket_3_target_predicted_label_chapter5_separate_assets_final,2026-05-23T08:10:49+00:00,efficientnet_b0__fold_5__adversarial_high_conf_failure__fgsm__img_00014685_fgsm_efficientnet_b0,false,,,,,,case_bucket,adversarial_high_conf_failure,3,,adversarial_high_conf_failure,Adversarial transformation caused a high-confidence failure.,P2_non_weapon_to_weapon,efficientnet_b0,fold_5,perturbed,adversarial,fgsm,non_weapon,weapon,0.9868977069854736,False,True,img_00014685,img_00014685__fgsm__efficientnet_b0,img_00014685__fgsm__efficientnet_b0,attacks/adversarial/fgsm/efficientnet_b0/fold_5/non_weapon/img_00014685__fgsm__efficientnet_b0.png,,,,,,
efficientnet_b0_chapter5_core_candidates_per_bucket_500_manual_per_bucket_3_target_predicted_label_chapter5_separate_assets_final,2026-05-23T08:10:49+00:00,efficientnet_b0__fold_3__adversarial_high_conf_failure__fgsm__img_00013557_fgsm_efficientnet_b0,false,,,,,,case_bucket,adversarial_high_conf_failure,3,,adversarial_high_conf_failure,Adversarial transformation caused a high-confidence failure.,P1_weapon_to_non_weapon,efficientnet_b0,fold_3,perturbed,adversarial,fgsm,weapon,non_weapon,0.9868762493133544,False,True,img_00013557,img_00013557__fgsm__efficientnet_b0,img_00013557__fgsm__efficientnet_b0,attacks/adversarial/fgsm/efficientnet_b0/fold_3/weapon/img_00013557__fgsm__efficientnet_b0.png,,,,,,
efficientnet_b0_chapter5_core_candidates_per_bucket_500_manual_per_bucket_3_target_predicted_label_chapter5_separate_assets_final,2026-05-23T08:10:49+00:00,efficientnet_b0__fold_3__adversarial_high_conf_failure__fgsm__img_00012891_fgsm_efficientnet_b0,false,,,,,,case_bucket,adversarial_high_conf_failure,3,,adversarial_high_conf_failure,Adversarial transformation caused a high-confidence failure.,P1_weapon_to_non_weapon,efficientnet_b0,fold_3,perturbed,adversarial,fgsm,weapon,non_weapon,0.9866306185722352,False,True,img_00012891,img_00012891__fgsm__efficientnet_b0,img_00012891__fgsm__efficientnet_b0,attacks/adversarial/fgsm/efficientnet_b0/fold_3/weapon/img_00012891__fgsm__efficientnet_b0.png,,,,,,
efficientnet_b0_chapter5_core_candidates_per_bucket_500_manual_per_bucket_3_target_predicted_label_chapter5_separate_assets_final,2026-05-23T08:10:49+00:00,efficientnet_b0__fold_3__adversarial_high_conf_failure__fgsm__img_00000839_fgsm_efficientnet_b0,false,,,,,,case_bucket,adversarial_high_conf_failure,3,,adversarial_high_conf_failure,Adversarial transformation caused a high-confidence failure.,P1_weapon_to_non_weapon,efficientnet_b0,fold_3,perturbed,adversarial,fgsm,weapon,non_weapon,0.9865775108337402,False,True,img_00000839,img_00000839__fgsm__efficientnet_b0,img_00000839__fgsm__efficientnet_b0,attacks/adversarial/fgsm/efficientnet_b0/fold_3/weapon/img_00000839__fgsm__efficientnet_b0.png,,,,,,
efficientnet_b0_chapter5_core_candidates_per_bucket_500_manual_per_bucket_3_target_predicted_label_chapter5_separate_assets_final,2026-05-23T08:10:49+00:00,efficientnet_b0__fold_2__adversarial_high_conf_failure__fgsm__img_00000023_fgsm_efficientnet_b0,false,,,,,,case_bucket,adversarial_high_conf_failure,3,,adversarial_high_conf_failure,Adversarial transformation caused a high-confidence failure.,P1_weapon_to_non_weapon,efficientnet_b0,fold_2,perturbed,adversarial,fgsm,weapon,non_weapon,0.9863780736923218,False,True,img_00000023,img_00000023__fgsm__efficientnet_b0,img_00000023__fgsm__efficientnet_b0,attacks/adversarial/fgsm/efficientnet_b0/fold_2/weapon/img_00000023__fgsm__efficientnet_b0.png,,,,,,
efficientnet_b0_chapter5_core_candidates_per_bucket_500_manual_per_bucket_3_target_predicted_label_chapter5_separate_assets_final,2026-05-23T08:10:49+00:00,efficientnet_b0__fold_2__adversarial_high_conf_failure__fgsm__img_00014950_fgsm_efficientnet_b0,false,,,,,,case_bucket,adversarial_high_conf_failure,3,,adversarial_high_conf_failure,Adversarial transformation caused a high-confidence failure.,P2_non_weapon_to_weapon,efficientnet_b0,fold_2,perturbed,adversarial,fgsm,non_weapon,weapon,0.9862297773361206,False,True,img_00014950,img_00014950__fgsm__efficientnet_b0,img_00014950__fgsm__efficientnet_b0,attacks/adversarial/fgsm/efficientnet_b0/fold_2/non_weapon/img_00014950__fgsm__efficientnet_b0.png,,,,,,
efficientnet_b0_chapter5_core_candidates_per_bucket_500_manual_per_bucket_3_target_predicted_label_chapter5_separate_assets_final,2026-05-23T08:10:49+00:00,efficientnet_b0__fold_5__adversarial_high_conf_failure__fgsm__img_00013504_fgsm_efficientnet_b0,false,,,,,,case_bucket,adversarial_high_conf_failure,3,,adversarial_high_conf_failure,Adversarial transformation caused a high-confidence failure.,P1_weapon_to_non_weapon,efficientnet_b0,fold_5,perturbed,adversarial,fgsm,weapon,non_weapon,0.985864520072937,False,True,img_00013504,img_00013504__fgsm__efficientnet_b0,img_00013504__fgsm__efficientnet_b0,attacks/adversarial/fgsm/efficientnet_b0/fold_5/weapon/img_00013504__fgsm__efficientnet_b0.png,,,,,,
efficientnet_b0_chapter5_core_candidates_per_bucket_500_manual_per_bucket_3_target_predicted_label_chapter5_separate_assets_final,2026-05-23T08:10:49+00:00,efficientnet_b0__fold_5__adversarial_high_conf_failure__fgsm__img_00013567_fgsm_efficientnet_b0,false,,,,,,case_bucket,adversarial_high_conf_failure,3,,adversarial_high_conf_failure,Adversarial transformation caused a high-confidence failure.,P1_weapon_to_non_weapon,efficientnet_b0,fold_5,perturbed,adversarial,fgsm,weapon,non_weapon,0.9856783747673036,False,True,img_00013567,img_00013567__fgsm__efficientnet_b0,img_00013567__fgsm__efficientnet_b0,attacks/adversarial/fgsm/efficientnet_b0/fold_5/weapon/img_00013567__fgsm__efficientnet_b0.png,,,,,,
efficientnet_b0_chapter5_core_candidates_per_bucket_500_manual_per_bucket_3_target_predicted_label_chapter5_separate_assets_final,2026-05-23T08:10:49+00:00,efficientnet_b0__fold_2__adversarial_high_conf_failure__sigma_zero__img_00014469_sigma_zero_efficientnet_b0,false,,,,,,case_bucket,adversarial_high_conf_failure,3,,adversarial_high_conf_failure,Adversarial transformation caused a high-confidence failure.,P2_non_weapon_to_weapon,efficientnet_b0,fold_2,perturbed,adversarial,sigma_zero,non_weapon,weapon,0.984309196472168,False,True,img_00014469,img_00014469__sigma_zero__efficientnet_b0,img_00014469__sigma_zero__efficientnet_b0,attacks/adversarial/sigma_zero/efficientnet_b0/fold_2/non_weapon/img_00014469__sigma_zero__efficientnet_b0.png,,,,,,
efficientnet_b0_chapter5_core_candidates_per_bucket_500_manual_per_bucket_3_target_predicted_label_chapter5_separate_assets_final,2026-05-23T08:10:49+00:00,efficientnet_b0__fold_1__adversarial_high_conf_failure__sigma_zero__img_00013869_sigma_zero_efficientnet_b0,false,,,,,,case_bucket,adversarial_high_conf_failure,3,,adversarial_high_conf_failure,Adversarial transformation caused a high-confidence failure.,P2_non_weapon_to_weapon,efficientnet_b0,fold_1,perturbed,adversarial,sigma_zero,non_weapon,weapon,0.9841372966766356,False,True,img_00013869,img_00013869__sigma_zero__efficientnet_b0,img_00013869__sigma_zero__efficientnet_b0,attacks/adversarial/sigma_zero/efficientnet_b0/fold_1/non_weapon/img_00013869__sigma_zero__efficientnet_b0.png,,,,,,
efficientnet_b0_chapter5_core_candidates_per_bucket_500_manual_per_bucket_3_target_predicted_label_chapter5_separate_assets_final,2026-05-23T08:10:49+00:00,efficientnet_b0__fold_1__adversarial_high_conf_failure__fgsm__img_00013597_fgsm_efficientnet_b0,false,,,,,,case_bucket,adversarial_high_conf_failure,3,,adversarial_high_conf_failure,Adversarial transformation caused a high-confidence failure.,P1_weapon_to_non_weapon,efficientnet_b0,fold_1,perturbed,adversarial,fgsm,weapon,non_weapon,0.984022855758667,False,True,img_00013597,img_00013597__fgsm__efficientnet_b0,img_00013597__fgsm__efficientnet_b0,attacks/adversarial/fgsm/efficientnet_b0/fold_1/weapon/img_00013597__fgsm__efficientnet_b0.png,,,,,,
efficientnet_b0_chapter5_core_candidates_per_bucket_500_manual_per_bucket_3_target_predicted_label_chapter5_separate_assets_final,2026-05-23T08:10:49+00:00,efficientnet_b0__fold_5__adversarial_high_conf_failure__fgsm__img_00013538_fgsm_efficientnet_b0,false,,,,,,case_bucket,adversarial_high_conf_failure,3,,adversarial_high_conf_failure,Adversarial transformation caused a high-confidence failure.,P1_weapon_to_non_weapon,efficientnet_b0,fold_5,perturbed,adversarial,fgsm,weapon,non_weapon,0.984002649784088,False,True,img_00013538,img_00013538__fgsm__efficientnet_b0,img_00013538__fgsm__efficientnet_b0,attacks/adversarial/fgsm/efficientnet_b0/fold_5/weapon/img_00013538__fgsm__efficientnet_b0.png,,,,,,
efficientnet_b0_chapter5_core_candidates_per_bucket_500_manual_per_bucket_3_target_predicted_label_chapter5_separate_assets_final,2026-05-23T08:10:49+00:00,efficientnet_b0__fold_4__adversarial_high_conf_failure__fgsm__img_00013568_fgsm_efficientnet_b0,false,,,,,,case_bucket,adversarial_high_conf_failure,3,,adversarial_high_conf_failure,Adversarial transformation caused a high-confidence failure.,P1_weapon_to_non_weapon,efficientnet_b0,fold_4,perturbed,adversarial,fgsm,weapon,non_weapon,0.9832995533943176,False,True,img_00013568,img_00013568__fgsm__efficientnet_b0,img_00013568__fgsm__efficientnet_b0,attacks/adversarial/fgsm/efficientnet_b0/fold_4/weapon/img_00013568__fgsm__efficientnet_b0.png,,,,,,
efficientnet_b0_chapter5_core_candidates_per_bucket_500_manual_per_bucket_3_target_predicted_label_chapter5_separate_assets_final,2026-05-23T08:10:49+00:00,efficientnet_b0__fold_1__adversarial_high_conf_failure__fgsm__img_00013608_fgsm_efficientnet_b0,false,,,,,,case_bucket,adversarial_high_conf_failure,3,,adversarial_high_conf_failure,Adversarial transformation caused a high-confidence failure.,P1_weapon_to_non_weapon,efficientnet_b0,fold_1,perturbed,adversarial,fgsm,weapon,non_weapon,0.982884407043457,False,True,img_00013608,img_00013608__fgsm__efficientnet_b0,img_00013608__fgsm__efficientnet_b0,attacks/adversarial/fgsm/efficientnet_b0/fold_1/weapon/img_00013608__fgsm__efficientnet_b0.png,,,,,,
efficientnet_b0_chapter5_core_candidates_per_bucket_500_manual_per_bucket_3_target_predicted_label_chapter5_separate_assets_final,2026-05-23T08:10:49+00:00,efficientnet_b0__fold_5__adversarial_high_conf_failure__sigma_zero__img_00015168_sigma_zero_efficientnet_b0,false,,,,,,case_bucket,adversarial_high_conf_failure,3,,adversarial_high_conf_failure,Adversarial transformation caused a high-confidence failure.,P2_non_weapon_to_weapon,efficientnet_b0,fold_5,perturbed,adversarial,sigma_zero,non_weapon,weapon,0.9828760027885436,False,True,img_00015168,img_00015168__sigma_zero__efficientnet_b0,img_00015168__sigma_zero__efficientnet_b0,attacks/adversarial/sigma_zero/efficientnet_b0/fold_5/non_weapon/img_00015168__sigma_zero__efficientnet_b0.png,,,,,,
efficientnet_b0_chapter5_core_candidates_per_bucket_500_manual_per_bucket_3_target_predicted_label_chapter5_separate_assets_final,2026-05-23T08:10:49+00:00,efficientnet_b0__fold_2__adversarial_high_conf_failure__fgsm__img_00000336_fgsm_efficientnet_b0,false,,,,,,case_bucket,adversarial_high_conf_failure,3,,adversarial_high_conf_failure,Adversarial transformation caused a high-confidence failure.,P1_weapon_to_non_weapon,efficientnet_b0,fold_2,perturbed,adversarial,fgsm,weapon,non_weapon,0.9827811121940612,False,True,img_00000336,img_00000336__fgsm__efficientnet_b0,img_00000336__fgsm__efficientnet_b0,attacks/adversarial/fgsm/efficientnet_b0/fold_2/weapon/img_00000336__fgsm__efficientnet_b0.png,,,,,,
efficientnet_b0_chapter5_core_candidates_per_bucket_500_manual_per_bucket_3_target_predicted_label_chapter5_separate_assets_final,2026-05-23T08:10:49+00:00,efficientnet_b0__fold_5__adversarial_high_conf_failure__fgsm__img_00012914_fgsm_efficientnet_b0,false,,,,,,case_bucket,adversarial_high_conf_failure,3,,adversarial_high_conf_failure,Adversarial transformation caused a high-confidence failure.,P1_weapon_to_non_weapon,efficientnet_b0,fold_5,perturbed,adversarial,fgsm,weapon,non_weapon,0.982571542263031,False,True,img_00012914,img_00012914__fgsm__efficientnet_b0,img_00012914__fgsm__efficientnet_b0,attacks/adversarial/fgsm/efficientnet_b0/fold_5/weapon/img_00012914__fgsm__efficientnet_b0.png,,,,,,
efficientnet_b0_chapter5_core_candidates_per_bucket_500_manual_per_bucket_3_target_predicted_label_chapter5_separate_assets_final,2026-05-23T08:10:49+00:00,efficientnet_b0__fold_4__adversarial_high_conf_failure__fgsm__img_00000603_fgsm_efficientnet_b0,false,,,,,,case_bucket,adversarial_high_conf_failure,3,,adversarial_high_conf_failure,Adversarial transformation caused a high-confidence failure.,P1_weapon_to_non_weapon,efficientnet_b0,fold_4,perturbed,adversarial,fgsm,weapon,non_weapon,0.981925368309021,False,True,img_00000603,img_00000603__fgsm__efficientnet_b0,img_00000603__fgsm__efficientnet_b0,attacks/adversarial/fgsm/efficientnet_b0/fold_4/weapon/img_00000603__fgsm__efficientnet_b0.png,,,,,,
efficientnet_b0_chapter5_core_candidates_per_bucket_500_manual_per_bucket_3_target_predicted_label_chapter5_separate_assets_final,2026-05-23T08:10:49+00:00,efficientnet_b0__fold_4__adversarial_high_conf_failure__sigma_zero__img_00014970_sigma_zero_efficientnet_b0,false,,,,,,case_bucket,adversarial_high_conf_failure,3,,adversarial_high_conf_failure,Adversarial transformation caused a high-confidence failure.,P2_non_weapon_to_weapon,efficientnet_b0,fold_4,perturbed,adversarial,sigma_zero,non_weapon,weapon,0.9812660813331604,False,True,img_00014970,img_00014970__sigma_zero__efficientnet_b0,img_00014970__sigma_zero__efficientnet_b0,attacks/adversarial/sigma_zero/efficientnet_b0/fold_4/non_weapon/img_00014970__sigma_zero__efficientnet_b0.png,,,,,,
efficientnet_b0_chapter5_core_candidates_per_bucket_500_manual_per_bucket_3_target_predicted_label_chapter5_separate_assets_final,2026-05-23T08:10:49+00:00,efficientnet_b0__fold_1__adversarial_high_conf_failure__fgsm__img_00013562_fgsm_efficientnet_b0,false,,,,,,case_bucket,adversarial_high_conf_failure,3,,adversarial_high_conf_failure,Adversarial transformation caused a high-confidence failure.,P1_weapon_to_non_weapon,efficientnet_b0,fold_1,perturbed,adversarial,fgsm,weapon,non_weapon,0.9811068773269652,False,True,img_00013562,img_00013562__fgsm__efficientnet_b0,img_00013562__fgsm__efficientnet_b0,attacks/adversarial/fgsm/efficientnet_b0/fold_1/weapon/img_00013562__fgsm__efficientnet_b0.png,,,,,,
efficientnet_b0_chapter5_core_candidates_per_bucket_500_manual_per_bucket_3_target_predicted_label_chapter5_separate_assets_final,2026-05-23T08:10:49+00:00,efficientnet_b0__fold_2__adversarial_high_conf_failure__fgsm__img_00012952_fgsm_efficientnet_b0,false,,,,,,case_bucket,adversarial_high_conf_failure,3,,adversarial_high_conf_failure,Adversarial transformation caused a high-confidence failure.,P1_weapon_to_non_weapon,efficientnet_b0,fold_2,perturbed,adversarial,fgsm,weapon,non_weapon,0.9809289574623108,False,True,img_00012952,img_00012952__fgsm__efficientnet_b0,img_00012952__fgsm__efficientnet_b0,attacks/adversarial/fgsm/efficientnet_b0/fold_2/weapon/img_00012952__fgsm__efficientnet_b0.png,,,,,,
efficientnet_b0_chapter5_core_candidates_per_bucket_500_manual_per_bucket_3_target_predicted_label_chapter5_separate_assets_final,2026-05-23T08:10:49+00:00,efficientnet_b0__fold_1__adversarial_high_conf_failure__fgsm__img_00012675_fgsm_efficientnet_b0,false,,,,,,case_bucket,adversarial_high_conf_failure,3,,adversarial_high_conf_failure,Adversarial transformation caused a high-confidence failure.,P1_weapon_to_non_weapon,efficientnet_b0,fold_1,perturbed,adversarial,fgsm,weapon,non_weapon,0.9802266359329224,False,True,img_00012675,img_00012675__fgsm__efficientnet_b0,img_00012675__fgsm__efficientnet_b0,attacks/adversarial/fgsm/efficientnet_b0/fold_1/weapon/img_00012675__fgsm__efficientnet_b0.png,,,,,,
efficientnet_b0_chapter5_core_candidates_per_bucket_500_manual_per_bucket_3_target_predicted_label_chapter5_separate_assets_final,2026-05-23T08:10:49+00:00,efficientnet_b0__fold_3__adversarial_high_conf_failure__fgsm__img_00015138_fgsm_efficientnet_b0,false,,,,,,case_bucket,adversarial_high_conf_failure,3,,adversarial_high_conf_failure,Adversarial transformation caused a high-confidence failure.,P2_non_weapon_to_weapon,efficientnet_b0,fold_3,perturbed,adversarial,fgsm,non_weapon,weapon,0.9801397919654846,False,True,img_00015138,img_00015138__fgsm__efficientnet_b0,img_00015138__fgsm__efficientnet_b0,attacks/adversarial/fgsm/efficientnet_b0/fold_3/non_weapon/img_00015138__fgsm__efficientnet_b0.png,,,,,,
efficientnet_b0_chapter5_core_candidates_per_bucket_500_manual_per_bucket_3_target_predicted_label_chapter5_separate_assets_final,2026-05-23T08:10:49+00:00,efficientnet_b0__fold_4__adversarial_high_conf_failure__fgsm__img_00014764_fgsm_efficientnet_b0,false,,,,,,case_bucket,adversarial_high_conf_failure,3,,adversarial_high_conf_failure,Adversarial transformation caused a high-confidence failure.,P2_non_weapon_to_weapon,efficientnet_b0,fold_4,perturbed,adversarial,fgsm,non_weapon,weapon,0.9801331758499146,False,True,img_00014764,img_00014764__fgsm__efficientnet_b0,img_00014764__fgsm__efficientnet_b0,attacks/adversarial/fgsm/efficientnet_b0/fold_4/non_weapon/img_00014764__fgsm__efficientnet_b0.png,,,,,,
efficientnet_b0_chapter5_core_candidates_per_bucket_500_manual_per_bucket_3_target_predicted_label_chapter5_separate_assets_final,2026-05-23T08:10:49+00:00,efficientnet_b0__fold_3__adversarial_high_conf_failure__fgsm__img_00012660_fgsm_efficientnet_b0,false,,,,,,case_bucket,adversarial_high_conf_failure,3,,adversarial_high_conf_failure,Adversarial transformation caused a high-confidence failure.,P1_weapon_to_non_weapon,efficientnet_b0,fold_3,perturbed,adversarial,fgsm,weapon,non_weapon,0.9801245927810668,False,True,img_00012660,img_00012660__fgsm__efficientnet_b0,img_00012660__fgsm__efficientnet_b0,attacks/adversarial/fgsm/efficientnet_b0/fold_3/weapon/img_00012660__fgsm__efficientnet_b0.png,,,,,,
efficientnet_b0_chapter5_core_candidates_per_bucket_500_manual_per_bucket_3_target_predicted_label_chapter5_separate_assets_final,2026-05-23T08:10:49+00:00,efficientnet_b0__fold_3__adversarial_high_conf_failure__fgsm__img_00013649_fgsm_efficientnet_b0,false,,,,,,case_bucket,adversarial_high_conf_failure,3,,adversarial_high_conf_failure,Adversarial transformation caused a high-confidence failure.,P1_weapon_to_non_weapon,efficientnet_b0,fold_3,perturbed,adversarial,fgsm,weapon,non_weapon,0.9800374507904052,False,True,img_00013649,img_00013649__fgsm__efficientnet_b0,img_00013649__fgsm__efficientnet_b0,attacks/adversarial/fgsm/efficientnet_b0/fold_3/weapon/img_00013649__fgsm__efficientnet_b0.png,,,,,,
efficientnet_b0_chapter5_core_candidates_per_bucket_500_manual_per_bucket_3_target_predicted_label_chapter5_separate_assets_final,2026-05-23T08:10:49+00:00,efficientnet_b0__fold_2__adversarial_high_conf_failure__fgsm__img_00012753_fgsm_efficientnet_b0,false,,,,,,case_bucket,adversarial_high_conf_failure,3,,adversarial_high_conf_failure,Adversarial transformation caused a high-confidence failure.,P1_weapon_to_non_weapon,efficientnet_b0,fold_2,perturbed,adversarial,fgsm,weapon,non_weapon,0.979855179786682,False,True,img_00012753,img_00012753__fgsm__efficientnet_b0,img_00012753__fgsm__efficientnet_b0,attacks/adversarial/fgsm/efficientnet_b0/fold_2/weapon/img_00012753__fgsm__efficientnet_b0.png,,,,,,
efficientnet_b0_chapter5_core_candidates_per_bucket_500_manual_per_bucket_3_target_predicted_label_chapter5_separate_assets_final,2026-05-23T08:10:49+00:00,efficientnet_b0__fold_5__adversarial_high_conf_failure__fgsm__img_00013144_fgsm_efficientnet_b0,false,,,,,,case_bucket,adversarial_high_conf_failure,3,,adversarial_high_conf_failure,Adversarial transformation caused a high-confidence failure.,P1_weapon_to_non_weapon,efficientnet_b0,fold_5,perturbed,adversarial,fgsm,weapon,non_weapon,0.9798065423965454,False,True,img_00013144,img_00013144__fgsm__efficientnet_b0,img_00013144__fgsm__efficientnet_b0,attacks/adversarial/fgsm/efficientnet_b0/fold_5/weapon/img_00013144__fgsm__efficientnet_b0.png,,,,,,
efficientnet_b0_chapter5_core_candidates_per_bucket_500_manual_per_bucket_3_target_predicted_label_chapter5_separate_assets_final,2026-05-23T08:10:49+00:00,efficientnet_b0__fold_5__adversarial_high_conf_failure__fgsm__img_00015298_fgsm_efficientnet_b0,false,,,,,,case_bucket,adversarial_high_conf_failure,3,,adversarial_high_conf_failure,Adversarial transformation caused a high-confidence failure.,P2_non_weapon_to_weapon,efficientnet_b0,fold_5,perturbed,adversarial,fgsm,non_weapon,weapon,0.9797024130821228,False,True,img_00015298,img_00015298__fgsm__efficientnet_b0,img_00015298__fgsm__efficientnet_b0,attacks/adversarial/fgsm/efficientnet_b0/fold_5/non_weapon/img_00015298__fgsm__efficientnet_b0.png,,,,,,
efficientnet_b0_chapter5_core_candidates_per_bucket_500_manual_per_bucket_3_target_predicted_label_chapter5_separate_assets_final,2026-05-23T08:10:49+00:00,efficientnet_b0__fold_5__adversarial_high_conf_failure__fgsm__img_00008534_fgsm_efficientnet_b0,false,,,,,,case_bucket,adversarial_high_conf_failure,3,,adversarial_high_conf_failure,Adversarial transformation caused a high-confidence failure.,P1_weapon_to_non_weapon,efficientnet_b0,fold_5,perturbed,adversarial,fgsm,weapon,non_weapon,0.9795348048210144,False,True,img_00008534,img_00008534__fgsm__efficientnet_b0,img_00008534__fgsm__efficientnet_b0,attacks/adversarial/fgsm/efficientnet_b0/fold_5/weapon/img_00008534__fgsm__efficientnet_b0.png,,,,,,
efficientnet_b0_chapter5_core_candidates_per_bucket_500_manual_per_bucket_3_target_predicted_label_chapter5_separate_assets_final,2026-05-23T08:10:49+00:00,efficientnet_b0__fold_4__adversarial_high_conf_failure__fgsm__img_00012686_fgsm_efficientnet_b0,false,,,,,,case_bucket,adversarial_high_conf_failure,3,,adversarial_high_conf_failure,Adversarial transformation caused a high-confidence failure.,P1_weapon_to_non_weapon,efficientnet_b0,fold_4,perturbed,adversarial,fgsm,weapon,non_weapon,0.9788763523101808,False,True,img_00012686,img_00012686__fgsm__efficientnet_b0,img_00012686__fgsm__efficientnet_b0,attacks/adversarial/fgsm/efficientnet_b0/fold_4/weapon/img_00012686__fgsm__efficientnet_b0.png,,,,,,
efficientnet_b0_chapter5_core_candidates_per_bucket_500_manual_per_bucket_3_target_predicted_label_chapter5_separate_assets_final,2026-05-23T08:10:49+00:00,efficientnet_b0__fold_2__adversarial_high_conf_failure__fgsm__img_00014506_fgsm_efficientnet_b0,false,,,,,,case_bucket,adversarial_high_conf_failure,3,,adversarial_high_conf_failure,Adversarial transformation caused a high-confidence failure.,P2_non_weapon_to_weapon,efficientnet_b0,fold_2,perturbed,adversarial,fgsm,non_weapon,weapon,0.978357434272766,False,True,img_00014506,img_00014506__fgsm__efficientnet_b0,img_00014506__fgsm__efficientnet_b0,attacks/adversarial/fgsm/efficientnet_b0/fold_2/non_weapon/img_00014506__fgsm__efficientnet_b0.png,,,,,,
efficientnet_b0_chapter5_core_candidates_per_bucket_500_manual_per_bucket_3_target_predicted_label_chapter5_separate_assets_final,2026-05-23T08:10:49+00:00,efficientnet_b0__fold_1__adversarial_high_conf_failure__fgsm__img_00014661_fgsm_efficientnet_b0,false,,,,,,case_bucket,adversarial_high_conf_failure,3,,adversarial_high_conf_failure,Adversarial transformation caused a high-confidence failure.,P2_non_weapon_to_weapon,efficientnet_b0,fold_1,perturbed,adversarial,fgsm,non_weapon,weapon,0.9783092737197876,False,True,img_00014661,img_00014661__fgsm__efficientnet_b0,img_00014661__fgsm__efficientnet_b0,attacks/adversarial/fgsm/efficientnet_b0/fold_1/non_weapon/img_00014661__fgsm__efficientnet_b0.png,,,,,,
efficientnet_b0_chapter5_core_candidates_per_bucket_500_manual_per_bucket_3_target_predicted_label_chapter5_separate_assets_final,2026-05-23T08:10:49+00:00,efficientnet_b0__fold_4__adversarial_high_conf_failure__fgsm__img_00015057_fgsm_efficientnet_b0,false,,,,,,case_bucket,adversarial_high_conf_failure,3,,adversarial_high_conf_failure,Adversarial transformation caused a high-confidence failure.,P2_non_weapon_to_weapon,efficientnet_b0,fold_4,perturbed,adversarial,fgsm,non_weapon,weapon,0.9783045053482056,False,True,img_00015057,img_00015057__fgsm__efficientnet_b0,img_00015057__fgsm__efficientnet_b0,attacks/adversarial/fgsm/efficientnet_b0/fold_4/non_weapon/img_00015057__fgsm__efficientnet_b0.png,,,,,,
efficientnet_b0_chapter5_core_candidates_per_bucket_500_manual_per_bucket_3_target_predicted_label_chapter5_separate_assets_final,2026-05-23T08:10:49+00:00,efficientnet_b0__fold_2__adversarial_high_conf_failure__fgsm__img_00014780_fgsm_efficientnet_b0,false,,,,,,case_bucket,adversarial_high_conf_failure,3,,adversarial_high_conf_failure,Adversarial transformation caused a high-confidence failure.,P2_non_weapon_to_weapon,efficientnet_b0,fold_2,perturbed,adversarial,fgsm,non_weapon,weapon,0.9780498147010804,False,True,img_00014780,img_00014780__fgsm__efficientnet_b0,img_00014780__fgsm__efficientnet_b0,attacks/adversarial/fgsm/efficientnet_b0/fold_2/non_weapon/img_00014780__fgsm__efficientnet_b0.png,,,,,,
efficientnet_b0_chapter5_core_candidates_per_bucket_500_manual_per_bucket_3_target_predicted_label_chapter5_separate_assets_final,2026-05-23T08:10:49+00:00,efficientnet_b0__fold_1__adversarial_high_conf_failure__fgsm__img_00012879_fgsm_efficientnet_b0,false,,,,,,case_bucket,adversarial_high_conf_failure,3,,adversarial_high_conf_failure,Adversarial transformation caused a high-confidence failure.,P1_weapon_to_non_weapon,efficientnet_b0,fold_1,perturbed,adversarial,fgsm,weapon,non_weapon,0.9774224758148192,False,True,img_00012879,img_00012879__fgsm__efficientnet_b0,img_00012879__fgsm__efficientnet_b0,attacks/adversarial/fgsm/efficientnet_b0/fold_1/weapon/img_00012879__fgsm__efficientnet_b0.png,,,,,,
efficientnet_b0_chapter5_core_candidates_per_bucket_500_manual_per_bucket_3_target_predicted_label_chapter5_separate_assets_final,2026-05-23T08:10:49+00:00,efficientnet_b0__fold_2__adversarial_high_conf_failure__fgsm__img_00012691_fgsm_efficientnet_b0,false,,,,,,case_bucket,adversarial_high_conf_failure,3,,adversarial_high_conf_failure,Adversarial transformation caused a high-confidence failure.,P1_weapon_to_non_weapon,efficientnet_b0,fold_2,perturbed,adversarial,fgsm,weapon,non_weapon,0.9774153828620912,False,True,img_00012691,img_00012691__fgsm__efficientnet_b0,img_00012691__fgsm__efficientnet_b0,attacks/adversarial/fgsm/efficientnet_b0/fold_2/weapon/img_00012691__fgsm__efficientnet_b0.png,,,,,,
efficientnet_b0_chapter5_core_candidates_per_bucket_500_manual_per_bucket_3_target_predicted_label_chapter5_separate_assets_final,2026-05-23T08:10:49+00:00,efficientnet_b0__fold_1__adversarial_high_conf_failure__fgsm__img_00013611_fgsm_efficientnet_b0,false,,,,,,case_bucket,adversarial_high_conf_failure,3,,adversarial_high_conf_failure,Adversarial transformation caused a high-confidence failure.,P1_weapon_to_non_weapon,efficientnet_b0,fold_1,perturbed,adversarial,fgsm,weapon,non_weapon,0.9771552085876464,False,True,img_00013611,img_00013611__fgsm__efficientnet_b0,img_00013611__fgsm__efficientnet_b0,attacks/adversarial/fgsm/efficientnet_b0/fold_1/weapon/img_00013611__fgsm__efficientnet_b0.png,,,,,,
efficientnet_b0_chapter5_core_candidates_per_bucket_500_manual_per_bucket_3_target_predicted_label_chapter5_separate_assets_final,2026-05-23T08:10:49+00:00,efficientnet_b0__fold_3__adversarial_high_conf_failure__sigma_zero__img_00014858_sigma_zero_efficientnet_b0,false,,,,,,case_bucket,adversarial_high_conf_failure,3,,adversarial_high_conf_failure,Adversarial transformation caused a high-confidence failure.,P2_non_weapon_to_weapon,efficientnet_b0,fold_3,perturbed,adversarial,sigma_zero,non_weapon,weapon,0.9770079851150512,False,True,img_00014858,img_00014858__sigma_zero__efficientnet_b0,img_00014858__sigma_zero__efficientnet_b0,attacks/adversarial/sigma_zero/efficientnet_b0/fold_3/non_weapon/img_00014858__sigma_zero__efficientnet_b0.png,,,,,,
efficientnet_b0_chapter5_core_candidates_per_bucket_500_manual_per_bucket_3_target_predicted_label_chapter5_separate_assets_final,2026-05-23T08:10:49+00:00,efficientnet_b0__fold_2__adversarial_high_conf_failure__fgsm__img_00013547_fgsm_efficientnet_b0,false,,,,,,case_bucket,adversarial_high_conf_failure,3,,adversarial_high_conf_failure,Adversarial transformation caused a high-confidence failure.,P1_weapon_to_non_weapon,efficientnet_b0,fold_2,perturbed,adversarial,fgsm,weapon,non_weapon,0.9769733548164368,False,True,img_00013547,img_00013547__fgsm__efficientnet_b0,img_00013547__fgsm__efficientnet_b0,attacks/adversarial/fgsm/efficientnet_b0/fold_2/weapon/img_00013547__fgsm__efficientnet_b0.png,,,,,,
efficientnet_b0_chapter5_core_candidates_per_bucket_500_manual_per_bucket_3_target_predicted_label_chapter5_separate_assets_final,2026-05-23T08:10:49+00:00,efficientnet_b0__fold_4__adversarial_high_conf_failure__fgsm__img_00013607_fgsm_efficientnet_b0,false,,,,,,case_bucket,adversarial_high_conf_failure,3,,adversarial_high_conf_failure,Adversarial transformation caused a high-confidence failure.,P1_weapon_to_non_weapon,efficientnet_b0,fold_4,perturbed,adversarial,fgsm,weapon,non_weapon,0.9768893122673036,False,True,img_00013607,img_00013607__fgsm__efficientnet_b0,img_00013607__fgsm__efficientnet_b0,attacks/adversarial/fgsm/efficientnet_b0/fold_4/weapon/img_00013607__fgsm__efficientnet_b0.png,,,,,,
efficientnet_b0_chapter5_core_candidates_per_bucket_500_manual_per_bucket_3_target_predicted_label_chapter5_separate_assets_final,2026-05-23T08:10:49+00:00,efficientnet_b0__fold_3__adversarial_high_conf_failure__fgsm__img_00013631_fgsm_efficientnet_b0,false,,,,,,case_bucket,adversarial_high_conf_failure,3,,adversarial_high_conf_failure,Adversarial transformation caused a high-confidence failure.,P1_weapon_to_non_weapon,efficientnet_b0,fold_3,perturbed,adversarial,fgsm,weapon,non_weapon,0.9763928651809692,False,True,img_00013631,img_00013631__fgsm__efficientnet_b0,img_00013631__fgsm__efficientnet_b0,attacks/adversarial/fgsm/efficientnet_b0/fold_3/weapon/img_00013631__fgsm__efficientnet_b0.png,,,,,,
efficientnet_b0_chapter5_core_candidates_per_bucket_500_manual_per_bucket_3_target_predicted_label_chapter5_separate_assets_final,2026-05-23T08:10:49+00:00,efficientnet_b0__fold_1__adversarial_high_conf_failure__sigma_zero__img_00014892_sigma_zero_efficientnet_b0,false,,,,,,case_bucket,adversarial_high_conf_failure,3,,adversarial_high_conf_failure,Adversarial transformation caused a high-confidence failure.,P2_non_weapon_to_weapon,efficientnet_b0,fold_1,perturbed,adversarial,sigma_zero,non_weapon,weapon,0.9760448932647704,False,True,img_00014892,img_00014892__sigma_zero__efficientnet_b0,img_00014892__sigma_zero__efficientnet_b0,attacks/adversarial/sigma_zero/efficientnet_b0/fold_1/non_weapon/img_00014892__sigma_zero__efficientnet_b0.png,,,,,,
efficientnet_b0_chapter5_core_candidates_per_bucket_500_manual_per_bucket_3_target_predicted_label_chapter5_separate_assets_final,2026-05-23T08:10:49+00:00,efficientnet_b0__fold_5__adversarial_high_conf_failure__fgsm__img_00000318_fgsm_efficientnet_b0,false,,,,,,case_bucket,adversarial_high_conf_failure,3,,adversarial_high_conf_failure,Adversarial transformation caused a high-confidence failure.,P1_weapon_to_non_weapon,efficientnet_b0,fold_5,perturbed,adversarial,fgsm,weapon,non_weapon,0.975953221321106,False,True,img_00000318,img_00000318__fgsm__efficientnet_b0,img_00000318__fgsm__efficientnet_b0,attacks/adversarial/fgsm/efficientnet_b0/fold_5/weapon/img_00000318__fgsm__efficientnet_b0.png,,,,,,
efficientnet_b0_chapter5_core_candidates_per_bucket_500_manual_per_bucket_3_target_predicted_label_chapter5_separate_assets_final,2026-05-23T08:10:49+00:00,efficientnet_b0__fold_5__adversarial_high_conf_failure__sigma_zero__img_00014890_sigma_zero_efficientnet_b0,false,,,,,,case_bucket,adversarial_high_conf_failure,3,,adversarial_high_conf_failure,Adversarial transformation caused a high-confidence failure.,P2_non_weapon_to_weapon,efficientnet_b0,fold_5,perturbed,adversarial,sigma_zero,non_weapon,weapon,0.9750174880027772,False,True,img_00014890,img_00014890__sigma_zero__efficientnet_b0,img_00014890__sigma_zero__efficientnet_b0,attacks/adversarial/sigma_zero/efficientnet_b0/fold_5/non_weapon/img_00014890__sigma_zero__efficientnet_b0.png,,,,,,
efficientnet_b0_chapter5_core_candidates_per_bucket_500_manual_per_bucket_3_target_predicted_label_chapter5_separate_assets_final,2026-05-23T08:10:49+00:00,efficientnet_b0__fold_1__adversarial_high_conf_failure__fgsm__img_00000232_fgsm_efficientnet_b0,false,,,,,,case_bucket,adversarial_high_conf_failure,3,,adversarial_high_conf_failure,Adversarial transformation caused a high-confidence failure.,P1_weapon_to_non_weapon,efficientnet_b0,fold_1,perturbed,adversarial,fgsm,weapon,non_weapon,0.974350929260254,False,True,img_00000232,img_00000232__fgsm__efficientnet_b0,img_00000232__fgsm__efficientnet_b0,attacks/adversarial/fgsm/efficientnet_b0/fold_1/weapon/img_00000232__fgsm__efficientnet_b0.png,,,,,,
efficientnet_b0_chapter5_core_candidates_per_bucket_500_manual_per_bucket_3_target_predicted_label_chapter5_separate_assets_final,2026-05-23T08:10:49+00:00,efficientnet_b0__fold_5__adversarial_high_conf_failure__fgsm__img_00012810_fgsm_efficientnet_b0,false,,,,,,case_bucket,adversarial_high_conf_failure,3,,adversarial_high_conf_failure,Adversarial transformation caused a high-confidence failure.,P1_weapon_to_non_weapon,efficientnet_b0,fold_5,perturbed,adversarial,fgsm,weapon,non_weapon,0.973563313484192,False,True,img_00012810,img_00012810__fgsm__efficientnet_b0,img_00012810__fgsm__efficientnet_b0,attacks/adversarial/fgsm/efficientnet_b0/fold_5/weapon/img_00012810__fgsm__efficientnet_b0.png,,,,,,
efficientnet_b0_chapter5_core_candidates_per_bucket_500_manual_per_bucket_3_target_predicted_label_chapter5_separate_assets_final,2026-05-23T08:10:49+00:00,efficientnet_b0__fold_5__adversarial_high_conf_failure__fgsm__img_00014405_fgsm_efficientnet_b0,false,,,,,,case_bucket,adversarial_high_conf_failure,3,,adversarial_high_conf_failure,Adversarial transformation caused a high-confidence failure.,P1_weapon_to_non_weapon,efficientnet_b0,fold_5,perturbed,adversarial,fgsm,weapon,non_weapon,0.97355979681015,False,True,img_00014405,img_00014405__fgsm__efficientnet_b0,img_00014405__fgsm__efficientnet_b0,attacks/adversarial/fgsm/efficientnet_b0/fold_5/weapon/img_00014405__fgsm__efficientnet_b0.png,,,,,,
efficientnet_b0_chapter5_core_candidates_per_bucket_500_manual_per_bucket_3_target_predicted_label_chapter5_separate_assets_final,2026-05-23T08:10:49+00:00,efficientnet_b0__fold_5__adversarial_high_conf_failure__fgsm__img_00012639_fgsm_efficientnet_b0,false,,,,,,case_bucket,adversarial_high_conf_failure,3,,adversarial_high_conf_failure,Adversarial transformation caused a high-confidence failure.,P1_weapon_to_non_weapon,efficientnet_b0,fold_5,perturbed,adversarial,fgsm,weapon,non_weapon,0.9733673334121704,False,True,img_00012639,img_00012639__fgsm__efficientnet_b0,img_00012639__fgsm__efficientnet_b0,attacks/adversarial/fgsm/efficientnet_b0/fold_5/weapon/img_00012639__fgsm__efficientnet_b0.png,,,,,,
efficientnet_b0_chapter5_core_candidates_per_bucket_500_manual_per_bucket_3_target_predicted_label_chapter5_separate_assets_final,2026-05-23T08:10:49+00:00,efficientnet_b0__fold_5__adversarial_high_conf_failure__fgsm__img_00000840_fgsm_efficientnet_b0,false,,,,,,case_bucket,adversarial_high_conf_failure,3,,adversarial_high_conf_failure,Adversarial transformation caused a high-confidence failure.,P1_weapon_to_non_weapon,efficientnet_b0,fold_5,perturbed,adversarial,fgsm,weapon,non_weapon,0.9731796383857728,False,True,img_00000840,img_00000840__fgsm__efficientnet_b0,img_00000840__fgsm__efficientnet_b0,attacks/adversarial/fgsm/efficientnet_b0/fold_5/weapon/img_00000840__fgsm__efficientnet_b0.png,,,,,,
efficientnet_b0_chapter5_core_candidates_per_bucket_500_manual_per_bucket_3_target_predicted_label_chapter5_separate_assets_final,2026-05-23T08:10:49+00:00,efficientnet_b0__fold_5__adversarial_high_conf_failure__fgsm__img_00013584_fgsm_efficientnet_b0,false,,,,,,case_bucket,adversarial_high_conf_failure,3,,adversarial_high_conf_failure,Adversarial transformation caused a high-confidence failure.,P1_weapon_to_non_weapon,efficientnet_b0,fold_5,perturbed,adversarial,fgsm,weapon,non_weapon,0.9723494052886964,False,True,img_00013584,img_00013584__fgsm__efficientnet_b0,img_00013584__fgsm__efficientnet_b0,attacks/adversarial/fgsm/efficientnet_b0/fold_5/weapon/img_00013584__fgsm__efficientnet_b0.png,,,,,,
efficientnet_b0_chapter5_core_candidates_per_bucket_500_manual_per_bucket_3_target_predicted_label_chapter5_separate_assets_final,2026-05-23T08:10:49+00:00,efficientnet_b0__fold_5__adversarial_high_conf_failure__fgsm__img_00013536_fgsm_efficientnet_b0,false,,,,,,case_bucket,adversarial_high_conf_failure,3,,adversarial_high_conf_failure,Adversarial transformation caused a high-confidence failure.,P1_weapon_to_non_weapon,efficientnet_b0,fold_5,perturbed,adversarial,fgsm,weapon,non_weapon,0.9723027348518372,False,True,img_00013536,img_00013536__fgsm__efficientnet_b0,img_00013536__fgsm__efficientnet_b0,attacks/adversarial/fgsm/efficientnet_b0/fold_5/weapon/img_00013536__fgsm__efficientnet_b0.png,,,,,,
efficientnet_b0_chapter5_core_candidates_per_bucket_500_manual_per_bucket_3_target_predicted_label_chapter5_separate_assets_final,2026-05-23T08:10:49+00:00,efficientnet_b0__fold_3__adversarial_high_conf_failure__fgsm__img_00000476_fgsm_efficientnet_b0,false,,,,,,case_bucket,adversarial_high_conf_failure,3,,adversarial_high_conf_failure,Adversarial transformation caused a high-confidence failure.,P1_weapon_to_non_weapon,efficientnet_b0,fold_3,perturbed,adversarial,fgsm,weapon,non_weapon,0.9716354608535768,False,True,img_00000476,img_00000476__fgsm__efficientnet_b0,img_00000476__fgsm__efficientnet_b0,attacks/adversarial/fgsm/efficientnet_b0/fold_3/weapon/img_00000476__fgsm__efficientnet_b0.png,,,,,,
efficientnet_b0_chapter5_core_candidates_per_bucket_500_manual_per_bucket_3_target_predicted_label_chapter5_separate_assets_final,2026-05-23T08:10:49+00:00,efficientnet_b0__fold_2__adversarial_high_conf_failure__fgsm__img_00000135_fgsm_efficientnet_b0,false,,,,,,case_bucket,adversarial_high_conf_failure,3,,adversarial_high_conf_failure,Adversarial transformation caused a high-confidence failure.,P1_weapon_to_non_weapon,efficientnet_b0,fold_2,perturbed,adversarial,fgsm,weapon,non_weapon,0.9713451862335204,False,True,img_00000135,img_00000135__fgsm__efficientnet_b0,img_00000135__fgsm__efficientnet_b0,attacks/adversarial/fgsm/efficientnet_b0/fold_2/weapon/img_00000135__fgsm__efficientnet_b0.png,,,,,,
efficientnet_b0_chapter5_core_candidates_per_bucket_500_manual_per_bucket_3_target_predicted_label_chapter5_separate_assets_final,2026-05-23T08:10:49+00:00,efficientnet_b0__fold_3__adversarial_high_conf_failure__fgsm__img_00000474_fgsm_efficientnet_b0,false,,,,,,case_bucket,adversarial_high_conf_failure,3,,adversarial_high_conf_failure,Adversarial transformation caused a high-confidence failure.,P1_weapon_to_non_weapon,efficientnet_b0,fold_3,perturbed,adversarial,fgsm,weapon,non_weapon,0.9708465337753296,False,True,img_00000474,img_00000474__fgsm__efficientnet_b0,img_00000474__fgsm__efficientnet_b0,attacks/adversarial/fgsm/efficientnet_b0/fold_3/weapon/img_00000474__fgsm__efficientnet_b0.png,,,,,,
efficientnet_b0_chapter5_core_candidates_per_bucket_500_manual_per_bucket_3_target_predicted_label_chapter5_separate_assets_final,2026-05-23T08:10:49+00:00,efficientnet_b0__fold_3__adversarial_high_conf_failure__fgsm__img_00014459_fgsm_efficientnet_b0,false,,,,,,case_bucket,adversarial_high_conf_failure,3,,adversarial_high_conf_failure,Adversarial transformation caused a high-confidence failure.,P1_weapon_to_non_weapon,efficientnet_b0,fold_3,perturbed,adversarial,fgsm,weapon,non_weapon,0.9700230360031128,False,True,img_00014459,img_00014459__fgsm__efficientnet_b0,img_00014459__fgsm__efficientnet_b0,attacks/adversarial/fgsm/efficientnet_b0/fold_3/weapon/img_00014459__fgsm__efficientnet_b0.png,,,,,,
efficientnet_b0_chapter5_core_candidates_per_bucket_500_manual_per_bucket_3_target_predicted_label_chapter5_separate_assets_final,2026-05-23T08:10:49+00:00,efficientnet_b0__fold_4__adversarial_high_conf_failure__fgsm__img_00012917_fgsm_efficientnet_b0,false,,,,,,case_bucket,adversarial_high_conf_failure,3,,adversarial_high_conf_failure,Adversarial transformation caused a high-confidence failure.,P1_weapon_to_non_weapon,efficientnet_b0,fold_4,perturbed,adversarial,fgsm,weapon,non_weapon,0.9695568680763244,False,True,img_00012917,img_00012917__fgsm__efficientnet_b0,img_00012917__fgsm__efficientnet_b0,attacks/adversarial/fgsm/efficientnet_b0/fold_4/weapon/img_00012917__fgsm__efficientnet_b0.png,,,,,,
efficientnet_b0_chapter5_core_candidates_per_bucket_500_manual_per_bucket_3_target_predicted_label_chapter5_separate_assets_final,2026-05-23T08:10:49+00:00,efficientnet_b0__fold_4__adversarial_high_conf_failure__fgsm__img_00013594_fgsm_efficientnet_b0,false,,,,,,case_bucket,adversarial_high_conf_failure,3,,adversarial_high_conf_failure,Adversarial transformation caused a high-confidence failure.,P1_weapon_to_non_weapon,efficientnet_b0,fold_4,perturbed,adversarial,fgsm,weapon,non_weapon,0.969437539577484,False,True,img_00013594,img_00013594__fgsm__efficientnet_b0,img_00013594__fgsm__efficientnet_b0,attacks/adversarial/fgsm/efficientnet_b0/fold_4/weapon/img_00013594__fgsm__efficientnet_b0.png,,,,,,
efficientnet_b0_chapter5_core_candidates_per_bucket_500_manual_per_bucket_3_target_predicted_label_chapter5_separate_assets_final,2026-05-23T08:10:49+00:00,efficientnet_b0__fold_4__adversarial_high_conf_failure__fgsm__img_00000133_fgsm_efficientnet_b0,false,,,,,,case_bucket,adversarial_high_conf_failure,3,,adversarial_high_conf_failure,Adversarial transformation caused a high-confidence failure.,P1_weapon_to_non_weapon,efficientnet_b0,fold_4,perturbed,adversarial,fgsm,weapon,non_weapon,0.9691039323806764,False,True,img_00000133,img_00000133__fgsm__efficientnet_b0,img_00000133__fgsm__efficientnet_b0,attacks/adversarial/fgsm/efficientnet_b0/fold_4/weapon/img_00000133__fgsm__efficientnet_b0.png,,,,,,
efficientnet_b0_chapter5_core_candidates_per_bucket_500_manual_per_bucket_3_target_predicted_label_chapter5_separate_assets_final,2026-05-23T08:10:49+00:00,efficientnet_b0__fold_2__adversarial_high_conf_failure__fgsm__img_00013539_fgsm_efficientnet_b0,false,,,,,,case_bucket,adversarial_high_conf_failure,3,,adversarial_high_conf_failure,Adversarial transformation caused a high-confidence failure.,P1_weapon_to_non_weapon,efficientnet_b0,fold_2,perturbed,adversarial,fgsm,weapon,non_weapon,0.969067633152008,False,True,img_00013539,img_00013539__fgsm__efficientnet_b0,img_00013539__fgsm__efficientnet_b0,attacks/adversarial/fgsm/efficientnet_b0/fold_2/weapon/img_00013539__fgsm__efficientnet_b0.png,,,,,,
efficientnet_b0_chapter5_core_candidates_per_bucket_500_manual_per_bucket_3_target_predicted_label_chapter5_separate_assets_final,2026-05-23T08:10:49+00:00,efficientnet_b0__fold_2__adversarial_high_conf_failure__fgsm__img_00014731_fgsm_efficientnet_b0,false,,,,,,case_bucket,adversarial_high_conf_failure,3,,adversarial_high_conf_failure,Adversarial transformation caused a high-confidence failure.,P2_non_weapon_to_weapon,efficientnet_b0,fold_2,perturbed,adversarial,fgsm,non_weapon,weapon,0.9689346551895142,False,True,img_00014731,img_00014731__fgsm__efficientnet_b0,img_00014731__fgsm__efficientnet_b0,attacks/adversarial/fgsm/efficientnet_b0/fold_2/non_weapon/img_00014731__fgsm__efficientnet_b0.png,,,,,,
efficientnet_b0_chapter5_core_candidates_per_bucket_500_manual_per_bucket_3_target_predicted_label_chapter5_separate_assets_final,2026-05-23T08:10:49+00:00,efficientnet_b0__fold_2__adversarial_high_conf_failure__fgsm__img_00000134_fgsm_efficientnet_b0,false,,,,,,case_bucket,adversarial_high_conf_failure,3,,adversarial_high_conf_failure,Adversarial transformation caused a high-confidence failure.,P1_weapon_to_non_weapon,efficientnet_b0,fold_2,perturbed,adversarial,fgsm,weapon,non_weapon,0.9684895277023317,False,True,img_00000134,img_00000134__fgsm__efficientnet_b0,img_00000134__fgsm__efficientnet_b0,attacks/adversarial/fgsm/efficientnet_b0/fold_2/weapon/img_00000134__fgsm__efficientnet_b0.png,,,,,,
efficientnet_b0_chapter5_core_candidates_per_bucket_500_manual_per_bucket_3_target_predicted_label_chapter5_separate_assets_final,2026-05-23T08:10:49+00:00,efficientnet_b0__fold_1__adversarial_high_conf_failure__fgsm__img_00012733_fgsm_efficientnet_b0,false,,,,,,case_bucket,adversarial_high_conf_failure,3,,adversarial_high_conf_failure,Adversarial transformation caused a high-confidence failure.,P1_weapon_to_non_weapon,efficientnet_b0,fold_1,perturbed,adversarial,fgsm,weapon,non_weapon,0.9665112495422364,False,True,img_00012733,img_00012733__fgsm__efficientnet_b0,img_00012733__fgsm__efficientnet_b0,attacks/adversarial/fgsm/efficientnet_b0/fold_1/weapon/img_00012733__fgsm__efficientnet_b0.png,,,,,,
efficientnet_b0_chapter5_core_candidates_per_bucket_500_manual_per_bucket_3_target_predicted_label_chapter5_separate_assets_final,2026-05-23T08:10:49+00:00,efficientnet_b0__fold_5__adversarial_high_conf_failure__sigma_zero__img_00014845_sigma_zero_efficientnet_b0,false,,,,,,case_bucket,adversarial_high_conf_failure,3,,adversarial_high_conf_failure,Adversarial transformation caused a high-confidence failure.,P2_non_weapon_to_weapon,efficientnet_b0,fold_5,perturbed,adversarial,sigma_zero,non_weapon,weapon,0.9664499759674072,False,True,img_00014845,img_00014845__sigma_zero__efficientnet_b0,img_00014845__sigma_zero__efficientnet_b0,attacks/adversarial/sigma_zero/efficientnet_b0/fold_5/non_weapon/img_00014845__sigma_zero__efficientnet_b0.png,,,,,,
efficientnet_b0_chapter5_core_candidates_per_bucket_500_manual_per_bucket_3_target_predicted_label_chapter5_separate_assets_final,2026-05-23T08:10:49+00:00,efficientnet_b0__fold_4__adversarial_high_conf_failure__fgsm__img_00000131_fgsm_efficientnet_b0,false,,,,,,case_bucket,adversarial_high_conf_failure,3,,adversarial_high_conf_failure,Adversarial transformation caused a high-confidence failure.,P1_weapon_to_non_weapon,efficientnet_b0,fold_4,perturbed,adversarial,fgsm,weapon,non_weapon,0.9662795662879944,False,True,img_00000131,img_00000131__fgsm__efficientnet_b0,img_00000131__fgsm__efficientnet_b0,attacks/adversarial/fgsm/efficientnet_b0/fold_4/weapon/img_00000131__fgsm__efficientnet_b0.png,,,,,,
efficientnet_b0_chapter5_core_candidates_per_bucket_500_manual_per_bucket_3_target_predicted_label_chapter5_separate_assets_final,2026-05-23T08:10:49+00:00,efficientnet_b0__fold_3__adversarial_high_conf_failure__fgsm__img_00000167_fgsm_efficientnet_b0,false,,,,,,case_bucket,adversarial_high_conf_failure,3,,adversarial_high_conf_failure,Adversarial transformation caused a high-confidence failure.,P1_weapon_to_non_weapon,efficientnet_b0,fold_3,perturbed,adversarial,fgsm,weapon,non_weapon,0.9656571745872498,False,True,img_00000167,img_00000167__fgsm__efficientnet_b0,img_00000167__fgsm__efficientnet_b0,attacks/adversarial/fgsm/efficientnet_b0/fold_3/weapon/img_00000167__fgsm__efficientnet_b0.png,,,,,,
efficientnet_b0_chapter5_core_candidates_per_bucket_500_manual_per_bucket_3_target_predicted_label_chapter5_separate_assets_final,2026-05-23T08:10:49+00:00,efficientnet_b0__fold_3__adversarial_high_conf_failure__fgsm__img_00013652_fgsm_efficientnet_b0,false,,,,,,case_bucket,adversarial_high_conf_failure,3,,adversarial_high_conf_failure,Adversarial transformation caused a high-confidence failure.,P1_weapon_to_non_weapon,efficientnet_b0,fold_3,perturbed,adversarial,fgsm,weapon,non_weapon,0.9650075435638428,False,True,img_00013652,img_00013652__fgsm__efficientnet_b0,img_00013652__fgsm__efficientnet_b0,attacks/adversarial/fgsm/efficientnet_b0/fold_3/weapon/img_00013652__fgsm__efficientnet_b0.png,,,,,,
efficientnet_b0_chapter5_core_candidates_per_bucket_500_manual_per_bucket_3_target_predicted_label_chapter5_separate_assets_final,2026-05-23T08:10:49+00:00,efficientnet_b0__fold_1__adversarial_high_conf_failure__fgsm__img_00000004_fgsm_efficientnet_b0,false,,,,,,case_bucket,adversarial_high_conf_failure,3,,adversarial_high_conf_failure,Adversarial transformation caused a high-confidence failure.,P1_weapon_to_non_weapon,efficientnet_b0,fold_1,perturbed,adversarial,fgsm,weapon,non_weapon,0.9647696018218994,False,True,img_00000004,img_00000004__fgsm__efficientnet_b0,img_00000004__fgsm__efficientnet_b0,attacks/adversarial/fgsm/efficientnet_b0/fold_1/weapon/img_00000004__fgsm__efficientnet_b0.png,,,,,,
efficientnet_b0_chapter5_core_candidates_per_bucket_500_manual_per_bucket_3_target_predicted_label_chapter5_separate_assets_final,2026-05-23T08:10:49+00:00,efficientnet_b0__fold_1__adversarial_high_conf_failure__fgsm__img_00014407_fgsm_efficientnet_b0,false,,,,,,case_bucket,adversarial_high_conf_failure,3,,adversarial_high_conf_failure,Adversarial transformation caused a high-confidence failure.,P1_weapon_to_non_weapon,efficientnet_b0,fold_1,perturbed,adversarial,fgsm,weapon,non_weapon,0.9643692374229432,False,True,img_00014407,img_00014407__fgsm__efficientnet_b0,img_00014407__fgsm__efficientnet_b0,attacks/adversarial/fgsm/efficientnet_b0/fold_1/weapon/img_00014407__fgsm__efficientnet_b0.png,,,,,,
efficientnet_b0_chapter5_core_candidates_per_bucket_500_manual_per_bucket_3_target_predicted_label_chapter5_separate_assets_final,2026-05-23T08:10:49+00:00,efficientnet_b0__fold_1__adversarial_high_conf_failure__fgsm__img_00015264_fgsm_efficientnet_b0,false,,,,,,case_bucket,adversarial_high_conf_failure,3,,adversarial_high_conf_failure,Adversarial transformation caused a high-confidence failure.,P2_non_weapon_to_weapon,efficientnet_b0,fold_1,perturbed,adversarial,fgsm,non_weapon,weapon,0.9643306136131288,False,True,img_00015264,img_00015264__fgsm__efficientnet_b0,img_00015264__fgsm__efficientnet_b0,attacks/adversarial/fgsm/efficientnet_b0/fold_1/non_weapon/img_00015264__fgsm__efficientnet_b0.png,,,,,,
efficientnet_b0_chapter5_core_candidates_per_bucket_500_manual_per_bucket_3_target_predicted_label_chapter5_separate_assets_final,2026-05-23T08:10:49+00:00,efficientnet_b0__fold_1__adversarial_high_conf_failure__fgsm__img_00000128_fgsm_efficientnet_b0,false,,,,,,case_bucket,adversarial_high_conf_failure,3,,adversarial_high_conf_failure,Adversarial transformation caused a high-confidence failure.,P1_weapon_to_non_weapon,efficientnet_b0,fold_1,perturbed,adversarial,fgsm,weapon,non_weapon,0.9634824395179749,False,True,img_00000128,img_00000128__fgsm__efficientnet_b0,img_00000128__fgsm__efficientnet_b0,attacks/adversarial/fgsm/efficientnet_b0/fold_1/weapon/img_00000128__fgsm__efficientnet_b0.png,,,,,,
efficientnet_b0_chapter5_core_candidates_per_bucket_500_manual_per_bucket_3_target_predicted_label_chapter5_separate_assets_final,2026-05-23T08:10:49+00:00,efficientnet_b0__fold_1__adversarial_high_conf_failure__fgsm__img_00000144_fgsm_efficientnet_b0,false,,,,,,case_bucket,adversarial_high_conf_failure,3,,adversarial_high_conf_failure,Adversarial transformation caused a high-confidence failure.,P1_weapon_to_non_weapon,efficientnet_b0,fold_1,perturbed,adversarial,fgsm,weapon,non_weapon,0.963072955608368,False,True,img_00000144,img_00000144__fgsm__efficientnet_b0,img_00000144__fgsm__efficientnet_b0,attacks/adversarial/fgsm/efficientnet_b0/fold_1/weapon/img_00000144__fgsm__efficientnet_b0.png,,,,,,
efficientnet_b0_chapter5_core_candidates_per_bucket_500_manual_per_bucket_3_target_predicted_label_chapter5_separate_assets_final,2026-05-23T08:10:49+00:00,efficientnet_b0__fold_5__adversarial_high_conf_failure__fgsm__img_00013628_fgsm_efficientnet_b0,false,,,,,,case_bucket,adversarial_high_conf_failure,3,,adversarial_high_conf_failure,Adversarial transformation caused a high-confidence failure.,P1_weapon_to_non_weapon,efficientnet_b0,fold_5,perturbed,adversarial,fgsm,weapon,non_weapon,0.9625691175460817,False,True,img_00013628,img_00013628__fgsm__efficientnet_b0,img_00013628__fgsm__efficientnet_b0,attacks/adversarial/fgsm/efficientnet_b0/fold_5/weapon/img_00013628__fgsm__efficientnet_b0.png,,,,,,
efficientnet_b0_chapter5_core_candidates_per_bucket_500_manual_per_bucket_3_target_predicted_label_chapter5_separate_assets_final,2026-05-23T08:10:49+00:00,efficientnet_b0__fold_2__adversarial_high_conf_failure__fgsm__img_00014414_fgsm_efficientnet_b0,false,,,,,,case_bucket,adversarial_high_conf_failure,3,,adversarial_high_conf_failure,Adversarial transformation caused a high-confidence failure.,P1_weapon_to_non_weapon,efficientnet_b0,fold_2,perturbed,adversarial,fgsm,weapon,non_weapon,0.9622634649276732,False,True,img_00014414,img_00014414__fgsm__efficientnet_b0,img_00014414__fgsm__efficientnet_b0,attacks/adversarial/fgsm/efficientnet_b0/fold_2/weapon/img_00014414__fgsm__efficientnet_b0.png,,,,,,
efficientnet_b0_chapter5_core_candidates_per_bucket_500_manual_per_bucket_3_target_predicted_label_chapter5_separate_assets_final,2026-05-23T08:10:49+00:00,efficientnet_b0__fold_4__adversarial_high_conf_failure__fgsm__img_00014371_fgsm_efficientnet_b0,false,,,,,,case_bucket,adversarial_high_conf_failure,3,,adversarial_high_conf_failure,Adversarial transformation caused a high-confidence failure.,P1_weapon_to_non_weapon,efficientnet_b0,fold_4,perturbed,adversarial,fgsm,weapon,non_weapon,0.9610633850097656,False,True,img_00014371,img_00014371__fgsm__efficientnet_b0,img_00014371__fgsm__efficientnet_b0,attacks/adversarial/fgsm/efficientnet_b0/fold_4/weapon/img_00014371__fgsm__efficientnet_b0.png,,,,,,
efficientnet_b0_chapter5_core_candidates_per_bucket_500_manual_per_bucket_3_target_predicted_label_chapter5_separate_assets_final,2026-05-23T08:10:49+00:00,efficientnet_b0__fold_1__adversarial_high_conf_failure__fgsm__img_00013139_fgsm_efficientnet_b0,false,,,,,,case_bucket,adversarial_high_conf_failure,3,,adversarial_high_conf_failure,Adversarial transformation caused a high-confidence failure.,P1_weapon_to_non_weapon,efficientnet_b0,fold_1,perturbed,adversarial,fgsm,weapon,non_weapon,0.96071457862854,False,True,img_00013139,img_00013139__fgsm__efficientnet_b0,img_00013139__fgsm__efficientnet_b0,attacks/adversarial/fgsm/efficientnet_b0/fold_1/weapon/img_00013139__fgsm__efficientnet_b0.png,,,,,,
efficientnet_b0_chapter5_core_candidates_per_bucket_500_manual_per_bucket_3_target_predicted_label_chapter5_separate_assets_final,2026-05-23T08:10:49+00:00,efficientnet_b0__fold_5__adversarial_high_conf_failure__fgsm__img_00000161_fgsm_efficientnet_b0,false,,,,,,case_bucket,adversarial_high_conf_failure,3,,adversarial_high_conf_failure,Adversarial transformation caused a high-confidence failure.,P1_weapon_to_non_weapon,efficientnet_b0,fold_5,perturbed,adversarial,fgsm,weapon,non_weapon,0.9605275392532348,False,True,img_00000161,img_00000161__fgsm__efficientnet_b0,img_00000161__fgsm__efficientnet_b0,attacks/adversarial/fgsm/efficientnet_b0/fold_5/weapon/img_00000161__fgsm__efficientnet_b0.png,,,,,,
efficientnet_b0_chapter5_core_candidates_per_bucket_500_manual_per_bucket_3_target_predicted_label_chapter5_separate_assets_final,2026-05-23T08:10:49+00:00,efficientnet_b0__fold_4__adversarial_high_conf_failure__fgsm__img_00014690_fgsm_efficientnet_b0,false,,,,,,case_bucket,adversarial_high_conf_failure,3,,adversarial_high_conf_failure,Adversarial transformation caused a high-confidence failure.,P2_non_weapon_to_weapon,efficientnet_b0,fold_4,perturbed,adversarial,fgsm,non_weapon,weapon,0.9588885307312012,False,True,img_00014690,img_00014690__fgsm__efficientnet_b0,img_00014690__fgsm__efficientnet_b0,attacks/adversarial/fgsm/efficientnet_b0/fold_4/non_weapon/img_00014690__fgsm__efficientnet_b0.png,,,,,,
efficientnet_b0_chapter5_core_candidates_per_bucket_500_manual_per_bucket_3_target_predicted_label_chapter5_separate_assets_final,2026-05-23T08:10:49+00:00,efficientnet_b0__fold_2__adversarial_high_conf_failure__fgsm__img_00014477_fgsm_efficientnet_b0,false,,,,,,case_bucket,adversarial_high_conf_failure,3,,adversarial_high_conf_failure,Adversarial transformation caused a high-confidence failure.,P1_weapon_to_non_weapon,efficientnet_b0,fold_2,perturbed,adversarial,fgsm,weapon,non_weapon,0.9580939412117004,False,True,img_00014477,img_00014477__fgsm__efficientnet_b0,img_00014477__fgsm__efficientnet_b0,attacks/adversarial/fgsm/efficientnet_b0/fold_2/weapon/img_00014477__fgsm__efficientnet_b0.png,,,,,,
efficientnet_b0_chapter5_core_candidates_per_bucket_500_manual_per_bucket_3_target_predicted_label_chapter5_separate_assets_final,2026-05-23T08:10:49+00:00,efficientnet_b0__fold_5__adversarial_high_conf_failure__sigma_zero__img_00004534_sigma_zero_efficientnet_b0,false,,,,,,case_bucket,adversarial_high_conf_failure,3,,adversarial_high_conf_failure,Adversarial transformation caused a high-confidence failure.,P1_weapon_to_non_weapon,efficientnet_b0,fold_5,perturbed,adversarial,sigma_zero,weapon,non_weapon,0.9572360515594482,False,True,img_00004534,img_00004534__sigma_zero__efficientnet_b0,img_00004534__sigma_zero__efficientnet_b0,attacks/adversarial/sigma_zero/efficientnet_b0/fold_5/weapon/img_00004534__sigma_zero__efficientnet_b0.png,,,,,,
efficientnet_b0_chapter5_core_candidates_per_bucket_500_manual_per_bucket_3_target_predicted_label_chapter5_separate_assets_final,2026-05-23T08:10:49+00:00,efficientnet_b0__fold_3__adversarial_high_conf_failure__fgsm__img_00000044_fgsm_efficientnet_b0,false,,,,,,case_bucket,adversarial_high_conf_failure,3,,adversarial_high_conf_failure,Adversarial transformation caused a high-confidence failure.,P1_weapon_to_non_weapon,efficientnet_b0,fold_3,perturbed,adversarial,fgsm,weapon,non_weapon,0.9569328427314758,False,True,img_00000044,img_00000044__fgsm__efficientnet_b0,img_00000044__fgsm__efficientnet_b0,attacks/adversarial/fgsm/efficientnet_b0/fold_3/weapon/img_00000044__fgsm__efficientnet_b0.png,,,,,,
efficientnet_b0_chapter5_core_candidates_per_bucket_500_manual_per_bucket_3_target_predicted_label_chapter5_separate_assets_final,2026-05-23T08:10:49+00:00,efficientnet_b0__fold_5__adversarial_high_conf_failure__sigma_zero__img_00014685_sigma_zero_efficientnet_b0,false,,,,,,case_bucket,adversarial_high_conf_failure,3,,adversarial_high_conf_failure,Adversarial transformation caused a high-confidence failure.,P2_non_weapon_to_weapon,efficientnet_b0,fold_5,perturbed,adversarial,sigma_zero,non_weapon,weapon,0.955746591091156,False,True,img_00014685,img_00014685__sigma_zero__efficientnet_b0,img_00014685__sigma_zero__efficientnet_b0,attacks/adversarial/sigma_zero/efficientnet_b0/fold_5/non_weapon/img_00014685__sigma_zero__efficientnet_b0.png,,,,,,
efficientnet_b0_chapter5_core_candidates_per_bucket_500_manual_per_bucket_3_target_predicted_label_chapter5_separate_assets_final,2026-05-23T08:10:49+00:00,efficientnet_b0__fold_2__adversarial_high_conf_failure__fgsm__img_00013146_fgsm_efficientnet_b0,false,,,,,,case_bucket,adversarial_high_conf_failure,3,,adversarial_high_conf_failure,Adversarial transformation caused a high-confidence failure.,P1_weapon_to_non_weapon,efficientnet_b0,fold_2,perturbed,adversarial,fgsm,weapon,non_weapon,0.9551883339881896,False,True,img_00013146,img_00013146__fgsm__efficientnet_b0,img_00013146__fgsm__efficientnet_b0,attacks/adversarial/fgsm/efficientnet_b0/fold_2/weapon/img_00013146__fgsm__efficientnet_b0.png,,,,,,
efficientnet_b0_chapter5_core_candidates_per_bucket_500_manual_per_bucket_3_target_predicted_label_chapter5_separate_assets_final,2026-05-23T08:10:49+00:00,efficientnet_b0__fold_2__adversarial_high_conf_failure__fgsm__img_00014580_fgsm_efficientnet_b0,false,,,,,,case_bucket,adversarial_high_conf_failure,3,,adversarial_high_conf_failure,Adversarial transformation caused a high-confidence failure.,P2_non_weapon_to_weapon,efficientnet_b0,fold_2,perturbed,adversarial,fgsm,non_weapon,weapon,0.9551747441291808,False,True,img_00014580,img_00014580__fgsm__efficientnet_b0,img_00014580__fgsm__efficientnet_b0,attacks/adversarial/fgsm/efficientnet_b0/fold_2/non_weapon/img_00014580__fgsm__efficientnet_b0.png,,,,,,
efficientnet_b0_chapter5_core_candidates_per_bucket_500_manual_per_bucket_3_target_predicted_label_chapter5_separate_assets_final,2026-05-23T08:10:49+00:00,efficientnet_b0__fold_5__adversarial_high_conf_failure__fgsm__img_00000002_fgsm_efficientnet_b0,false,,,,,,case_bucket,adversarial_high_conf_failure,3,,adversarial_high_conf_failure,Adversarial transformation caused a high-confidence failure.,P1_weapon_to_non_weapon,efficientnet_b0,fold_5,perturbed,adversarial,fgsm,weapon,non_weapon,0.9551033973693848,False,True,img_00000002,img_00000002__fgsm__efficientnet_b0,img_00000002__fgsm__efficientnet_b0,attacks/adversarial/fgsm/efficientnet_b0/fold_5/weapon/img_00000002__fgsm__efficientnet_b0.png,,,,,,
efficientnet_b0_chapter5_core_candidates_per_bucket_500_manual_per_bucket_3_target_predicted_label_chapter5_separate_assets_final,2026-05-23T08:10:49+00:00,efficientnet_b0__fold_4__adversarial_high_conf_failure__fgsm__img_00013619_fgsm_efficientnet_b0,false,,,,,,case_bucket,adversarial_high_conf_failure,3,,adversarial_high_conf_failure,Adversarial transformation caused a high-confidence failure.,P1_weapon_to_non_weapon,efficientnet_b0,fold_4,perturbed,adversarial,fgsm,weapon,non_weapon,0.9548789858818054,False,True,img_00013619,img_00013619__fgsm__efficientnet_b0,img_00013619__fgsm__efficientnet_b0,attacks/adversarial/fgsm/efficientnet_b0/fold_4/weapon/img_00013619__fgsm__efficientnet_b0.png,,,,,,
efficientnet_b0_chapter5_core_candidates_per_bucket_500_manual_per_bucket_3_target_predicted_label_chapter5_separate_assets_final,2026-05-23T08:10:49+00:00,efficientnet_b0__fold_3__adversarial_high_conf_failure__fgsm__img_00014834_fgsm_efficientnet_b0,false,,,,,,case_bucket,adversarial_high_conf_failure,3,,adversarial_high_conf_failure,Adversarial transformation caused a high-confidence failure.,P2_non_weapon_to_weapon,efficientnet_b0,fold_3,perturbed,adversarial,fgsm,non_weapon,weapon,0.9536787867546082,False,True,img_00014834,img_00014834__fgsm__efficientnet_b0,img_00014834__fgsm__efficientnet_b0,attacks/adversarial/fgsm/efficientnet_b0/fold_3/non_weapon/img_00014834__fgsm__efficientnet_b0.png,,,,,,
efficientnet_b0_chapter5_core_candidates_per_bucket_500_manual_per_bucket_3_target_predicted_label_chapter5_separate_assets_final,2026-05-23T08:10:49+00:00,efficientnet_b0__fold_5__adversarial_high_conf_failure__fgsm__img_00014522_fgsm_efficientnet_b0,false,,,,,,case_bucket,adversarial_high_conf_failure,3,,adversarial_high_conf_failure,Adversarial transformation caused a high-confidence failure.,P1_weapon_to_non_weapon,efficientnet_b0,fold_5,perturbed,adversarial,fgsm,weapon,non_weapon,0.9529433846473694,False,True,img_00014522,img_00014522__fgsm__efficientnet_b0,img_00014522__fgsm__efficientnet_b0,attacks/adversarial/fgsm/efficientnet_b0/fold_5/weapon/img_00014522__fgsm__efficientnet_b0.png,,,,,,
efficientnet_b0_chapter5_core_candidates_per_bucket_500_manual_per_bucket_3_target_predicted_label_chapter5_separate_assets_final,2026-05-23T08:10:49+00:00,efficientnet_b0__fold_2__adversarial_high_conf_failure__fgsm__img_00000247_fgsm_efficientnet_b0,false,,,,,,case_bucket,adversarial_high_conf_failure,3,,adversarial_high_conf_failure,Adversarial transformation caused a high-confidence failure.,P1_weapon_to_non_weapon,efficientnet_b0,fold_2,perturbed,adversarial,fgsm,weapon,non_weapon,0.952489972114563,False,True,img_00000247,img_00000247__fgsm__efficientnet_b0,img_00000247__fgsm__efficientnet_b0,attacks/adversarial/fgsm/efficientnet_b0/fold_2/weapon/img_00000247__fgsm__efficientnet_b0.png,,,,,,
efficientnet_b0_chapter5_core_candidates_per_bucket_500_manual_per_bucket_3_target_predicted_label_chapter5_separate_assets_final,2026-05-23T08:10:49+00:00,efficientnet_b0__fold_2__adversarial_high_conf_failure__fgsm__img_00000469_fgsm_efficientnet_b0,false,,,,,,case_bucket,adversarial_high_conf_failure,3,,adversarial_high_conf_failure,Adversarial transformation caused a high-confidence failure.,P1_weapon_to_non_weapon,efficientnet_b0,fold_2,perturbed,adversarial,fgsm,weapon,non_weapon,0.9522361159324646,False,True,img_00000469,img_00000469__fgsm__efficientnet_b0,img_00000469__fgsm__efficientnet_b0,attacks/adversarial/fgsm/efficientnet_b0/fold_2/weapon/img_00000469__fgsm__efficientnet_b0.png,,,,,,
efficientnet_b0_chapter5_core_candidates_per_bucket_500_manual_per_bucket_3_target_predicted_label_chapter5_separate_assets_final,2026-05-23T08:10:49+00:00,efficientnet_b0__fold_1__adversarial_high_conf_failure__fgsm__img_00013598_fgsm_efficientnet_b0,false,,,,,,case_bucket,adversarial_high_conf_failure,3,,adversarial_high_conf_failure,Adversarial transformation caused a high-confidence failure.,P1_weapon_to_non_weapon,efficientnet_b0,fold_1,perturbed,adversarial,fgsm,weapon,non_weapon,0.951948881149292,False,True,img_00013598,img_00013598__fgsm__efficientnet_b0,img_00013598__fgsm__efficientnet_b0,attacks/adversarial/fgsm/efficientnet_b0/fold_1/weapon/img_00013598__fgsm__efficientnet_b0.png,,,,,,
efficientnet_b0_chapter5_core_candidates_per_bucket_500_manual_per_bucket_3_target_predicted_label_chapter5_separate_assets_final,2026-05-23T08:10:49+00:00,efficientnet_b0__fold_2__adversarial_high_conf_failure__fgsm__img_00013622_fgsm_efficientnet_b0,false,,,,,,case_bucket,adversarial_high_conf_failure,3,,adversarial_high_conf_failure,Adversarial transformation caused a high-confidence failure.,P1_weapon_to_non_weapon,efficientnet_b0,fold_2,perturbed,adversarial,fgsm,weapon,non_weapon,0.9518712162971495,False,True,img_00013622,img_00013622__fgsm__efficientnet_b0,img_00013622__fgsm__efficientnet_b0,attacks/adversarial/fgsm/efficientnet_b0/fold_2/weapon/img_00013622__fgsm__efficientnet_b0.png,,,,,,
efficientnet_b0_chapter5_core_candidates_per_bucket_500_manual_per_bucket_3_target_predicted_label_chapter5_separate_assets_final,2026-05-23T08:10:49+00:00,efficientnet_b0__fold_5__adversarial_high_conf_failure__fgsm__img_00000168_fgsm_efficientnet_b0,false,,,,,,case_bucket,adversarial_high_conf_failure,3,,adversarial_high_conf_failure,Adversarial transformation caused a high-confidence failure.,P1_weapon_to_non_weapon,efficientnet_b0,fold_5,perturbed,adversarial,fgsm,weapon,non_weapon,0.950688898563385,False,True,img_00000168,img_00000168__fgsm__efficientnet_b0,img_00000168__fgsm__efficientnet_b0,attacks/adversarial/fgsm/efficientnet_b0/fold_5/weapon/img_00000168__fgsm__efficientnet_b0.png,,,,,,
efficientnet_b0_chapter5_core_candidates_per_bucket_500_manual_per_bucket_3_target_predicted_label_chapter5_separate_assets_final,2026-05-23T08:10:49+00:00,efficientnet_b0__fold_3__adversarial_high_conf_failure__fgsm__img_00013563_fgsm_efficientnet_b0,false,,,,,,case_bucket,adversarial_high_conf_failure,3,,adversarial_high_conf_failure,Adversarial transformation caused a high-confidence failure.,P1_weapon_to_non_weapon,efficientnet_b0,fold_3,perturbed,adversarial,fgsm,weapon,non_weapon,0.9503648281097412,False,True,img_00013563,img_00013563__fgsm__efficientnet_b0,img_00013563__fgsm__efficientnet_b0,attacks/adversarial/fgsm/efficientnet_b0/fold_3/weapon/img_00013563__fgsm__efficientnet_b0.png,,,,,,
efficientnet_b0_chapter5_core_candidates_per_bucket_500_manual_per_bucket_3_target_predicted_label_chapter5_separate_assets_final,2026-05-23T08:10:49+00:00,efficientnet_b0__fold_5__adversarial_high_conf_failure__fgsm__img_00012684_fgsm_efficientnet_b0,false,,,,,,case_bucket,adversarial_high_conf_failure,3,,adversarial_high_conf_failure,Adversarial transformation caused a high-confidence failure.,P1_weapon_to_non_weapon,efficientnet_b0,fold_5,perturbed,adversarial,fgsm,weapon,non_weapon,0.9502584338188172,False,True,img_00012684,img_00012684__fgsm__efficientnet_b0,img_00012684__fgsm__efficientnet_b0,attacks/adversarial/fgsm/efficientnet_b0/fold_5/weapon/img_00012684__fgsm__efficientnet_b0.png,,,,,,
efficientnet_b0_chapter5_core_candidates_per_bucket_500_manual_per_bucket_3_target_predicted_label_chapter5_separate_assets_final,2026-05-23T08:10:49+00:00,efficientnet_b0__fold_4__adversarial_high_conf_failure__fgsm__img_00012677_fgsm_efficientnet_b0,false,,,,,,case_bucket,adversarial_high_conf_failure,3,,adversarial_high_conf_failure,Adversarial transformation caused a high-confidence failure.,P1_weapon_to_non_weapon,efficientnet_b0,fold_4,perturbed,adversarial,fgsm,weapon,non_weapon,0.949956715106964,False,True,img_00012677,img_00012677__fgsm__efficientnet_b0,img_00012677__fgsm__efficientnet_b0,attacks/adversarial/fgsm/efficientnet_b0/fold_4/weapon/img_00012677__fgsm__efficientnet_b0.png,,,,,,
efficientnet_b0_chapter5_core_candidates_per_bucket_500_manual_per_bucket_3_target_predicted_label_chapter5_separate_assets_final,2026-05-23T08:10:49+00:00,efficientnet_b0__fold_1__adversarial_high_conf_failure__fgsm__img_00012787_fgsm_efficientnet_b0,false,,,,,,case_bucket,adversarial_high_conf_failure,3,,adversarial_high_conf_failure,Adversarial transformation caused a high-confidence failure.,P1_weapon_to_non_weapon,efficientnet_b0,fold_1,perturbed,adversarial,fgsm,weapon,non_weapon,0.9495771527290344,False,True,img_00012787,img_00012787__fgsm__efficientnet_b0,img_00012787__fgsm__efficientnet_b0,attacks/adversarial/fgsm/efficientnet_b0/fold_1/weapon/img_00012787__fgsm__efficientnet_b0.png,,,,,,
efficientnet_b0_chapter5_core_candidates_per_bucket_500_manual_per_bucket_3_target_predicted_label_chapter5_separate_assets_final,2026-05-23T08:10:49+00:00,efficientnet_b0__fold_4__adversarial_high_conf_failure__sigma_zero__img_00015100_sigma_zero_efficientnet_b0,false,,,,,,case_bucket,adversarial_high_conf_failure,3,,adversarial_high_conf_failure,Adversarial transformation caused a high-confidence failure.,P2_non_weapon_to_weapon,efficientnet_b0,fold_4,perturbed,adversarial,sigma_zero,non_weapon,weapon,0.9490641355514526,False,True,img_00015100,img_00015100__sigma_zero__efficientnet_b0,img_00015100__sigma_zero__efficientnet_b0,attacks/adversarial/sigma_zero/efficientnet_b0/fold_4/non_weapon/img_00015100__sigma_zero__efficientnet_b0.png,,,,,,
efficientnet_b0_chapter5_core_candidates_per_bucket_500_manual_per_bucket_3_target_predicted_label_chapter5_separate_assets_final,2026-05-23T08:10:49+00:00,efficientnet_b0__fold_3__adversarial_high_conf_failure__sigma_zero__img_00014645_sigma_zero_efficientnet_b0,false,,,,,,case_bucket,adversarial_high_conf_failure,3,,adversarial_high_conf_failure,Adversarial transformation caused a high-confidence failure.,P2_non_weapon_to_weapon,efficientnet_b0,fold_3,perturbed,adversarial,sigma_zero,non_weapon,weapon,0.948502242565155,False,True,img_00014645,img_00014645__sigma_zero__efficientnet_b0,img_00014645__sigma_zero__efficientnet_b0,attacks/adversarial/sigma_zero/efficientnet_b0/fold_3/non_weapon/img_00014645__sigma_zero__efficientnet_b0.png,,,,,,
efficientnet_b0_chapter5_core_candidates_per_bucket_500_manual_per_bucket_3_target_predicted_label_chapter5_separate_assets_final,2026-05-23T08:10:49+00:00,efficientnet_b0__fold_4__adversarial_high_conf_failure__fgsm__img_00013478_fgsm_efficientnet_b0,false,,,,,,case_bucket,adversarial_high_conf_failure,3,,adversarial_high_conf_failure,Adversarial transformation caused a high-confidence failure.,P1_weapon_to_non_weapon,efficientnet_b0,fold_4,perturbed,adversarial,fgsm,weapon,non_weapon,0.948470950126648,False,True,img_00013478,img_00013478__fgsm__efficientnet_b0,img_00013478__fgsm__efficientnet_b0,attacks/adversarial/fgsm/efficientnet_b0/fold_4/weapon/img_00013478__fgsm__efficientnet_b0.png,,,,,,
efficientnet_b0_chapter5_core_candidates_per_bucket_500_manual_per_bucket_3_target_predicted_label_chapter5_separate_assets_final,2026-05-23T08:10:49+00:00,efficientnet_b0__fold_5__adversarial_high_conf_failure__fgsm__img_00013644_fgsm_efficientnet_b0,false,,,,,,case_bucket,adversarial_high_conf_failure,3,,adversarial_high_conf_failure,Adversarial transformation caused a high-confidence failure.,P1_weapon_to_non_weapon,efficientnet_b0,fold_5,perturbed,adversarial,fgsm,weapon,non_weapon,0.947978973388672,False,True,img_00013644,img_00013644__fgsm__efficientnet_b0,img_00013644__fgsm__efficientnet_b0,attacks/adversarial/fgsm/efficientnet_b0/fold_5/weapon/img_00013644__fgsm__efficientnet_b0.png,,,,,,
efficientnet_b0_chapter5_core_candidates_per_bucket_500_manual_per_bucket_3_target_predicted_label_chapter5_separate_assets_final,2026-05-23T08:10:49+00:00,efficientnet_b0__fold_5__adversarial_high_conf_failure__fgsm__img_00014138_fgsm_efficientnet_b0,false,,,,,,case_bucket,adversarial_high_conf_failure,3,,adversarial_high_conf_failure,Adversarial transformation caused a high-confidence failure.,P2_non_weapon_to_weapon,efficientnet_b0,fold_5,perturbed,adversarial,fgsm,non_weapon,weapon,0.947624683380127,False,True,img_00014138,img_00014138__fgsm__efficientnet_b0,img_00014138__fgsm__efficientnet_b0,attacks/adversarial/fgsm/efficientnet_b0/fold_5/non_weapon/img_00014138__fgsm__efficientnet_b0.png,,,,,,
efficientnet_b0_chapter5_core_candidates_per_bucket_500_manual_per_bucket_3_target_predicted_label_chapter5_separate_assets_final,2026-05-23T08:10:49+00:00,efficientnet_b0__fold_4__adversarial_high_conf_failure__fgsm__img_00013474_fgsm_efficientnet_b0,false,,,,,,case_bucket,adversarial_high_conf_failure,3,,adversarial_high_conf_failure,Adversarial transformation caused a high-confidence failure.,P1_weapon_to_non_weapon,efficientnet_b0,fold_4,perturbed,adversarial,fgsm,weapon,non_weapon,0.9469783902168274,False,True,img_00013474,img_00013474__fgsm__efficientnet_b0,img_00013474__fgsm__efficientnet_b0,attacks/adversarial/fgsm/efficientnet_b0/fold_4/weapon/img_00013474__fgsm__efficientnet_b0.png,,,,,,
efficientnet_b0_chapter5_core_candidates_per_bucket_500_manual_per_bucket_3_target_predicted_label_chapter5_separate_assets_final,2026-05-23T08:10:49+00:00,efficientnet_b0__fold_5__adversarial_high_conf_failure__fgsm__img_00000307_fgsm_efficientnet_b0,false,,,,,,case_bucket,adversarial_high_conf_failure,3,,adversarial_high_conf_failure,Adversarial transformation caused a high-confidence failure.,P1_weapon_to_non_weapon,efficientnet_b0,fold_5,perturbed,adversarial,fgsm,weapon,non_weapon,0.9455889463424684,False,True,img_00000307,img_00000307__fgsm__efficientnet_b0,img_00000307__fgsm__efficientnet_b0,attacks/adversarial/fgsm/efficientnet_b0/fold_5/weapon/img_00000307__fgsm__efficientnet_b0.png,,,,,,
efficientnet_b0_chapter5_core_candidates_per_bucket_500_manual_per_bucket_3_target_predicted_label_chapter5_separate_assets_final,2026-05-23T08:10:49+00:00,efficientnet_b0__fold_5__adversarial_high_conf_failure__sigma_zero__img_00015102_sigma_zero_efficientnet_b0,false,,,,,,case_bucket,adversarial_high_conf_failure,3,,adversarial_high_conf_failure,Adversarial transformation caused a high-confidence failure.,P2_non_weapon_to_weapon,efficientnet_b0,fold_5,perturbed,adversarial,sigma_zero,non_weapon,weapon,0.945252239704132,False,True,img_00015102,img_00015102__sigma_zero__efficientnet_b0,img_00015102__sigma_zero__efficientnet_b0,attacks/adversarial/sigma_zero/efficientnet_b0/fold_5/non_weapon/img_00015102__sigma_zero__efficientnet_b0.png,,,,,,
efficientnet_b0_chapter5_core_candidates_per_bucket_500_manual_per_bucket_3_target_predicted_label_chapter5_separate_assets_final,2026-05-23T08:10:49+00:00,efficientnet_b0__fold_1__adversarial_high_conf_failure__fgsm__img_00014436_fgsm_efficientnet_b0,false,,,,,,case_bucket,adversarial_high_conf_failure,3,,adversarial_high_conf_failure,Adversarial transformation caused a high-confidence failure.,P2_non_weapon_to_weapon,efficientnet_b0,fold_1,perturbed,adversarial,fgsm,non_weapon,weapon,0.9449505805969238,False,True,img_00014436,img_00014436__fgsm__efficientnet_b0,img_00014436__fgsm__efficientnet_b0,attacks/adversarial/fgsm/efficientnet_b0/fold_1/non_weapon/img_00014436__fgsm__efficientnet_b0.png,,,,,,
efficientnet_b0_chapter5_core_candidates_per_bucket_500_manual_per_bucket_3_target_predicted_label_chapter5_separate_assets_final,2026-05-23T08:10:49+00:00,efficientnet_b0__fold_5__adversarial_high_conf_failure__fgsm__img_00014416_fgsm_efficientnet_b0,false,,,,,,case_bucket,adversarial_high_conf_failure,3,,adversarial_high_conf_failure,Adversarial transformation caused a high-confidence failure.,P2_non_weapon_to_weapon,efficientnet_b0,fold_5,perturbed,adversarial,fgsm,non_weapon,weapon,0.9440245628356934,False,True,img_00014416,img_00014416__fgsm__efficientnet_b0,img_00014416__fgsm__efficientnet_b0,attacks/adversarial/fgsm/efficientnet_b0/fold_5/non_weapon/img_00014416__fgsm__efficientnet_b0.png,,,,,,
efficientnet_b0_chapter5_core_candidates_per_bucket_500_manual_per_bucket_3_target_predicted_label_chapter5_separate_assets_final,2026-05-23T08:10:49+00:00,efficientnet_b0__fold_2__adversarial_high_conf_failure__fgsm__img_00014383_fgsm_efficientnet_b0,false,,,,,,case_bucket,adversarial_high_conf_failure,3,,adversarial_high_conf_failure,Adversarial transformation caused a high-confidence failure.,P1_weapon_to_non_weapon,efficientnet_b0,fold_2,perturbed,adversarial,fgsm,weapon,non_weapon,0.943580150604248,False,True,img_00014383,img_00014383__fgsm__efficientnet_b0,img_00014383__fgsm__efficientnet_b0,attacks/adversarial/fgsm/efficientnet_b0/fold_2/weapon/img_00014383__fgsm__efficientnet_b0.png,,,,,,
efficientnet_b0_chapter5_core_candidates_per_bucket_500_manual_per_bucket_3_target_predicted_label_chapter5_separate_assets_final,2026-05-23T08:10:49+00:00,efficientnet_b0__fold_4__adversarial_high_conf_failure__fgsm__img_00000143_fgsm_efficientnet_b0,false,,,,,,case_bucket,adversarial_high_conf_failure,3,,adversarial_high_conf_failure,Adversarial transformation caused a high-confidence failure.,P1_weapon_to_non_weapon,efficientnet_b0,fold_4,perturbed,adversarial,fgsm,weapon,non_weapon,0.9428908824920654,False,True,img_00000143,img_00000143__fgsm__efficientnet_b0,img_00000143__fgsm__efficientnet_b0,attacks/adversarial/fgsm/efficientnet_b0/fold_4/weapon/img_00000143__fgsm__efficientnet_b0.png,,,,,,
efficientnet_b0_chapter5_core_candidates_per_bucket_500_manual_per_bucket_3_target_predicted_label_chapter5_separate_assets_final,2026-05-23T08:10:49+00:00,efficientnet_b0__fold_1__adversarial_high_conf_failure__fgsm__img_00013610_fgsm_efficientnet_b0,false,,,,,,case_bucket,adversarial_high_conf_failure,3,,adversarial_high_conf_failure,Adversarial transformation caused a high-confidence failure.,P1_weapon_to_non_weapon,efficientnet_b0,fold_1,perturbed,adversarial,fgsm,weapon,non_weapon,0.9421735405921936,False,True,img_00013610,img_00013610__fgsm__efficientnet_b0,img_00013610__fgsm__efficientnet_b0,attacks/adversarial/fgsm/efficientnet_b0/fold_1/weapon/img_00013610__fgsm__efficientnet_b0.png,,,,,,
efficientnet_b0_chapter5_core_candidates_per_bucket_500_manual_per_bucket_3_target_predicted_label_chapter5_separate_assets_final,2026-05-23T08:10:49+00:00,efficientnet_b0__fold_2__adversarial_high_conf_failure__fgsm__img_00013621_fgsm_efficientnet_b0,false,,,,,,case_bucket,adversarial_high_conf_failure,3,,adversarial_high_conf_failure,Adversarial transformation caused a high-confidence failure.,P1_weapon_to_non_weapon,efficientnet_b0,fold_2,perturbed,adversarial,fgsm,weapon,non_weapon,0.9421589970588684,False,True,img_00013621,img_00013621__fgsm__efficientnet_b0,img_00013621__fgsm__efficientnet_b0,attacks/adversarial/fgsm/efficientnet_b0/fold_2/weapon/img_00013621__fgsm__efficientnet_b0.png,,,,,,
efficientnet_b0_chapter5_core_candidates_per_bucket_500_manual_per_bucket_3_target_predicted_label_chapter5_separate_assets_final,2026-05-23T08:10:49+00:00,efficientnet_b0__fold_1__adversarial_high_conf_failure__sigma_zero__img_00014632_sigma_zero_efficientnet_b0,false,,,,,,case_bucket,adversarial_high_conf_failure,3,,adversarial_high_conf_failure,Adversarial transformation caused a high-confidence failure.,P2_non_weapon_to_weapon,efficientnet_b0,fold_1,perturbed,adversarial,sigma_zero,non_weapon,weapon,0.9419507384300232,False,True,img_00014632,img_00014632__sigma_zero__efficientnet_b0,img_00014632__sigma_zero__efficientnet_b0,attacks/adversarial/sigma_zero/efficientnet_b0/fold_1/non_weapon/img_00014632__sigma_zero__efficientnet_b0.png,,,,,,
efficientnet_b0_chapter5_core_candidates_per_bucket_500_manual_per_bucket_3_target_predicted_label_chapter5_separate_assets_final,2026-05-23T08:10:49+00:00,efficientnet_b0__fold_3__adversarial_high_conf_failure__sigma_zero__img_00009539_sigma_zero_efficientnet_b0,false,,,,,,case_bucket,adversarial_high_conf_failure,3,,adversarial_high_conf_failure,Adversarial transformation caused a high-confidence failure.,P1_weapon_to_non_weapon,efficientnet_b0,fold_3,perturbed,adversarial,sigma_zero,weapon,non_weapon,0.9403377175331116,False,True,img_00009539,img_00009539__sigma_zero__efficientnet_b0,img_00009539__sigma_zero__efficientnet_b0,attacks/adversarial/sigma_zero/efficientnet_b0/fold_3/weapon/img_00009539__sigma_zero__efficientnet_b0.png,,,,,,
efficientnet_b0_chapter5_core_candidates_per_bucket_500_manual_per_bucket_3_target_predicted_label_chapter5_separate_assets_final,2026-05-23T08:10:49+00:00,efficientnet_b0__fold_1__adversarial_high_conf_failure__fgsm__img_00015218_fgsm_efficientnet_b0,false,,,,,,case_bucket,adversarial_high_conf_failure,3,,adversarial_high_conf_failure,Adversarial transformation caused a high-confidence failure.,P2_non_weapon_to_weapon,efficientnet_b0,fold_1,perturbed,adversarial,fgsm,non_weapon,weapon,0.9398284554481506,False,True,img_00015218,img_00015218__fgsm__efficientnet_b0,img_00015218__fgsm__efficientnet_b0,attacks/adversarial/fgsm/efficientnet_b0/fold_1/non_weapon/img_00015218__fgsm__efficientnet_b0.png,,,,,,
efficientnet_b0_chapter5_core_candidates_per_bucket_500_manual_per_bucket_3_target_predicted_label_chapter5_separate_assets_final,2026-05-23T08:10:49+00:00,efficientnet_b0__fold_1__adversarial_high_conf_failure__fgsm__img_00014448_fgsm_efficientnet_b0,false,,,,,,case_bucket,adversarial_high_conf_failure,3,,adversarial_high_conf_failure,Adversarial transformation caused a high-confidence failure.,P1_weapon_to_non_weapon,efficientnet_b0,fold_1,perturbed,adversarial,fgsm,weapon,non_weapon,0.9391799569129944,False,True,img_00014448,img_00014448__fgsm__efficientnet_b0,img_00014448__fgsm__efficientnet_b0,attacks/adversarial/fgsm/efficientnet_b0/fold_1/weapon/img_00014448__fgsm__efficientnet_b0.png,,,,,,
efficientnet_b0_chapter5_core_candidates_per_bucket_500_manual_per_bucket_3_target_predicted_label_chapter5_separate_assets_final,2026-05-23T08:10:49+00:00,efficientnet_b0__fold_3__adversarial_high_conf_failure__fgsm__img_00000223_fgsm_efficientnet_b0,false,,,,,,case_bucket,adversarial_high_conf_failure,3,,adversarial_high_conf_failure,Adversarial transformation caused a high-confidence failure.,P1_weapon_to_non_weapon,efficientnet_b0,fold_3,perturbed,adversarial,fgsm,weapon,non_weapon,0.937868356704712,False,True,img_00000223,img_00000223__fgsm__efficientnet_b0,img_00000223__fgsm__efficientnet_b0,attacks/adversarial/fgsm/efficientnet_b0/fold_3/weapon/img_00000223__fgsm__efficientnet_b0.png,,,,,,
efficientnet_b0_chapter5_core_candidates_per_bucket_500_manual_per_bucket_3_target_predicted_label_chapter5_separate_assets_final,2026-05-23T08:10:49+00:00,efficientnet_b0__fold_5__adversarial_high_conf_failure__sigma_zero__img_00015040_sigma_zero_efficientnet_b0,false,,,,,,case_bucket,adversarial_high_conf_failure,3,,adversarial_high_conf_failure,Adversarial transformation caused a high-confidence failure.,P2_non_weapon_to_weapon,efficientnet_b0,fold_5,perturbed,adversarial,sigma_zero,non_weapon,weapon,0.9368150234222412,False,True,img_00015040,img_00015040__sigma_zero__efficientnet_b0,img_00015040__sigma_zero__efficientnet_b0,attacks/adversarial/sigma_zero/efficientnet_b0/fold_5/non_weapon/img_00015040__sigma_zero__efficientnet_b0.png,,,,,,
efficientnet_b0_chapter5_core_candidates_per_bucket_500_manual_per_bucket_3_target_predicted_label_chapter5_separate_assets_final,2026-05-23T08:10:49+00:00,efficientnet_b0__fold_4__adversarial_high_conf_failure__fgsm__img_00000218_fgsm_efficientnet_b0,false,,,,,,case_bucket,adversarial_high_conf_failure,3,,adversarial_high_conf_failure,Adversarial transformation caused a high-confidence failure.,P1_weapon_to_non_weapon,efficientnet_b0,fold_4,perturbed,adversarial,fgsm,weapon,non_weapon,0.9364526271820068,False,True,img_00000218,img_00000218__fgsm__efficientnet_b0,img_00000218__fgsm__efficientnet_b0,attacks/adversarial/fgsm/efficientnet_b0/fold_4/weapon/img_00000218__fgsm__efficientnet_b0.png,,,,,,
efficientnet_b0_chapter5_core_candidates_per_bucket_500_manual_per_bucket_3_target_predicted_label_chapter5_separate_assets_final,2026-05-23T08:10:49+00:00,efficientnet_b0__fold_5__adversarial_high_conf_failure__fgsm__img_00000137_fgsm_efficientnet_b0,false,,,,,,case_bucket,adversarial_high_conf_failure,3,,adversarial_high_conf_failure,Adversarial transformation caused a high-confidence failure.,P1_weapon_to_non_weapon,efficientnet_b0,fold_5,perturbed,adversarial,fgsm,weapon,non_weapon,0.9363847970962524,False,True,img_00000137,img_00000137__fgsm__efficientnet_b0,img_00000137__fgsm__efficientnet_b0,attacks/adversarial/fgsm/efficientnet_b0/fold_5/weapon/img_00000137__fgsm__efficientnet_b0.png,,,,,,
